split,file,token_count,semantic_token_count,unknown_semantic_token_count,class_count_nonzero,window_size,window_count,text_element_count,viewbox_min_x,viewbox_min_y,viewbox_width,viewbox_height,tag_circle,tag_ellipse,tag_line,tag_path,tag_polygon,tag_polyline,tag_rect
train,0000-0002.svg,2007,1574,0,12,2048,1,0,0.0,0.0,140.0,140.0,44,24,0,1939,0,0,0
train,0000-0003.svg,1888,1305,0,11,2048,1,0,0.0,0.0,140.0,140.0,38,20,0,1830,0,0,0
train,0000-0011.svg,141,27,0,3,2048,1,0,0.0,0.0,140.0,140.0,1,0,0,140,0,0,0
train,0000-0016.svg,226,144,0,3,2048,1,0,0.0,0.0,140.0,140.0,0,0,0,226,0,0,0
train,0000-0023.svg,249,40,0,3,2048,1,0,0.0,0.0,140.0,140.0,1,0,0,248,0,0,0
train,0000-0032.svg,24,9,0,2,2048,1,0,0.0,0.0,140.0,140.0,1,0,0,23,0,0,0
train,0000-0051.svg,406,208,0,5,2048,1,0,0.0,0.0,140.0,140.0,3,0,0,403,0,0,0
train,0000-0058.svg,28,8,0,2,2048,1,0,0.0,0.0,140.0,140.0,2,0,0,26,0,0,0
train,0001-0002.svg,4383,2362,0,11,2048,3,0,0.0,0.0,140.0,140.0,128,15,0,4240,0,0,0
train,0001-0004.svg,1918,1517,0,13,2048,1,0,0.0,0.0,140.0,140.0,25,4,0,1889,0,0,0
train,0001-0040.svg,10303,3689,0,20,2048,6,0,0.0,0.0,140.0,140.0,77,1,0,10225,0,0,0
train,0001-0056.svg,6145,2407,0,13,2048,4,0,0.0,0.0,140.0,140.0,52,0,0,6093,0,0,0
train,0001-0087.svg,6600,2201,0,18,2048,4,0,0.0,0.0,140.0,140.0,49,1,0,6550,0,0,0
train,0002-0003.svg,1913,1090,0,10,2048,1,0,0.0,0.0,140.0,140.0,40,20,0,1853,0,0,0
train,0002-0005.svg,1764,1160,0,10,2048,1,0,0.0,0.0,140.0,140.0,41,16,0,1707,0,0,0
train,0003-0000.svg,1304,1053,0,10,2048,1,0,0.0,0.0,140.0,140.0,0,0,0,1304,0,0,0
train,0003-0004.svg,1857,1512,0,10,2048,1,0,0.0,0.0,140.0,140.0,28,0,0,1829,0,0,0
train,0003-0008.svg,1839,1687,0,6,2048,1,0,0.0,0.0,140.0,140.0,0,0,0,1839,0,0,0
train,0003-0013.svg,931,425,0,10,2048,1,0,0.0,0.0,140.0,140.0,27,0,0,904,0,0,0
train,0003-0021.svg,285,62,0,2,2048,1,0,0.0,0.0,140.0,140.0,2,0,0,283,0,0,0
train,0003-0023.svg,44,0,0,0,2048,1,0,0.0,0.0,140.0,140.0,4,0,0,40,0,0,0
train,0003-0028.svg,418,198,0,5,2048,1,0,0.0,0.0,140.0,140.0,3,0,0,415,0,0,0
train,0003-0039.svg,400,91,0,2,2048,1,0,0.0,0.0,140.0,140.0,2,0,0,398,0,0,0
train,0003-0040.svg,421,113,0,6,2048,1,0,0.0,0.0,140.0,140.0,5,0,0,416,0,0,0
train,0003-0043.svg,1057,486,0,11,2048,1,0,0.0,0.0,140.0,140.0,35,0,0,1022,0,0,0
train,0003-0044.svg,523,211,0,7,2048,1,0,0.0,0.0,140.0,140.0,23,0,0,500,0,0,0
train,0003-0045.svg,216,62,0,5,2048,1,0,0.0,0.0,140.0,140.0,5,0,0,211,0,0,0
train,0004-0004.svg,1372,952,0,13,2048,1,0,0.0,0.0,140.0,140.0,36,6,0,1330,0,0,0
train,0004-0014.svg,926,578,0,9,2048,1,0,0.0,0.0,140.0,140.0,18,0,0,908,0,0,0
train,0005-0004.svg,1214,736,0,13,2048,1,0,0.0,0.0,140.0,140.0,47,0,0,1167,0,0,0
train,0006-0000.svg,303,54,0,3,2048,1,0,0.0,0.0,140.0,140.0,3,0,0,300,0,0,0
train,0006-0008.svg,367,56,0,3,2048,1,0,0.0,0.0,140.0,140.0,4,0,0,363,0,0,0
train,0006-0013.svg,253,83,0,5,2048,1,0,0.0,0.0,140.0,140.0,0,0,0,253,0,0,0
train,0006-0018.svg,936,637,0,6,2048,1,0,0.0,0.0,140.0,140.0,0,12,0,924,0,0,0
train,0006-0020.svg,1056,979,0,4,2048,1,0,0.0,0.0,140.0,140.0,18,0,0,1038,0,0,0
train,0006-0032.svg,263,208,0,4,2048,1,0,0.0,0.0,140.0,140.0,3,0,0,260,0,0,0
train,0006-0033.svg,197,159,0,3,2048,1,0,0.0,0.0,140.0,140.0,2,0,0,195,0,0,0
train,0006-0034.svg,333,192,0,4,2048,1,0,0.0,0.0,140.0,140.0,0,0,0,333,0,0,0
train,0006-0038.svg,890,168,0,4,2048,1,0,0.0,0.0,140.0,140.0,4,0,0,886,0,0,0
train,0006-0039.svg,432,320,0,6,2048,1,0,0.0,0.0,140.0,140.0,1,0,0,431,0,0,0
train,0006-0043.svg,1365,256,0,5,2048,1,0,0.0,0.0,140.0,140.0,1,0,0,1364,0,0,0
train,0006-0053.svg,588,288,0,6,2048,1,0,0.0,0.0,140.0,140.0,2,0,0,586,0,0,0
train,0006-0063.svg,166,87,0,3,2048,1,0,0.0,0.0,140.0,140.0,0,0,0,166,0,0,0
train,0007-0004.svg,611,201,0,6,2048,1,0,0.0,0.0,140.0,140.0,3,0,0,608,0,0,0
train,0007-0008.svg,669,322,0,6,2048,1,0,0.0,0.0,140.0,140.0,12,0,0,657,0,0,0
train,0007-0009.svg,859,444,0,9,2048,1,0,0.0,0.0,140.0,140.0,2,0,0,857,0,0,0
train,0007-0024.svg,519,153,0,3,2048,1,0,0.0,0.0,140.0,140.0,7,0,0,512,0,0,0
train,0007-0030.svg,451,74,0,2,2048,1,0,0.0,0.0,140.0,140.0,6,0,0,445,0,0,0
train,0007-0031.svg,1029,484,0,8,2048,1,0,0.0,0.0,140.0,140.0,0,0,0,1029,0,0,0
train,0007-0032.svg,427,102,0,4,2048,1,0,0.0,0.0,140.0,140.0,5,0,0,422,0,0,0
train,0007-0033.svg,281,77,0,2,2048,1,0,0.0,0.0,140.0,140.0,0,0,0,281,0,0,0
train,0007-0045.svg,539,381,0,7,2048,1,0,0.0,0.0,140.0,140.0,0,0,0,539,0,0,0
train,0008-0003.svg,661,225,0,8,2048,1,0,0.0,0.0,140.0,140.0,6,0,0,655,0,0,0
train,0008-0009.svg,781,415,0,8,2048,1,0,0.0,0.0,140.0,140.0,1,0,0,780,0,0,0
train,0008-0012.svg,12342,2185,0,21,2048,7,0,0.0,0.0,140.0,140.0,91,2,0,12249,0,0,0
train,0008-0022.svg,11475,3831,0,21,2048,6,0,0.0,0.0,140.0,140.0,93,1,0,11381,0,0,0
train,0008-0024.svg,507,144,0,5,2048,1,0,0.0,0.0,140.0,140.0,8,0,0,499,0,0,0
train,0008-0032.svg,9548,5010,0,20,2048,5,0,0.0,0.0,140.0,140.0,84,4,0,9460,0,0,0
train,0008-0038.svg,382,170,0,6,2048,1,0,0.0,0.0,140.0,140.0,6,0,0,376,0,0,0
train,0008-0042.svg,11570,2997,0,22,2048,6,0,0.0,0.0,140.0,140.0,90,2,0,11478,0,0,0
train,0008-0052.svg,8693,3878,0,20,2048,5,0,0.0,0.0,140.0,140.0,64,2,0,8627,0,0,0
train,0009-0010.svg,651,254,0,4,2048,1,0,0.0,0.0,140.0,140.0,5,0,0,646,0,0,0
train,0009-0024.svg,521,91,0,3,2048,1,0,0.0,0.0,140.0,140.0,6,0,0,515,0,0,0
train,0009-0032.svg,445,102,0,4,2048,1,0,0.0,0.0,140.0,140.0,6,0,0,439,0,0,0
train,0009-0038.svg,448,91,0,4,2048,1,0,0.0,0.0,140.0,140.0,5,0,0,443,0,0,0
train,0010-0001.svg,455,175,0,7,2048,1,0,0.0,0.0,140.0,140.0,5,0,0,450,0,0,0
train,0010-0013.svg,518,321,0,6,2048,1,0,0.0,0.0,140.0,140.0,6,0,0,512,0,0,0
train,0010-0017.svg,710,400,0,6,2048,1,0,0.0,0.0,140.0,140.0,2,12,0,696,0,0,0
train,0010-0026.svg,665,599,0,4,2048,1,0,0.0,0.0,140.0,140.0,0,0,0,665,0,0,0
train,0010-0028.svg,512,322,0,6,2048,1,0,0.0,0.0,140.0,140.0,6,0,0,506,0,0,0
train,0010-0029.svg,156,17,0,3,2048,1,0,0.0,0.0,140.0,140.0,3,0,0,153,0,0,0
train,0010-0035.svg,648,308,0,4,2048,1,0,0.0,0.0,140.0,140.0,3,12,0,633,0,0,0
train,0010-0044.svg,849,412,0,9,2048,1,0,0.0,0.0,140.0,140.0,2,4,0,843,0,0,0
train,0010-0045.svg,708,373,0,7,2048,1,0,0.0,0.0,140.0,140.0,2,0,0,706,0,0,0
train,0010-0046.svg,427,123,0,5,2048,1,0,0.0,0.0,140.0,140.0,3,0,0,424,0,0,0
train,0010-0053.svg,571,280,0,5,2048,1,0,0.0,0.0,140.0,140.0,2,0,0,569,0,0,0
train,0010-0054.svg,306,42,0,5,2048,1,0,0.0,0.0,140.0,140.0,1,0,0,305,0,0,0
train,0011-0000.svg,286,52,0,2,2048,1,0,0.0,0.0,140.0,140.0,3,0,0,283,0,0,0
train,0011-0002.svg,456,271,0,6,2048,1,0,0.0,0.0,140.0,140.0,0,0,0,456,0,0,0
train,0011-0003.svg,392,144,0,7,2048,1,0,0.0,0.0,140.0,140.0,11,0,0,381,0,0,0
train,0011-0005.svg,497,174,0,4,2048,1,0,0.0,0.0,140.0,140.0,1,0,0,496,0,0,0
train,0011-0008.svg,324,99,0,4,2048,1,0,0.0,0.0,140.0,140.0,4,0,0,320,0,0,0
train,0011-0017.svg,875,399,0,7,2048,1,0,0.0,0.0,140.0,140.0,19,0,0,856,0,0,0
train,0011-0019.svg,100,9,0,2,2048,1,0,0.0,0.0,140.0,140.0,1,0,0,99,0,0,0
train,0011-0024.svg,166,59,0,3,2048,1,0,0.0,0.0,140.0,140.0,6,0,0,160,0,0,0
train,0011-0025.svg,181,49,0,3,2048,1,0,0.0,0.0,140.0,140.0,2,0,0,179,0,0,0
train,0011-0043.svg,2252,1715,0,11,2048,2,0,0.0,0.0,140.0,140.0,15,48,0,2189,0,0,0
train,0011-0044.svg,768,416,0,8,2048,1,0,0.0,0.0,140.0,140.0,0,4,0,764,0,0,0
train,0011-0053.svg,582,305,0,7,2048,1,0,0.0,0.0,140.0,140.0,2,0,0,580,0,0,0
train,0011-0055.svg,208,74,0,2,2048,1,0,0.0,0.0,140.0,140.0,2,0,0,206,0,0,0
train,0011-0063.svg,44,4,0,1,2048,1,0,0.0,0.0,140.0,140.0,10,0,0,34,0,0,0
train,0012-0004.svg,672,242,0,7,2048,1,0,0.0,0.0,140.0,140.0,5,0,0,667,0,0,0
train,0012-0007.svg,907,139,0,4,2048,1,0,0.0,0.0,140.0,140.0,15,0,0,892,0,0,0
train,0012-0010.svg,569,236,0,5,2048,1,0,0.0,0.0,140.0,140.0,3,0,0,566,0,0,0
train,0012-0021.svg,318,103,0,4,2048,1,0,0.0,0.0,140.0,140.0,17,0,0,301,0,0,0
train,0012-0022.svg,326,135,0,5,2048,1,0,0.0,0.0,140.0,140.0,8,0,0,318,0,0,0
train,0012-0030.svg,171,30,0,3,2048,1,0,0.0,0.0,140.0,140.0,12,0,0,159,0,0,0
train,0012-0031.svg,975,414,0,7,2048,1,0,0.0,0.0,140.0,140.0,6,0,0,969,0,0,0
train,0012-0037.svg,795,212,0,5,2048,1,0,0.0,0.0,140.0,140.0,9,0,0,786,0,0,0
train,0012-0038.svg,511,93,0,4,2048,1,0,0.0,0.0,140.0,140.0,7,0,0,504,0,0,0
train,0013-0001.svg,585,114,0,4,2048,1,0,0.0,0.0,140.0,140.0,6,0,0,579,0,0,0
train,0013-0005.svg,273,56,0,2,2048,1,0,0.0,0.0,140.0,140.0,6,0,0,267,0,0,0
train,0013-0007.svg,727,128,0,4,2048,1,0,0.0,0.0,140.0,140.0,8,0,0,719,0,0,0
train,0013-0009.svg,774,432,0,9,2048,1,0,0.0,0.0,140.0,140.0,4,0,0,770,0,0,0
train,0013-0013.svg,580,152,0,4,2048,1,0,0.0,0.0,140.0,140.0,6,0,0,574,0,0,0
train,0013-0024.svg,498,114,0,4,2048,1,0,0.0,0.0,140.0,140.0,9,0,0,489,0,0,0
train,0013-0031.svg,1013,604,0,7,2048,1,0,0.0,0.0,140.0,140.0,5,0,0,1008,0,0,0
train,0013-0037.svg,197,15,0,2,2048,1,0,0.0,0.0,140.0,140.0,0,0,0,197,0,0,0
train,0014-0005.svg,342,30,0,4,2048,1,0,0.0,0.0,140.0,140.0,1,0,0,341,0,0,0
train,0014-0010.svg,438,231,0,3,2048,1,0,0.0,0.0,140.0,140.0,0,0,0,438,0,0,0
train,0014-0016.svg,215,41,0,4,2048,1,0,0.0,0.0,140.0,140.0,2,0,0,213,0,0,0
train,0014-0017.svg,262,57,0,4,2048,1,0,0.0,0.0,140.0,140.0,3,0,0,259,0,0,0
train,0014-0022.svg,11460,4279,0,23,2048,6,0,0.0,0.0,140.0,140.0,93,1,0,11366,0,0,0
train,0014-0025.svg,518,267,0,5,2048,1,0,0.0,0.0,140.0,140.0,0,0,0,518,0,0,0
train,0014-0026.svg,224,71,0,5,2048,1,0,0.0,0.0,140.0,140.0,0,0,0,224,0,0,0
train,0014-0031.svg,858,395,0,6,2048,1,0,0.0,0.0,140.0,140.0,0,0,0,858,0,0,0
train,0015-0001.svg,675,129,0,4,2048,1,0,0.0,0.0,140.0,140.0,5,0,0,670,0,0,0
train,0015-0010.svg,569,231,0,5,2048,1,0,0.0,0.0,140.0,140.0,3,0,0,566,0,0,0
train,0015-0031.svg,972,560,0,7,2048,1,0,0.0,0.0,140.0,140.0,6,0,0,966,0,0,0
train,0015-0036.svg,511,112,0,5,2048,1,0,0.0,0.0,140.0,140.0,5,0,0,506,0,0,0
train,0016-0004.svg,503,177,0,4,2048,1,0,0.0,0.0,140.0,140.0,0,0,0,503,0,0,0
train,0016-0008.svg,446,206,0,5,2048,1,0,0.0,0.0,140.0,140.0,5,0,0,441,0,0,0
train,0016-0009.svg,711,400,0,7,2048,1,0,0.0,0.0,140.0,140.0,0,0,0,711,0,0,0
train,0016-0013.svg,506,138,0,3,2048,1,0,0.0,0.0,140.0,140.0,0,0,0,506,0,0,0
train,0016-0036.svg,355,52,0,3,2048,1,0,0.0,0.0,140.0,140.0,3,0,0,352,0,0,0
train,0016-0037.svg,581,353,0,4,2048,1,0,0.0,0.0,140.0,140.0,0,0,0,581,0,0,0
train,0016-0038.svg,302,62,0,3,2048,1,0,0.0,0.0,140.0,140.0,0,0,0,302,0,0,0
train,0016-0058.svg,164,76,0,4,2048,1,0,0.0,0.0,140.0,140.0,2,0,0,162,0,0,0
train,0017-0007.svg,1192,646,0,14,2048,1,0,0.0,0.0,140.0,140.0,36,0,0,1156,0,0,0
train,0017-0011.svg,1513,929,0,14,2048,1,0,0.0,0.0,140.0,140.0,28,0,0,1485,0,0,0
train,0018-0005.svg,490,135,0,6,2048,1,0,0.0,0.0,140.0,140.0,1,0,0,489,0,0,0
train,0018-0013.svg,817,599,0,6,2048,1,0,0.0,0.0,140.0,140.0,1,0,0,816,0,0,0
train,0018-0016.svg,3383,3191,0,6,2048,2,0,0.0,0.0,140.0,140.0,0,0,0,3383,0,0,0
train,0018-0021.svg,914,12,0,1,2048,1,0,0.0,0.0,140.0,140.0,15,0,0,899,0,0,0
train,0018-0026.svg,890,634,0,9,2048,1,0,0.0,0.0,140.0,140.0,4,12,0,874,0,0,0
train,0018-0029.svg,1057,778,0,3,2048,1,0,0.0,0.0,140.0,140.0,19,0,0,1038,0,0,0
train,0018-0031.svg,933,572,0,10,2048,1,0,0.0,0.0,140.0,140.0,10,0,0,923,0,0,0
train,0018-0036.svg,719,374,0,7,2048,1,0,0.0,0.0,140.0,140.0,2,12,0,705,0,0,0
train,0018-0037.svg,254,34,0,3,2048,1,0,0.0,0.0,140.0,140.0,1,0,0,253,0,0,0
train,0018-0045.svg,691,284,0,5,2048,1,0,0.0,0.0,140.0,140.0,0,0,0,691,0,0,0
train,0019-0001.svg,614,155,0,5,2048,1,0,0.0,0.0,140.0,140.0,11,0,0,603,0,0,0
train,0019-0004.svg,584,173,0,4,2048,1,0,0.0,0.0,140.0,140.0,7,0,0,577,0,0,0
train,0019-0017.svg,988,885,0,5,2048,1,0,0.0,0.0,140.0,140.0,3,0,0,985,0,0,0
train,0019-0022.svg,941,364,0,6,2048,1,0,0.0,0.0,140.0,140.0,34,0,0,907,0,0,0
train,0019-0024.svg,543,109,0,4,2048,1,0,0.0,0.0,140.0,140.0,14,0,0,529,0,0,0
train,0019-0027.svg,534,293,0,6,2048,1,0,0.0,0.0,140.0,140.0,6,0,0,528,0,0,0
train,0019-0032.svg,437,122,0,4,2048,1,0,0.0,0.0,140.0,140.0,10,0,0,427,0,0,0
train,0020-0001.svg,675,197,0,3,2048,1,0,0.0,0.0,140.0,140.0,5,0,0,670,0,0,0
train,0020-0003.svg,378,73,0,3,2048,1,0,0.0,0.0,140.0,140.0,9,0,0,369,0,0,0
train,0020-0007.svg,816,165,0,6,2048,1,0,0.0,0.0,140.0,140.0,48,0,0,768,0,0,0
train,0020-0009.svg,694,384,0,8,2048,1,0,0.0,0.0,140.0,140.0,4,0,0,690,0,0,0
train,0020-0010.svg,567,230,0,5,2048,1,0,0.0,0.0,140.0,140.0,3,0,0,564,0,0,0
train,0020-0012.svg,1040,120,0,3,2048,1,0,0.0,0.0,140.0,140.0,80,0,0,960,0,0,0
train,0020-0013.svg,915,384,0,8,2048,1,0,0.0,0.0,140.0,140.0,35,0,0,880,0,0,0
train,0020-0019.svg,714,204,0,5,2048,1,0,0.0,0.0,140.0,140.0,4,0,0,710,0,0,0
train,0020-0022.svg,764,142,0,5,2048,1,0,0.0,0.0,140.0,140.0,46,0,0,718,0,0,0
train,0020-0025.svg,856,386,0,6,2048,1,0,0.0,0.0,140.0,140.0,4,0,0,852,0,0,0
train,0020-0028.svg,404,214,0,5,2048,1,0,0.0,0.0,140.0,140.0,3,0,0,401,0,0,0
train,0020-0030.svg,475,94,0,4,2048,1,0,0.0,0.0,140.0,140.0,7,0,0,468,0,0,0
train,0020-0031.svg,972,426,0,7,2048,1,0,0.0,0.0,140.0,140.0,6,0,0,966,0,0,0
train,0021-0004.svg,423,237,0,8,2048,1,0,0.0,0.0,140.0,140.0,7,0,0,416,0,0,0
train,0021-0007.svg,971,335,0,3,2048,1,0,0.0,0.0,140.0,140.0,15,0,0,956,0,0,0
train,0021-0008.svg,762,69,0,3,2048,1,0,0.0,0.0,140.0,140.0,15,0,0,747,0,0,0
train,0021-0010.svg,202,105,0,4,2048,1,0,0.0,0.0,140.0,140.0,2,0,0,200,0,0,0
train,0021-0015.svg,303,70,0,5,2048,1,0,0.0,0.0,140.0,140.0,8,0,0,295,0,0,0
train,0021-0020.svg,457,111,0,5,2048,1,0,0.0,0.0,140.0,140.0,9,0,0,448,0,0,0
train,0021-0025.svg,896,383,0,5,2048,1,0,0.0,0.0,140.0,140.0,17,0,0,879,0,0,0
train,0021-0031.svg,975,414,0,7,2048,1,0,0.0,0.0,140.0,140.0,6,0,0,969,0,0,0
train,0022-0001.svg,439,180,0,6,2048,1,0,0.0,0.0,140.0,140.0,0,0,0,439,0,0,0
train,0022-0004.svg,2015,908,0,10,2048,1,0,0.0,0.0,140.0,140.0,14,12,0,1989,0,0,0
train,0022-0005.svg,247,20,0,1,2048,1,0,0.0,0.0,140.0,140.0,2,0,0,245,0,0,0
train,0022-0009.svg,233,13,0,1,2048,1,0,0.0,0.0,140.0,140.0,0,0,0,233,0,0,0
train,0022-0010.svg,826,363,0,8,2048,1,0,0.0,0.0,140.0,140.0,4,6,0,816,0,0,0
train,0022-0017.svg,744,525,0,5,2048,1,0,0.0,0.0,140.0,140.0,1,12,0,731,0,0,0
train,0022-0022.svg,108,5,0,1,2048,1,0,0.0,0.0,140.0,140.0,2,0,0,106,0,0,0
train,0022-0053.svg,595,283,0,5,2048,1,0,0.0,0.0,140.0,140.0,2,0,0,593,0,0,0
train,0023-0003.svg,225,122,0,7,2048,1,0,0.0,0.0,140.0,140.0,6,0,0,219,0,0,0
train,0023-0004.svg,588,185,0,6,2048,1,0,0.0,0.0,140.0,140.0,5,0,0,583,0,0,0
train,0023-0007.svg,756,127,0,4,2048,1,0,0.0,0.0,140.0,140.0,6,0,0,750,0,0,0
train,0023-0013.svg,590,112,0,2,2048,1,0,0.0,0.0,140.0,140.0,4,0,0,586,0,0,0
train,0023-0024.svg,508,111,0,4,2048,1,0,0.0,0.0,140.0,140.0,6,0,0,502,0,0,0
train,0023-0031.svg,980,432,0,7,2048,1,0,0.0,0.0,140.0,140.0,6,0,0,974,0,0,0
train,0024-0001.svg,477,318,0,8,2048,1,0,0.0,0.0,140.0,140.0,24,1,0,452,0,0,0
train,0024-0005.svg,281,41,0,3,2048,1,0,0.0,0.0,140.0,140.0,6,0,0,275,0,0,0
train,0024-0008.svg,628,217,0,4,2048,1,0,0.0,0.0,140.0,140.0,13,0,0,615,0,0,0
train,0024-0009.svg,767,334,0,7,2048,1,0,0.0,0.0,140.0,140.0,5,0,0,762,0,0,0
train,0024-0012.svg,430,265,0,6,2048,1,0,0.0,0.0,140.0,140.0,40,8,0,382,0,0,0
train,0024-0016.svg,323,55,0,5,2048,1,0,0.0,0.0,140.0,140.0,4,0,0,319,0,0,0
train,0024-0024.svg,549,114,0,4,2048,1,0,0.0,0.0,140.0,140.0,12,0,0,537,0,0,0
train,0024-0025.svg,834,362,0,6,2048,1,0,0.0,0.0,140.0,140.0,6,0,0,828,0,0,0
train,0024-0031.svg,982,574,0,7,2048,1,0,0.0,0.0,140.0,140.0,6,0,0,976,0,0,0
train,0024-0032.svg,390,231,0,6,2048,1,0,0.0,0.0,140.0,140.0,42,8,0,340,0,0,0
train,0024-0036.svg,801,503,0,9,2048,1,0,0.0,0.0,140.0,140.0,31,2,0,768,0,0,0
train,0024-0037.svg,436,222,0,6,2048,1,0,0.0,0.0,140.0,140.0,15,2,0,419,0,0,0
train,0025-0001.svg,570,221,0,8,2048,1,0,0.0,0.0,140.0,140.0,0,0,0,570,0,0,0
train,0025-0002.svg,501,174,0,6,2048,1,0,0.0,0.0,140.0,140.0,2,0,0,499,0,0,0
train,0025-0010.svg,227,29,0,1,2048,1,0,0.0,0.0,140.0,140.0,7,0,0,220,0,0,0
train,0025-0023.svg,640,138,0,6,2048,1,0,0.0,0.0,140.0,140.0,8,0,0,632,0,0,0
train,0025-0026.svg,1001,607,0,11,2048,1,0,0.0,0.0,140.0,140.0,8,12,0,981,0,0,0
train,0025-0028.svg,184,6,0,1,2048,1,0,0.0,0.0,140.0,140.0,6,0,0,178,0,0,0
train,0025-0035.svg,497,95,0,3,2048,1,0,0.0,0.0,140.0,140.0,1,0,0,496,0,0,0
train,0025-0037.svg,720,88,0,6,2048,1,0,0.0,0.0,140.0,140.0,1,0,0,719,0,0,0
train,0025-0039.svg,163,19,0,2,2048,1,0,0.0,0.0,140.0,140.0,3,0,0,160,0,0,0
train,0025-0040.svg,217,77,0,3,2048,1,0,0.0,0.0,140.0,140.0,1,0,0,216,0,0,0
train,0025-0043.svg,1391,948,0,12,2048,1,0,0.0,0.0,140.0,140.0,8,24,0,1359,0,0,0
train,0025-0044.svg,771,398,0,9,2048,1,0,0.0,0.0,140.0,140.0,2,0,0,769,0,0,0
train,0025-0045.svg,1408,798,0,8,2048,1,0,0.0,0.0,140.0,140.0,0,0,0,1408,0,0,0
train,0025-0055.svg,424,39,0,2,2048,1,0,0.0,0.0,140.0,140.0,5,0,0,419,0,0,0
train,0026-0002.svg,666,249,0,4,2048,1,0,0.0,0.0,140.0,140.0,1,0,0,665,0,0,0
train,0026-0014.svg,625,136,0,5,2048,1,0,0.0,0.0,140.0,140.0,3,0,0,622,0,0,0
train,0026-0016.svg,278,42,0,3,2048,1,0,0.0,0.0,140.0,140.0,1,0,0,277,0,0,0
train,0026-0020.svg,465,136,0,3,2048,1,0,0.0,0.0,140.0,140.0,0,0,0,465,0,0,0
train,0026-0025.svg,938,472,0,6,2048,1,0,0.0,0.0,140.0,140.0,0,0,0,938,0,0,0
train,0026-0030.svg,251,42,0,3,2048,1,0,0.0,0.0,140.0,140.0,3,0,0,248,0,0,0
train,0026-0043.svg,1207,586,0,12,2048,1,0,0.0,0.0,140.0,140.0,48,0,0,1159,0,0,0
train,0026-0044.svg,644,203,0,5,2048,1,0,0.0,0.0,140.0,140.0,14,0,0,630,0,0,0
train,0026-0046.svg,650,337,0,8,2048,1,0,0.0,0.0,140.0,140.0,4,0,0,646,0,0,0
train,0027-0004.svg,555,249,0,7,2048,1,0,0.0,0.0,140.0,140.0,6,0,0,549,0,0,0
train,0027-0008.svg,133,75,0,5,2048,1,0,0.0,0.0,140.0,140.0,0,0,0,133,0,0,0
train,0027-0010.svg,160,98,0,6,2048,1,0,0.0,0.0,140.0,140.0,3,0,0,157,0,0,0
train,0027-0012.svg,219,58,0,3,2048,1,0,0.0,0.0,140.0,140.0,3,0,0,216,0,0,0
train,0027-0014.svg,926,567,0,10,2048,1,0,0.0,0.0,140.0,140.0,18,0,0,908,0,0,0
train,0027-0039.svg,139,109,0,5,2048,1,0,0.0,0.0,140.0,140.0,0,0,0,139,0,0,0
train,0027-0044.svg,226,137,0,6,2048,1,0,0.0,0.0,140.0,140.0,0,0,0,226,0,0,0
train,0027-0047.svg,35,8,0,1,2048,1,0,0.0,0.0,140.0,140.0,0,0,0,35,0,0,0
train,0027-0052.svg,108,44,0,2,2048,1,0,0.0,0.0,140.0,140.0,0,0,0,108,0,0,0
train,0027-0061.svg,34,16,0,2,2048,1,0,0.0,0.0,140.0,140.0,0,0,0,34,0,0,0
train,0027-0064.svg,130,64,0,3,2048,1,0,0.0,0.0,140.0,140.0,2,0,0,128,0,0,0
train,0027-0071.svg,641,391,0,7,2048,1,0,0.0,0.0,140.0,140.0,18,0,0,623,0,0,0
train,0027-0072.svg,811,688,0,8,2048,1,0,0.0,0.0,140.0,140.0,4,0,0,807,0,0,0
train,0027-0073.svg,398,329,0,4,2048,1,0,0.0,0.0,140.0,140.0,0,0,0,398,0,0,0
train,0027-0078.svg,202,35,0,3,2048,1,0,0.0,0.0,140.0,140.0,0,0,0,202,0,0,0
train,0027-0085.svg,219,21,0,2,2048,1,0,0.0,0.0,140.0,140.0,1,0,0,218,0,0,0
train,0028-0002.svg,248,51,0,5,2048,1,0,0.0,0.0,140.0,140.0,1,0,0,247,0,0,0
train,0028-0004.svg,572,281,0,6,2048,1,0,0.0,0.0,140.0,140.0,15,0,0,557,0,0,0
train,0028-0006.svg,2089,1595,0,16,2048,2,0,0.0,0.0,140.0,140.0,35,2,0,2052,0,0,0
train,0028-0007.svg,252,17,0,2,2048,1,0,0.0,0.0,140.0,140.0,2,0,0,250,0,0,0
train,0028-0013.svg,2885,2579,0,19,2048,2,0,0.0,0.0,140.0,140.0,36,2,0,2847,0,0,0
train,0029-0002.svg,211,27,0,3,2048,1,0,0.0,0.0,140.0,140.0,0,0,0,211,0,0,0
train,0029-0004.svg,544,273,0,6,2048,1,0,0.0,0.0,140.0,140.0,15,0,0,529,0,0,0
train,0029-0005.svg,543,432,0,7,2048,1,0,0.0,0.0,140.0,140.0,4,0,0,539,0,0,0
train,0029-0009.svg,849,708,0,7,2048,1,0,0.0,0.0,140.0,140.0,0,0,0,849,0,0,0
train,0029-0010.svg,588,514,0,6,2048,1,0,0.0,0.0,140.0,140.0,0,0,0,588,0,0,0
train,0029-0018.svg,184,4,0,1,2048,1,0,0.0,0.0,140.0,140.0,0,0,0,184,0,0,0
train,0029-0052.svg,731,657,0,4,2048,1,0,0.0,0.0,140.0,140.0,0,0,0,731,0,0,0
train,0029-0105.svg,708,638,0,5,2048,1,0,0.0,0.0,140.0,140.0,0,0,0,708,0,0,0
train,0029-0124.svg,1219,1182,0,1,2048,1,0,0.0,0.0,140.0,140.0,0,0,0,1219,0,0,0
train,0029-0126.svg,1604,1517,0,2,2048,1,0,0.0,0.0,140.0,140.0,0,0,0,1604,0,0,0
train,0029-0144.svg,1829,1794,0,1,2048,1,0,0.0,0.0,140.0,140.0,0,0,0,1829,0,0,0
train,0029-0145.svg,1535,1465,0,2,2048,1,0,0.0,0.0,140.0,140.0,0,0,0,1535,0,0,0
train,0029-0147.svg,2038,1991,0,2,2048,1,0,0.0,0.0,140.0,140.0,0,0,0,2038,0,0,0
train,0029-0149.svg,1442,1113,0,2,2048,1,0,0.0,0.0,140.0,140.0,5,0,0,1437,0,0,0
train,0029-0164.svg,1776,1694,0,2,2048,1,0,0.0,0.0,140.0,140.0,0,0,0,1776,0,0,0
train,0029-0167.svg,1348,985,0,2,2048,1,0,0.0,0.0,140.0,140.0,5,0,0,1343,0,0,0
train,0029-0187.svg,1242,944,0,1,2048,1,0,0.0,0.0,140.0,140.0,4,0,0,1238,0,0,0
train,0029-0199.svg,1059,837,0,3,2048,1,0,0.0,0.0,140.0,140.0,9,0,0,1050,0,0,0
train,0029-0204.svg,1180,1106,0,2,2048,1,0,0.0,0.0,140.0,140.0,4,0,0,1176,0,0,0
train,0029-0206.svg,1242,1010,0,2,2048,1,0,0.0,0.0,140.0,140.0,3,0,0,1239,0,0,0
train,0029-0259.svg,1548,1462,0,2,2048,1,0,0.0,0.0,140.0,140.0,0,0,0,1548,0,0,0
train,0029-0298.svg,438,339,0,6,2048,1,0,0.0,0.0,140.0,140.0,0,0,0,438,0,0,0
train,0029-0335.svg,1798,1601,0,2,2048,1,0,0.0,0.0,140.0,140.0,6,0,0,1792,0,0,0
train,0029-0338.svg,1014,963,0,2,2048,1,0,0.0,0.0,140.0,140.0,0,0,0,1014,0,0,0
train,0029-0354.svg,1398,1337,0,2,2048,1,0,0.0,0.0,140.0,140.0,0,0,0,1398,0,0,0
train,0029-0357.svg,1047,958,0,2,2048,1,0,0.0,0.0,140.0,140.0,4,0,0,1043,0,0,0
train,0029-0371.svg,2359,2040,0,2,2048,2,0,0.0,0.0,140.0,140.0,5,0,0,2354,0,0,0
train,0029-0392.svg,1155,1094,0,3,2048,1,0,0.0,0.0,140.0,140.0,0,0,0,1155,0,0,0
train,0029-0432.svg,767,717,0,1,2048,1,0,0.0,0.0,140.0,140.0,2,0,0,765,0,0,0
train,0029-0447.svg,1925,1884,0,1,2048,1,0,0.0,0.0,140.0,140.0,0,0,0,1925,0,0,0
train,0029-0466.svg,865,788,0,1,2048,1,0,0.0,0.0,140.0,140.0,0,0,0,865,0,0,0
train,0029-0484.svg,459,235,0,3,2048,1,0,0.0,0.0,140.0,140.0,6,0,0,453,0,0,0
train,0029-0509.svg,985,829,0,1,2048,1,0,0.0,0.0,140.0,140.0,3,0,0,982,0,0,0
train,0029-0527.svg,1170,1129,0,1,2048,1,0,0.0,0.0,140.0,140.0,0,0,0,1170,0,0,0
train,0029-0528.svg,971,762,0,1,2048,1,0,0.0,0.0,140.0,140.0,7,0,0,964,0,0,0
train,0029-0542.svg,996,924,0,2,2048,1,0,0.0,0.0,140.0,140.0,0,0,0,996,0,0,0
train,0029-0547.svg,1101,1047,0,2,2048,1,0,0.0,0.0,140.0,140.0,0,0,0,1101,0,0,0
train,0029-0562.svg,892,812,0,2,2048,1,0,0.0,0.0,140.0,140.0,0,0,0,892,0,0,0
train,0029-0563.svg,1119,1052,0,2,2048,1,0,0.0,0.0,140.0,140.0,0,0,0,1119,0,0,0
train,0030-0001.svg,177,4,0,1,2048,1,0,0.0,0.0,140.0,140.0,0,0,0,177,0,0,0
train,0030-0002.svg,219,27,0,3,2048,1,0,0.0,0.0,140.0,140.0,0,0,0,219,0,0,0
train,0030-0007.svg,1133,869,0,9,2048,1,0,0.0,0.0,140.0,140.0,10,0,0,1123,0,0,0
train,0030-0008.svg,1302,1035,0,12,2048,1,0,0.0,0.0,140.0,140.0,24,2,0,1276,0,0,0
train,0030-0009.svg,834,691,0,7,2048,1,0,0.0,0.0,140.0,140.0,2,0,0,832,0,0,0
train,0030-0014.svg,1074,793,0,8,2048,1,0,0.0,0.0,140.0,140.0,17,0,0,1057,0,0,0
train,0030-0015.svg,1104,798,0,7,2048,1,0,0.0,0.0,140.0,140.0,8,0,0,1096,0,0,0
train,0030-0025.svg,1381,1027,0,9,2048,1,0,0.0,0.0,140.0,140.0,12,0,0,1369,0,0,0
train,0031-0004.svg,531,272,0,6,2048,1,0,0.0,0.0,140.0,140.0,15,0,0,516,0,0,0
train,0031-0006.svg,672,103,0,4,2048,1,0,0.0,0.0,140.0,140.0,2,0,0,670,0,0,0
train,0031-0009.svg,855,721,0,7,2048,1,0,0.0,0.0,140.0,140.0,4,0,0,851,0,0,0
train,0031-0016.svg,457,2,0,1,2048,1,0,0.0,0.0,140.0,140.0,6,0,0,451,0,0,0
train,0031-0017.svg,197,13,0,2,2048,1,0,0.0,0.0,140.0,140.0,0,0,0,197,0,0,0
train,0031-0018.svg,106,2,0,1,2048,1,0,0.0,0.0,140.0,140.0,0,0,0,106,0,0,0
train,0032-0005.svg,637,544,0,8,2048,1,0,0.0,0.0,140.0,140.0,4,0,0,633,0,0,0
train,0032-0007.svg,105,12,0,2,2048,1,0,0.0,0.0,140.0,140.0,4,0,0,101,0,0,0
train,0032-0010.svg,493,305,0,6,2048,1,0,0.0,0.0,140.0,140.0,0,0,0,493,0,0,0
train,0033-0006.svg,84,24,0,3,2048,1,0,0.0,0.0,140.0,140.0,1,0,0,83,0,0,0
train,0033-0007.svg,3106,315,0,8,2048,2,0,0.0,0.0,140.0,140.0,6,0,0,3100,0,0,0
train,0033-0009.svg,567,388,0,5,2048,1,0,0.0,0.0,140.0,140.0,0,0,0,567,0,0,0
train,0033-0010.svg,454,121,0,4,2048,1,0,0.0,0.0,140.0,140.0,0,0,0,454,0,0,0
train,0033-0014.svg,58,9,0,1,2048,1,0,0.0,0.0,140.0,140.0,0,0,0,58,0,0,0
train,0033-0016.svg,652,488,0,10,2048,1,0,0.0,0.0,140.0,140.0,16,0,0,636,0,0,0
train,0033-0017.svg,904,832,0,6,2048,1,0,0.0,0.0,140.0,140.0,0,0,0,904,0,0,0
train,0033-0022.svg,281,190,0,4,2048,1,0,0.0,0.0,140.0,140.0,0,0,0,281,0,0,0
train,0033-0024.svg,146,20,0,1,2048,1,0,0.0,0.0,140.0,140.0,0,0,0,146,0,0,0
train,0033-0027.svg,197,9,0,2,2048,1,0,0.0,0.0,140.0,140.0,0,0,0,197,0,0,0
train,0033-0033.svg,230,133,0,2,2048,1,0,0.0,0.0,140.0,140.0,2,0,0,228,0,0,0
train,0033-0040.svg,435,184,0,6,2048,1,0,0.0,0.0,140.0,140.0,1,0,0,434,0,0,0
train,0033-0049.svg,1304,1048,0,10,2048,1,0,0.0,0.0,140.0,140.0,14,6,0,1284,0,0,0
train,0033-0051.svg,318,81,0,3,2048,1,0,0.0,0.0,140.0,140.0,0,0,0,318,0,0,0
train,0034-0008.svg,681,309,0,8,2048,1,0,0.0,0.0,140.0,140.0,5,0,0,676,0,0,0
train,0034-0013.svg,262,87,0,3,2048,1,0,0.0,0.0,140.0,140.0,1,0,0,261,0,0,0
train,0034-0019.svg,340,162,0,6,2048,1,0,0.0,0.0,140.0,140.0,10,0,0,330,0,0,0
train,0034-0029.svg,1049,9,0,1,2048,1,0,0.0,0.0,140.0,140.0,92,0,0,957,0,0,0
train,0034-0030.svg,981,4,0,2,2048,1,0,0.0,0.0,140.0,140.0,119,0,0,862,0,0,0
train,0034-0031.svg,998,38,0,3,2048,1,0,0.0,0.0,140.0,140.0,131,0,0,867,0,0,0
train,0034-0039.svg,665,6,0,1,2048,1,0,0.0,0.0,140.0,140.0,72,0,0,593,0,0,0
train,0034-0046.svg,700,2,0,1,2048,1,0,0.0,0.0,140.0,140.0,67,0,0,633,0,0,0
train,0034-0071.svg,613,369,0,7,2048,1,0,0.0,0.0,140.0,140.0,18,0,0,595,0,0,0
train,0034-0085.svg,231,16,0,1,2048,1,0,0.0,0.0,140.0,140.0,1,0,0,230,0,0,0
train,0034-0088.svg,235,10,0,1,2048,1,0,0.0,0.0,140.0,140.0,1,0,0,234,0,0,0
train,0035-0002.svg,216,27,0,3,2048,1,0,0.0,0.0,140.0,140.0,0,0,0,216,0,0,0
train,0035-0006.svg,413,325,0,5,2048,1,0,0.0,0.0,140.0,140.0,0,0,0,413,0,0,0
train,0035-0017.svg,662,171,0,4,2048,1,0,0.0,0.0,140.0,140.0,11,0,0,651,0,0,0
train,0035-0026.svg,945,372,0,9,2048,1,0,0.0,0.0,140.0,140.0,6,0,0,939,0,0,0
train,0035-0027.svg,966,364,0,8,2048,1,0,0.0,0.0,140.0,140.0,12,0,0,954,0,0,0
train,0035-0034.svg,1846,612,0,8,2048,1,0,0.0,0.0,140.0,140.0,37,0,0,1809,0,0,0
train,0035-0042.svg,1272,873,0,8,2048,1,0,0.0,0.0,140.0,140.0,6,0,0,1266,0,0,0
train,0035-0052.svg,3494,88,0,3,2048,2,0,0.0,0.0,140.0,140.0,5,0,0,3489,0,0,0
train,0035-0054.svg,4419,98,0,4,2048,3,0,0.0,0.0,140.0,140.0,6,0,0,4413,0,0,0
train,0035-0058.svg,2153,550,0,11,2048,2,0,0.0,0.0,140.0,140.0,6,0,0,2147,0,0,0
train,0035-0059.svg,1534,920,0,8,2048,1,0,0.0,0.0,140.0,140.0,10,0,0,1524,0,0,0
train,0035-0075.svg,1207,379,0,9,2048,1,0,0.0,0.0,140.0,140.0,25,0,0,1182,0,0,0
train,0035-0081.svg,1543,105,0,5,2048,1,0,0.0,0.0,140.0,140.0,9,0,0,1534,0,0,0
train,0035-0083.svg,1841,886,0,9,2048,1,0,0.0,0.0,140.0,140.0,25,0,0,1816,0,0,0
train,0035-0097.svg,489,130,0,3,2048,1,0,0.0,0.0,140.0,140.0,4,0,0,485,0,0,0
train,0035-0098.svg,3170,737,0,8,2048,2,0,0.0,0.0,140.0,140.0,10,0,0,3160,0,0,0
train,0035-0099.svg,980,407,0,10,2048,1,0,0.0,0.0,140.0,140.0,16,0,0,964,0,0,0
train,0035-0100.svg,2414,4,0,1,2048,2,0,0.0,0.0,140.0,140.0,0,0,0,2414,0,0,0
train,0035-0106.svg,1669,57,0,4,2048,1,0,0.0,0.0,140.0,140.0,6,0,0,1663,0,0,0
train,0035-0121.svg,988,10,0,1,2048,1,0,0.0,0.0,140.0,140.0,0,0,0,988,0,0,0
train,0035-0123.svg,250,2,0,1,2048,1,0,0.0,0.0,140.0,140.0,0,0,0,250,0,0,0
train,0035-0124.svg,274,18,0,2,2048,1,0,0.0,0.0,140.0,140.0,2,0,0,272,0,0,0
train,0036-0008.svg,214,165,0,6,2048,1,0,0.0,0.0,140.0,140.0,0,0,0,214,0,0,0
train,0036-0010.svg,267,208,0,7,2048,1,0,0.0,0.0,140.0,140.0,4,0,0,263,0,0,0
train,0036-0016.svg,74,42,0,2,2048,1,0,0.0,0.0,140.0,140.0,0,0,0,74,0,0,0
train,0036-0030.svg,237,137,0,4,2048,1,0,0.0,0.0,140.0,140.0,2,0,0,235,0,0,0
train,0036-0037.svg,470,356,0,7,2048,1,0,0.0,0.0,140.0,140.0,0,0,0,470,0,0,0
train,0036-0039.svg,4471,1787,0,15,2048,3,0,0.0,0.0,140.0,140.0,36,1,0,4434,0,0,0
train,0036-0044.svg,46,16,0,1,2048,1,0,0.0,0.0,140.0,140.0,0,0,0,46,0,0,0
train,0036-0051.svg,68,24,0,2,2048,1,0,0.0,0.0,140.0,140.0,0,0,0,68,0,0,0
train,0036-0055.svg,4898,2156,0,20,2048,3,0,0.0,0.0,140.0,140.0,42,0,0,4856,0,0,0
train,0036-0056.svg,11393,3745,0,19,2048,6,0,0.0,0.0,140.0,140.0,87,2,0,11304,0,0,0
train,0036-0057.svg,50,12,0,1,2048,1,0,0.0,0.0,140.0,140.0,0,0,0,50,0,0,0
train,0036-0064.svg,593,432,0,8,2048,1,0,0.0,0.0,140.0,140.0,18,0,0,575,0,0,0
train,0036-0072.svg,7679,3616,0,18,2048,4,0,0.0,0.0,140.0,140.0,79,0,0,7600,0,0,0
train,0036-0073.svg,470,388,0,5,2048,1,0,0.0,0.0,140.0,140.0,0,0,0,470,0,0,0
train,0036-0075.svg,28,8,0,1,2048,1,0,0.0,0.0,140.0,140.0,1,0,0,27,0,0,0
train,0036-0080.svg,180,96,0,4,2048,1,0,0.0,0.0,140.0,140.0,0,0,0,180,0,0,0
train,0036-0081.svg,96,4,0,1,2048,1,0,0.0,0.0,140.0,140.0,1,0,0,95,0,0,0
train,0036-0086.svg,170,8,0,2,2048,1,0,0.0,0.0,140.0,140.0,0,0,0,170,0,0,0
train,0036-0088.svg,7688,2674,0,18,2048,4,0,0.0,0.0,140.0,140.0,77,0,0,7611,0,0,0
train,0036-0103.svg,4169,1921,0,21,2048,3,0,0.0,0.0,140.0,140.0,39,4,0,4126,0,0,0
train,0037-0016.svg,17,12,0,2,2048,1,0,0.0,0.0,140.0,140.0,0,0,0,17,0,0,0
train,0037-0024.svg,37,8,0,1,2048,1,0,0.0,0.0,140.0,140.0,0,0,0,37,0,0,0
train,0037-0028.svg,30,4,0,1,2048,1,0,0.0,0.0,140.0,140.0,0,0,0,30,0,0,0
train,0037-0032.svg,797,567,0,10,2048,1,0,0.0,0.0,140.0,140.0,18,0,0,779,0,0,0
train,0037-0033.svg,945,682,0,8,2048,1,0,0.0,0.0,140.0,140.0,33,0,0,912,0,0,0
train,0037-0034.svg,133,74,0,4,2048,1,0,0.0,0.0,140.0,140.0,0,0,0,133,0,0,0
train,0037-0038.svg,248,158,0,8,2048,1,0,0.0,0.0,140.0,140.0,8,0,0,240,0,0,0
train,0037-0040.svg,92,30,0,4,2048,1,0,0.0,0.0,140.0,140.0,0,0,0,92,0,0,0
train,0037-0049.svg,95,26,0,2,2048,1,0,0.0,0.0,140.0,140.0,0,0,0,95,0,0,0
train,0037-0050.svg,107,47,0,3,2048,1,0,0.0,0.0,140.0,140.0,0,0,0,107,0,0,0
train,0037-0051.svg,148,54,0,2,2048,1,0,0.0,0.0,140.0,140.0,0,0,0,148,0,0,0
train,0037-0053.svg,67,24,0,2,2048,1,0,0.0,0.0,140.0,140.0,0,0,0,67,0,0,0
train,0037-0055.svg,240,144,0,5,2048,1,0,0.0,0.0,140.0,140.0,2,0,0,238,0,0,0
train,0037-0060.svg,165,33,0,2,2048,1,0,0.0,0.0,140.0,140.0,0,0,0,165,0,0,0
train,0037-0061.svg,638,384,0,7,2048,1,0,0.0,0.0,140.0,140.0,16,0,0,622,0,0,0
train,0037-0062.svg,924,827,0,8,2048,1,0,0.0,0.0,140.0,140.0,4,0,0,920,0,0,0
train,0037-0068.svg,538,407,0,6,2048,1,0,0.0,0.0,140.0,140.0,0,0,0,538,0,0,0
train,0037-0073.svg,252,20,0,2,2048,1,0,0.0,0.0,140.0,140.0,1,0,0,251,0,0,0
train,0037-0075.svg,301,69,0,3,2048,1,0,0.0,0.0,140.0,140.0,1,0,0,300,0,0,0
train,0038-0004.svg,691,64,0,2,2048,1,0,0.0,0.0,140.0,140.0,1,0,0,690,0,0,0
train,0038-0006.svg,808,147,0,3,2048,1,0,0.0,0.0,140.0,140.0,1,0,0,807,0,0,0
train,0038-0022.svg,1058,326,0,7,2048,1,0,0.0,0.0,140.0,140.0,6,0,0,1052,0,0,0
train,0038-0024.svg,1572,358,0,4,2048,1,0,0.0,0.0,140.0,140.0,3,0,0,1569,0,0,0
train,0038-0033.svg,1499,462,0,6,2048,1,0,0.0,0.0,140.0,140.0,1,0,0,1498,0,0,0
train,0038-0042.svg,1710,348,0,6,2048,1,0,0.0,0.0,140.0,140.0,3,0,0,1707,0,0,0
train,0038-0073.svg,1160,693,0,10,2048,1,0,0.0,0.0,140.0,140.0,33,2,0,1125,0,0,0
train,0038-0078.svg,1395,242,0,4,2048,1,0,0.0,0.0,140.0,140.0,2,0,0,1393,0,0,0
train,0039-0002.svg,611,323,0,7,2048,1,0,0.0,0.0,140.0,140.0,11,6,0,594,0,0,0
train,0040-0006.svg,384,118,0,4,2048,1,0,0.0,0.0,140.0,140.0,4,0,0,380,0,0,0
train,0040-0007.svg,374,214,0,4,2048,1,0,0.0,0.0,140.0,140.0,1,0,0,373,0,0,0
train,0040-0041.svg,458,158,0,4,2048,1,0,0.0,0.0,140.0,140.0,5,0,0,453,0,0,0
train,0040-0064.svg,234,71,0,1,2048,1,0,0.0,0.0,140.0,140.0,5,0,0,229,0,0,0
train,0040-0065.svg,493,92,0,2,2048,1,0,0.0,0.0,140.0,140.0,4,0,0,489,0,0,0
train,0040-0085.svg,177,8,0,1,2048,1,0,0.0,0.0,140.0,140.0,4,0,0,173,0,0,0
train,0040-0111.svg,553,107,0,4,2048,1,0,0.0,0.0,140.0,140.0,6,0,0,547,0,0,0
train,0040-0112.svg,368,97,0,4,2048,1,0,0.0,0.0,140.0,140.0,5,0,0,363,0,0,0
train,0040-0133.svg,585,102,0,2,2048,1,0,0.0,0.0,140.0,140.0,7,0,0,578,0,0,0
train,0040-0136.svg,228,95,0,2,2048,1,0,0.0,0.0,140.0,140.0,0,0,0,228,0,0,0
train,0040-0223.svg,1030,241,0,5,2048,1,0,0.0,0.0,140.0,140.0,8,0,0,1022,0,0,0
train,0040-0225.svg,485,94,0,2,2048,1,0,0.0,0.0,140.0,140.0,5,0,0,480,0,0,0
train,0040-0228.svg,474,188,0,4,2048,1,0,0.0,0.0,140.0,140.0,1,0,0,473,0,0,0
train,0040-0246.svg,608,255,0,4,2048,1,0,0.0,0.0,140.0,140.0,1,0,0,607,0,0,0
train,0041-0004.svg,679,392,0,7,2048,1,0,0.0,0.0,140.0,140.0,13,8,0,658,0,0,0
train,0042-0001.svg,429,99,0,2,2048,1,0,0.0,0.0,140.0,140.0,2,0,0,427,0,0,0
train,0042-0002.svg,138,56,0,2,2048,1,0,0.0,0.0,140.0,140.0,2,0,0,136,0,0,0
train,0042-0008.svg,655,473,0,6,2048,1,0,0.0,0.0,140.0,140.0,18,0,0,637,0,0,0
train,0042-0010.svg,226,102,0,4,2048,1,0,0.0,0.0,140.0,140.0,0,0,0,226,0,0,0
train,0042-0015.svg,260,28,0,1,2048,1,0,0.0,0.0,140.0,140.0,0,0,0,260,0,0,0
train,0042-0030.svg,435,276,0,7,2048,1,0,0.0,0.0,140.0,140.0,0,0,0,435,0,0,0
train,0042-0034.svg,90,44,0,2,2048,1,0,0.0,0.0,140.0,140.0,1,0,0,89,0,0,0
train,0043-0003.svg,666,354,0,8,2048,1,0,0.0,0.0,140.0,140.0,14,6,0,646,0,0,0
train,0043-0018.svg,644,406,0,6,2048,1,0,0.0,0.0,140.0,140.0,12,0,0,632,0,0,0
train,0043-0020.svg,405,223,0,6,2048,1,0,0.0,0.0,140.0,140.0,5,0,0,400,0,0,0
train,0043-0039.svg,173,51,0,2,2048,1,0,0.0,0.0,140.0,140.0,2,0,0,171,0,0,0
train,0043-0046.svg,652,411,0,7,2048,1,0,0.0,0.0,140.0,140.0,0,0,0,652,0,0,0
train,0043-0047.svg,491,270,0,4,2048,1,0,0.0,0.0,140.0,140.0,0,0,0,491,0,0,0
train,0044-0001.svg,136,81,0,2,2048,1,0,0.0,0.0,140.0,140.0,4,0,0,132,0,0,0
train,0044-0005.svg,336,131,0,3,2048,1,0,0.0,0.0,140.0,140.0,4,0,0,332,0,0,0
train,0044-0006.svg,384,111,0,4,2048,1,0,0.0,0.0,140.0,140.0,4,0,0,380,0,0,0
train,0044-0015.svg,137,109,0,1,2048,1,0,0.0,0.0,140.0,140.0,4,0,0,133,0,0,0
train,0044-0022.svg,445,175,0,6,2048,1,0,0.0,0.0,140.0,140.0,8,0,0,437,0,0,0
train,0044-0024.svg,609,245,0,5,2048,1,0,0.0,0.0,140.0,140.0,4,0,0,605,0,0,0
train,0044-0039.svg,262,142,0,4,2048,1,0,0.0,0.0,140.0,140.0,0,1,0,261,0,0,0
train,0044-0045.svg,247,177,0,3,2048,1,0,0.0,0.0,140.0,140.0,5,0,0,242,0,0,0
train,0044-0057.svg,106,50,0,3,2048,1,0,0.0,0.0,140.0,140.0,3,0,0,103,0,0,0
train,0044-0058.svg,564,292,0,7,2048,1,0,0.0,0.0,140.0,140.0,21,0,0,543,0,0,0
train,0044-0060.svg,5446,128,0,4,2048,3,0,0.0,0.0,140.0,140.0,260,0,0,5186,0,0,0
train,0044-0066.svg,521,204,0,7,2048,1,0,0.0,0.0,140.0,140.0,9,0,0,512,0,0,0
train,0045-0004.svg,679,394,0,7,2048,1,0,0.0,0.0,140.0,140.0,13,8,0,658,0,0,0
train,0045-0013.svg,401,32,0,2,2048,1,0,0.0,0.0,140.0,140.0,1,0,0,400,0,0,0
train,0045-0022.svg,846,573,0,9,2048,1,0,0.0,0.0,140.0,140.0,2,0,0,844,0,0,0
train,0045-0029.svg,1303,1134,0,4,2048,1,0,0.0,0.0,140.0,140.0,1,0,0,1302,0,0,0
train,0045-0031.svg,2309,2046,0,9,2048,2,0,0.0,0.0,140.0,140.0,2,0,0,2307,0,0,0
train,0045-0037.svg,3141,2950,0,5,2048,2,0,0.0,0.0,140.0,140.0,0,0,0,3141,0,0,0
train,0045-0043.svg,959,800,0,6,2048,1,0,0.0,0.0,140.0,140.0,2,0,0,957,0,0,0
train,0045-0044.svg,2264,2203,0,7,2048,2,0,0.0,0.0,140.0,140.0,0,0,0,2264,0,0,0
train,0045-0054.svg,133,33,0,4,2048,1,0,0.0,0.0,140.0,140.0,2,0,0,131,0,0,0
train,0045-0060.svg,519,402,0,7,2048,1,0,0.0,0.0,140.0,140.0,1,0,0,518,0,0,0
train,0045-0066.svg,189,50,0,2,2048,1,0,0.0,0.0,140.0,140.0,2,0,0,187,0,0,0
train,0046-0001.svg,453,166,0,5,2048,1,0,0.0,0.0,140.0,140.0,0,0,0,453,0,0,0
train,0046-0010.svg,54,7,0,1,2048,1,0,0.0,0.0,140.0,140.0,3,0,0,51,0,0,0
train,0046-0022.svg,846,625,0,10,2048,1,0,0.0,0.0,140.0,140.0,2,0,0,844,0,0,0
train,0046-0036.svg,1313,1161,0,5,2048,1,0,0.0,0.0,140.0,140.0,1,0,0,1312,0,0,0
train,0046-0037.svg,3141,2955,0,6,2048,2,0,0.0,0.0,140.0,140.0,0,0,0,3141,0,0,0
train,0046-0044.svg,2264,2088,0,5,2048,2,0,0.0,0.0,140.0,140.0,0,0,0,2264,0,0,0
train,0046-0050.svg,673,265,0,7,2048,1,0,0.0,0.0,140.0,140.0,6,0,0,667,0,0,0
train,0046-0053.svg,356,109,0,4,2048,1,0,0.0,0.0,140.0,140.0,2,0,0,354,0,0,0
train,0046-0057.svg,406,223,0,7,2048,1,0,0.0,0.0,140.0,140.0,3,0,0,403,0,0,0
train,0046-0059.svg,414,259,0,6,2048,1,0,0.0,0.0,140.0,140.0,1,0,0,413,0,0,0
train,0047-0004.svg,424,109,0,3,2048,1,0,0.0,0.0,140.0,140.0,4,0,0,420,0,0,0
train,0047-0007.svg,1857,836,0,14,2048,1,0,0.0,0.0,140.0,140.0,24,0,0,1833,0,0,0
train,0047-0011.svg,1231,647,0,11,2048,1,0,0.0,0.0,140.0,140.0,25,0,0,1206,0,0,0
train,0048-0005.svg,638,358,0,7,2048,1,0,0.0,0.0,140.0,140.0,13,8,0,617,0,0,0
train,0049-0002.svg,17203,1484,0,19,2048,9,0,0.0,0.0,140.0,140.0,23,2,0,17178,0,0,0
train,0049-0006.svg,16228,1110,0,20,2048,8,0,0.0,0.0,140.0,140.0,15,3,0,16210,0,0,0
train,0049-0185.svg,5839,1940,0,17,2048,3,0,0.0,0.0,140.0,140.0,52,1,0,5786,0,0,0
train,0049-0186.svg,4301,1517,0,16,2048,3,0,0.0,0.0,140.0,140.0,40,0,0,4261,0,0,0
train,0049-0187.svg,1369,814,0,7,2048,1,0,0.0,0.0,140.0,140.0,3,0,0,1366,0,0,0
train,0049-0203.svg,657,133,0,3,2048,1,0,0.0,0.0,140.0,140.0,4,0,0,653,0,0,0
train,0049-0230.svg,11061,4727,0,20,2048,6,0,0.0,0.0,140.0,140.0,123,9,0,10929,0,0,0
train,0049-0231.svg,6401,2590,0,20,2048,4,0,0.0,0.0,140.0,140.0,57,0,0,6344,0,0,0
train,0049-0247.svg,1059,625,0,7,2048,1,0,0.0,0.0,140.0,140.0,2,0,0,1057,0,0,0
train,0049-0261.svg,3214,1030,0,13,2048,2,0,0.0,0.0,140.0,140.0,41,0,0,3173,0,0,0
train,0050-0004.svg,15902,1448,0,19,2048,8,0,0.0,0.0,140.0,140.0,20,3,0,15879,0,0,0
train,0051-0003.svg,1835,1592,0,17,2048,1,0,0.0,0.0,140.0,140.0,11,0,0,1824,0,0,0
train,0052-0001.svg,226,148,0,7,2048,1,0,0.0,0.0,140.0,140.0,5,0,0,221,0,0,0
train,0052-0002.svg,312,191,0,8,2048,1,0,0.0,0.0,140.0,140.0,8,0,0,304,0,0,0
train,0052-0006.svg,705,627,0,7,2048,1,0,0.0,0.0,140.0,140.0,6,0,0,699,0,0,0
train,0052-0008.svg,590,367,0,7,2048,1,0,0.0,0.0,140.0,140.0,6,0,0,584,0,0,0
train,0052-0012.svg,1057,661,0,9,2048,1,0,0.0,0.0,140.0,140.0,12,0,0,1045,0,0,0
train,0052-0037.svg,537,326,0,6,2048,1,0,0.0,0.0,140.0,140.0,8,0,0,529,0,0,0
train,0053-0005.svg,287,193,0,5,2048,1,0,0.0,0.0,140.0,140.0,0,0,0,287,0,0,0
train,0053-0015.svg,190,16,0,1,2048,1,0,0.0,0.0,140.0,140.0,0,0,0,190,0,0,0
train,0053-0019.svg,155,44,0,3,2048,1,0,0.0,0.0,140.0,140.0,1,0,0,154,0,0,0
train,0053-0024.svg,189,18,0,2,2048,1,0,0.0,0.0,140.0,140.0,1,0,0,188,0,0,0
train,0053-0029.svg,138,24,0,2,2048,1,0,0.0,0.0,140.0,140.0,2,0,0,136,0,0,0
train,0053-0036.svg,359,221,0,5,2048,1,0,0.0,0.0,140.0,140.0,2,0,0,357,0,0,0
train,0054-0000.svg,114,15,0,3,2048,1,0,0.0,0.0,140.0,140.0,3,0,0,111,0,0,0
train,0054-0006.svg,1312,858,0,17,2048,1,0,0.0,0.0,140.0,140.0,13,0,0,1299,0,0,0
train,0056-0005.svg,15076,3172,0,20,2048,8,0,0.0,0.0,140.0,140.0,16,0,0,15060,0,0,0
train,0056-0026.svg,122,19,0,3,2048,1,0,0.0,0.0,140.0,140.0,0,0,0,122,0,0,0
train,0056-0027.svg,346,114,0,4,2048,1,0,0.0,0.0,140.0,140.0,7,0,0,339,0,0,0
train,0056-0041.svg,268,63,0,3,2048,1,0,0.0,0.0,140.0,140.0,3,0,0,265,0,0,0
train,0056-0050.svg,277,82,0,3,2048,1,0,0.0,0.0,140.0,140.0,1,0,0,276,0,0,0
train,0057-0004.svg,16105,1605,0,21,2048,8,0,0.0,0.0,140.0,140.0,18,3,0,16084,0,0,0
train,0057-0006.svg,318,79,0,4,2048,1,0,0.0,0.0,140.0,140.0,1,0,0,317,0,0,0
train,0057-0018.svg,1039,575,0,9,2048,1,0,0.0,0.0,140.0,140.0,22,0,0,1017,0,0,0
train,0058-0004.svg,1448,1091,0,17,2048,1,0,0.0,0.0,140.0,140.0,20,0,0,1428,0,0,0
train,0058-0016.svg,515,213,0,9,2048,1,0,0.0,0.0,140.0,140.0,3,0,0,512,0,0,0
train,0058-0026.svg,264,98,0,4,2048,1,0,0.0,0.0,140.0,140.0,3,0,0,261,0,0,0
train,0058-0028.svg,551,138,0,5,2048,1,0,0.0,0.0,140.0,140.0,4,0,0,547,0,0,0
train,0058-0036.svg,99,24,0,5,2048,1,0,0.0,0.0,140.0,140.0,1,0,0,98,0,0,0
train,0059-0005.svg,15284,1219,0,18,2048,8,0,0.0,0.0,140.0,140.0,16,0,0,15268,0,0,0
train,0059-0013.svg,465,288,0,5,2048,1,0,0.0,0.0,140.0,140.0,6,0,0,459,0,0,0
train,0059-0024.svg,185,36,0,3,2048,1,0,0.0,0.0,140.0,140.0,6,0,0,179,0,0,0
train,0059-0058.svg,184,74,0,4,2048,1,0,0.0,0.0,140.0,140.0,2,0,0,182,0,0,0
train,0059-0082.svg,114,39,0,3,2048,1,0,0.0,0.0,140.0,140.0,6,0,0,108,0,0,0
train,0060-0003.svg,1327,922,0,20,2048,1,0,0.0,0.0,140.0,140.0,11,2,0,1314,0,0,0
train,0060-0007.svg,1112,691,0,14,2048,1,0,0.0,0.0,140.0,140.0,9,0,0,1103,0,0,0
train,0060-0026.svg,1049,436,0,8,2048,1,0,0.0,0.0,140.0,140.0,9,0,0,1040,0,0,0
train,0060-0040.svg,499,46,0,2,2048,1,0,0.0,0.0,140.0,140.0,3,0,0,496,0,0,0
train,0060-0051.svg,2988,303,0,10,2048,2,0,0.0,0.0,140.0,140.0,13,0,0,2975,0,0,0
train,0060-0052.svg,3200,40,0,1,2048,2,0,0.0,0.0,140.0,140.0,5,0,0,3195,0,0,0
train,0060-0054.svg,4105,22,0,2,2048,3,0,0.0,0.0,140.0,140.0,6,0,0,4099,0,0,0
train,0060-0057.svg,3301,27,0,2,2048,2,0,0.0,0.0,140.0,140.0,4,0,0,3297,0,0,0
train,0060-0058.svg,2035,489,0,11,2048,1,0,0.0,0.0,140.0,140.0,10,0,0,2025,0,0,0
train,0060-0065.svg,1003,214,0,5,2048,1,0,0.0,0.0,140.0,140.0,12,0,0,991,0,0,0
train,0060-0074.svg,4098,850,0,8,2048,3,0,0.0,0.0,140.0,140.0,38,0,0,4060,0,0,0
train,0060-0081.svg,1580,105,0,4,2048,1,0,0.0,0.0,140.0,140.0,9,0,0,1571,0,0,0
train,0060-0082.svg,2799,897,0,8,2048,2,0,0.0,0.0,140.0,140.0,36,0,0,2763,0,0,0
train,0060-0087.svg,1862,975,0,7,2048,1,0,0.0,0.0,140.0,140.0,13,0,0,1849,0,0,0
train,0060-0106.svg,236,8,0,1,2048,1,0,0.0,0.0,140.0,140.0,1,0,0,235,0,0,0
train,0060-0122.svg,192,35,0,2,2048,1,0,0.0,0.0,140.0,140.0,1,0,0,191,0,0,0
train,0061-0002.svg,1469,753,0,11,2048,1,0,0.0,0.0,140.0,140.0,57,0,0,1412,0,0,0
train,0061-0004.svg,555,237,0,7,2048,1,0,0.0,0.0,140.0,140.0,6,0,0,549,0,0,0
train,0061-0011.svg,370,133,0,5,2048,1,0,0.0,0.0,140.0,140.0,10,0,0,360,0,0,0
train,0061-0015.svg,355,201,0,4,2048,1,0,0.0,0.0,140.0,140.0,13,0,0,342,0,0,0
train,0062-0002.svg,1471,729,0,10,2048,1,0,0.0,0.0,140.0,140.0,57,0,0,1414,0,0,0
train,0062-0010.svg,558,240,0,7,2048,1,0,0.0,0.0,140.0,140.0,2,0,0,556,0,0,0
train,0063-0001.svg,1576,188,0,5,2048,1,0,0.0,0.0,140.0,140.0,9,0,0,1567,0,0,0
train,0063-0014.svg,1506,711,0,9,2048,1,0,0.0,0.0,140.0,140.0,14,0,0,1492,0,0,0
train,0063-0037.svg,498,145,0,3,2048,1,0,0.0,0.0,140.0,140.0,11,0,0,487,0,0,0
train,0063-0038.svg,1858,81,0,5,2048,1,0,0.0,0.0,140.0,140.0,12,0,0,1846,0,0,0
train,0063-0048.svg,1863,182,0,5,2048,1,0,0.0,0.0,140.0,140.0,12,0,0,1851,0,0,0
train,0063-0062.svg,1505,697,0,9,2048,1,0,0.0,0.0,140.0,140.0,10,0,0,1495,0,0,0
train,0065-0004.svg,81,24,0,2,2048,1,0,0.0,0.0,140.0,140.0,2,0,0,79,0,0,0
train,0065-0024.svg,205,42,0,3,2048,1,0,0.0,0.0,140.0,140.0,3,0,0,202,0,0,0
train,0065-0045.svg,294,49,0,3,2048,1,0,0.0,0.0,140.0,140.0,8,0,0,286,0,0,0
train,0065-0071.svg,310,105,0,5,2048,1,0,0.0,0.0,140.0,140.0,0,0,0,310,0,0,0
train,0066-0002.svg,1468,1010,0,11,2048,1,0,0.0,0.0,140.0,140.0,64,0,0,1404,0,0,0
train,0066-0006.svg,169,121,0,3,2048,1,0,0.0,0.0,140.0,140.0,2,0,0,167,0,0,0
train,0066-0010.svg,226,158,0,4,2048,1,0,0.0,0.0,140.0,140.0,2,0,0,224,0,0,0
train,0066-0011.svg,353,247,0,5,2048,1,0,0.0,0.0,140.0,140.0,2,0,0,351,0,0,0
train,0067-0004.svg,1149,207,0,3,2048,1,0,0.0,0.0,140.0,140.0,1,0,0,1148,0,0,0
train,0067-0006.svg,1191,115,0,3,2048,1,0,0.0,0.0,140.0,140.0,0,0,0,1191,0,0,0
train,0067-0043.svg,630,71,0,2,2048,1,0,0.0,0.0,140.0,140.0,0,0,0,630,0,0,0
train,0067-0051.svg,1309,220,0,4,2048,1,0,0.0,0.0,140.0,140.0,2,0,0,1307,0,0,0
train,0067-0066.svg,738,352,0,5,2048,1,0,0.0,0.0,140.0,140.0,18,0,0,720,0,0,0
train,0067-0069.svg,1451,341,0,4,2048,1,0,0.0,0.0,140.0,140.0,2,0,0,1449,0,0,0
train,0067-0073.svg,566,365,0,6,2048,1,0,0.0,0.0,140.0,140.0,31,2,0,533,0,0,0
train,0068-0007.svg,286,118,0,2,2048,1,0,0.0,0.0,140.0,140.0,0,0,0,286,0,0,0
train,0068-0009.svg,1611,761,0,5,2048,1,0,0.0,0.0,140.0,140.0,0,0,0,1611,0,0,0
train,0068-0045.svg,578,403,0,9,2048,1,0,0.0,0.0,140.0,140.0,23,0,0,555,0,0,0
train,0068-0046.svg,1054,617,0,10,2048,1,0,0.0,0.0,140.0,140.0,23,0,0,1031,0,0,0
train,0068-0054.svg,579,45,0,4,2048,1,0,0.0,0.0,140.0,140.0,17,0,0,562,0,0,0
train,0069-0009.svg,2107,1489,0,14,2048,2,0,0.0,0.0,140.0,140.0,33,0,0,2074,0,0,0
train,0069-0013.svg,530,396,0,4,2048,1,0,0.0,0.0,140.0,140.0,0,0,0,530,0,0,0
train,0070-0001.svg,473,322,0,8,2048,1,0,0.0,0.0,140.0,140.0,24,1,0,448,0,0,0
train,0070-0003.svg,148,69,0,4,2048,1,0,0.0,0.0,140.0,140.0,4,0,0,144,0,0,0
train,0070-0005.svg,376,325,0,6,2048,1,0,0.0,0.0,140.0,140.0,0,0,0,376,0,0,0
train,0070-0006.svg,966,773,0,10,2048,1,0,0.0,0.0,140.0,140.0,21,6,0,939,0,0,0
train,0070-0011.svg,377,100,0,3,2048,1,0,0.0,0.0,140.0,140.0,0,0,0,377,0,0,0
train,0070-0013.svg,169,86,0,3,2048,1,0,0.0,0.0,140.0,140.0,0,0,0,169,0,0,0
train,0070-0014.svg,503,344,0,3,2048,1,0,0.0,0.0,140.0,140.0,0,0,0,503,0,0,0
train,0070-0026.svg,655,592,0,4,2048,1,0,0.0,0.0,140.0,140.0,0,0,0,655,0,0,0
train,0071-0005.svg,933,713,0,7,2048,1,0,0.0,0.0,140.0,140.0,0,0,0,933,0,0,0
train,0071-0009.svg,1472,1110,0,9,2048,1,0,0.0,0.0,140.0,140.0,30,0,0,1442,0,0,0
train,0071-0010.svg,1386,1152,0,9,2048,1,0,0.0,0.0,140.0,140.0,20,0,0,1366,0,0,0
train,0071-0011.svg,1152,273,0,1,2048,1,0,0.0,0.0,140.0,140.0,2,0,0,1150,0,0,0
train,0071-0012.svg,52,6,0,1,2048,1,0,0.0,0.0,140.0,140.0,3,0,0,49,0,0,0
train,0071-0018.svg,98,18,0,1,2048,1,0,0.0,0.0,140.0,140.0,1,0,0,97,0,0,0
train,0071-0032.svg,102,9,0,1,2048,1,0,0.0,0.0,140.0,140.0,3,0,0,99,0,0,0
train,0072-0010.svg,238,89,0,4,2048,1,0,0.0,0.0,140.0,140.0,5,0,0,233,0,0,0
train,0073-0002.svg,1234,161,0,2,2048,1,0,0.0,0.0,140.0,140.0,0,0,0,1234,0,0,0
train,0073-0009.svg,1351,608,0,3,2048,1,0,0.0,0.0,140.0,140.0,0,0,0,1351,0,0,0
train,0073-0027.svg,1369,23,0,1,2048,1,0,0.0,0.0,140.0,140.0,3,0,0,1366,0,0,0
train,0074-0001.svg,216,144,0,8,2048,1,0,0.0,0.0,140.0,140.0,5,0,0,211,0,0,0
train,0074-0008.svg,953,743,0,6,2048,1,0,0.0,0.0,140.0,140.0,0,0,0,953,0,0,0
train,0074-0011.svg,528,435,0,8,2048,1,0,0.0,0.0,140.0,140.0,2,0,0,526,0,0,0
train,0074-0015.svg,740,511,0,5,2048,1,0,0.0,0.0,140.0,140.0,0,0,0,740,0,0,0
train,0074-0036.svg,426,230,0,7,2048,1,0,0.0,0.0,140.0,140.0,4,0,0,422,0,0,0
train,0075-0006.svg,827,695,0,7,2048,1,0,0.0,0.0,140.0,140.0,25,0,0,802,0,0,0
train,0075-0009.svg,861,264,0,8,2048,1,0,0.0,0.0,140.0,140.0,16,0,0,845,0,0,0
train,0076-0007.svg,345,160,0,2,2048,1,0,0.0,0.0,140.0,140.0,0,0,0,345,0,0,0
train,0076-0008.svg,284,217,0,5,2048,1,0,0.0,0.0,140.0,140.0,16,0,0,268,0,0,0
train,0076-0009.svg,775,561,0,5,2048,1,0,0.0,0.0,140.0,140.0,0,0,0,775,0,0,0
train,0076-0023.svg,513,255,0,7,2048,1,0,0.0,0.0,140.0,140.0,11,1,0,501,0,0,0
train,0077-0003.svg,529,62,0,1,2048,1,0,0.0,0.0,140.0,140.0,2,0,0,527,0,0,0
train,0077-0013.svg,789,687,0,5,2048,1,0,0.0,0.0,140.0,140.0,0,0,0,789,0,0,0
train,0077-0015.svg,824,671,0,5,2048,1,0,0.0,0.0,140.0,140.0,0,0,0,824,0,0,0
train,0077-0034.svg,1866,598,0,7,2048,1,0,0.0,0.0,140.0,140.0,36,0,0,1830,0,0,0
train,0077-0043.svg,2088,705,0,7,2048,2,0,0.0,0.0,140.0,140.0,22,0,0,2066,0,0,0
train,0077-0049.svg,695,222,0,5,2048,1,0,0.0,0.0,140.0,140.0,11,0,0,684,0,0,0
train,0077-0050.svg,641,284,0,9,2048,1,0,0.0,0.0,140.0,140.0,12,0,0,629,0,0,0
train,0077-0052.svg,969,44,0,2,2048,1,0,0.0,0.0,140.0,140.0,5,0,0,964,0,0,0
train,0077-0055.svg,783,8,0,2,2048,1,0,0.0,0.0,140.0,140.0,5,0,0,778,0,0,0
train,0077-0058.svg,1542,468,0,12,2048,1,0,0.0,0.0,140.0,140.0,11,0,0,1531,0,0,0
train,0077-0065.svg,1104,194,0,6,2048,1,0,0.0,0.0,140.0,140.0,11,0,0,1093,0,0,0
train,0077-0067.svg,1764,459,0,6,2048,1,0,0.0,0.0,140.0,140.0,12,0,0,1752,0,0,0
train,0077-0070.svg,852,106,0,4,2048,1,0,0.0,0.0,140.0,140.0,6,0,0,846,0,0,0
train,0077-0075.svg,1375,382,0,9,2048,1,0,0.0,0.0,140.0,140.0,23,0,0,1352,0,0,0
train,0077-0081.svg,1747,119,0,4,2048,1,0,0.0,0.0,140.0,140.0,9,0,0,1738,0,0,0
train,0077-0082.svg,2799,832,0,7,2048,2,0,0.0,0.0,140.0,140.0,36,0,0,2763,0,0,0
train,0077-0101.svg,1549,238,0,4,2048,1,0,0.0,0.0,140.0,140.0,4,0,0,1545,0,0,0
train,0078-0004.svg,1388,100,0,2,2048,1,0,0.0,0.0,140.0,140.0,1,0,0,1387,0,0,0
train,0078-0005.svg,1918,1623,0,9,2048,1,0,0.0,0.0,140.0,140.0,36,0,0,1882,0,0,0
train,0078-0009.svg,2242,1154,0,9,2048,2,0,0.0,0.0,140.0,140.0,54,0,0,2188,0,0,0
train,0078-0010.svg,2141,1864,0,10,2048,2,0,0.0,0.0,140.0,140.0,50,0,0,2091,0,0,0
train,0078-0014.svg,1072,767,0,8,2048,1,0,0.0,0.0,140.0,140.0,17,0,0,1055,0,0,0
train,0078-0018.svg,1564,1121,0,8,2048,1,0,0.0,0.0,140.0,140.0,16,0,0,1548,0,0,0
train,0078-0019.svg,330,100,0,5,2048,1,0,0.0,0.0,140.0,140.0,11,0,0,319,0,0,0
train,0078-0022.svg,1005,732,0,7,2048,1,0,0.0,0.0,140.0,140.0,8,0,0,997,0,0,0
train,0079-0002.svg,7055,6098,0,3,2048,4,0,0.0,0.0,140.0,140.0,168,0,0,6887,0,0,0
train,0079-0003.svg,2097,820,0,4,2048,2,0,0.0,0.0,140.0,140.0,21,0,0,2076,0,0,0
train,0079-0004.svg,6617,5815,0,5,2048,4,0,0.0,0.0,140.0,140.0,152,0,0,6465,0,0,0
train,0079-0006.svg,10337,10153,0,2,2048,6,0,0.0,0.0,140.0,140.0,280,0,0,10057,0,0,0
train,0079-0011.svg,549,70,0,4,2048,1,0,0.0,0.0,140.0,140.0,3,0,0,546,0,0,0
train,0079-0012.svg,1670,1306,0,4,2048,1,0,0.0,0.0,140.0,140.0,2,0,0,1668,0,0,0
train,0080-0006.svg,508,366,0,7,2048,1,0,0.0,0.0,140.0,140.0,0,0,0,508,0,0,0
train,0080-0009.svg,209,37,0,3,2048,1,0,0.0,0.0,140.0,140.0,0,0,0,209,0,0,0
train,0080-0011.svg,916,707,0,8,2048,1,0,0.0,0.0,140.0,140.0,0,0,0,916,0,0,0
train,0080-0015.svg,302,232,0,4,2048,1,0,0.0,0.0,140.0,140.0,2,0,0,300,0,0,0
train,0080-0043.svg,515,261,0,6,2048,1,0,0.0,0.0,140.0,140.0,9,0,0,506,0,0,0
train,0080-0045.svg,383,201,0,5,2048,1,0,0.0,0.0,140.0,140.0,5,0,0,378,0,0,0
train,0080-0075.svg,136,51,0,3,2048,1,0,0.0,0.0,140.0,140.0,3,0,0,133,0,0,0
train,0081-0001.svg,839,232,0,4,2048,1,0,0.0,0.0,140.0,140.0,0,0,0,839,0,0,0
train,0081-0003.svg,1370,1098,0,12,2048,1,0,0.0,0.0,140.0,140.0,28,0,0,1342,0,0,0
train,0081-0004.svg,1355,1138,0,8,2048,1,0,0.0,0.0,140.0,140.0,31,0,0,1324,0,0,0
train,0081-0013.svg,401,32,0,2,2048,1,0,0.0,0.0,140.0,140.0,1,0,0,400,0,0,0
train,0081-0022.svg,846,619,0,10,2048,1,0,0.0,0.0,140.0,140.0,2,0,0,844,0,0,0
train,0081-0023.svg,1515,1385,0,6,2048,1,0,0.0,0.0,140.0,140.0,0,0,0,1515,0,0,0
train,0081-0031.svg,2309,1996,0,6,2048,2,0,0.0,0.0,140.0,140.0,2,0,0,2307,0,0,0
train,0081-0045.svg,1720,1457,0,6,2048,1,0,0.0,0.0,140.0,140.0,1,0,0,1719,0,0,0
train,0081-0058.svg,546,331,0,8,2048,1,0,0.0,0.0,140.0,140.0,6,0,0,540,0,0,0
train,0082-0002.svg,6606,5913,0,6,2048,4,0,0.0,0.0,140.0,140.0,190,0,0,6416,0,0,0
train,0082-0008.svg,4236,3369,0,9,2048,3,0,0.0,0.0,140.0,140.0,51,0,0,4185,0,0,0
train,0082-0023.svg,184,39,0,1,2048,1,0,0.0,0.0,140.0,140.0,2,0,0,182,0,0,0
train,0082-0042.svg,300,114,0,3,2048,1,0,0.0,0.0,140.0,140.0,6,0,0,294,0,0,0
train,0082-0049.svg,382,6,0,1,2048,1,0,0.0,0.0,140.0,140.0,1,0,0,381,0,0,0
train,0082-0059.svg,1797,83,0,3,2048,1,0,0.0,0.0,140.0,140.0,18,0,0,1779,0,0,0
train,0082-0074.svg,419,47,0,2,2048,1,0,0.0,0.0,140.0,140.0,14,0,0,405,0,0,0
train,0082-0090.svg,875,265,0,6,2048,1,0,0.0,0.0,140.0,140.0,14,0,0,861,0,0,0
train,0082-0115.svg,263,49,0,1,2048,1,0,0.0,0.0,140.0,140.0,3,0,0,260,0,0,0
train,0082-0118.svg,281,3,0,1,2048,1,0,0.0,0.0,140.0,140.0,2,0,0,279,0,0,0
train,0083-0001.svg,3774,3547,0,3,2048,2,0,0.0,0.0,140.0,140.0,112,0,0,3662,0,0,0
train,0083-0004.svg,683,282,0,7,2048,1,0,0.0,0.0,140.0,140.0,5,0,0,678,0,0,0
train,0083-0005.svg,7614,7357,0,2,2048,4,0,0.0,0.0,140.0,140.0,201,0,0,7413,0,0,0
train,0083-0009.svg,5316,4940,0,5,2048,3,0,0.0,0.0,140.0,140.0,128,0,0,5188,0,0,0
train,0083-0013.svg,7733,7014,0,4,2048,4,0,0.0,0.0,140.0,140.0,184,0,0,7549,0,0,0
train,0084-0001.svg,539,337,0,6,2048,1,0,0.0,0.0,140.0,140.0,2,0,0,537,0,0,0
train,0084-0004.svg,1802,1386,0,11,2048,1,0,0.0,0.0,140.0,140.0,69,0,0,1733,0,0,0
train,0084-0007.svg,829,418,0,10,2048,1,0,0.0,0.0,140.0,140.0,34,0,0,795,0,0,0
train,0084-0012.svg,1012,301,0,8,2048,1,0,0.0,0.0,140.0,140.0,2,0,0,1010,0,0,0
train,0084-0019.svg,224,37,0,2,2048,1,0,0.0,0.0,140.0,140.0,1,0,0,223,0,0,0
train,0084-0028.svg,270,56,0,4,2048,1,0,0.0,0.0,140.0,140.0,5,0,0,265,0,0,0
train,0084-0034.svg,224,44,0,3,2048,1,0,0.0,0.0,140.0,140.0,5,0,0,219,0,0,0
train,0084-0040.svg,350,88,0,5,2048,1,0,0.0,0.0,140.0,140.0,4,0,0,346,0,0,0
train,0084-0042.svg,373,137,0,5,2048,1,0,0.0,0.0,140.0,140.0,4,0,0,369,0,0,0
train,0084-0043.svg,1068,498,0,10,2048,1,0,0.0,0.0,140.0,140.0,34,0,0,1034,0,0,0
train,0084-0046.svg,585,245,0,8,2048,1,0,0.0,0.0,140.0,140.0,10,0,0,575,0,0,0
train,0085-0005.svg,399,113,0,2,2048,1,0,0.0,0.0,140.0,140.0,1,0,0,398,0,0,0
train,0085-0013.svg,684,344,0,8,2048,1,0,0.0,0.0,140.0,140.0,17,0,0,667,0,0,0
train,0085-0016.svg,830,447,0,8,2048,1,0,0.0,0.0,140.0,140.0,20,0,0,810,0,0,0
train,0085-0023.svg,255,73,0,4,2048,1,0,0.0,0.0,140.0,140.0,8,0,0,247,0,0,0
train,0086-0009.svg,1469,1111,0,9,2048,1,0,0.0,0.0,140.0,140.0,30,0,0,1439,0,0,0
train,0086-0010.svg,1390,635,0,10,2048,1,0,0.0,0.0,140.0,140.0,20,0,0,1370,0,0,0
train,0086-0012.svg,1136,312,0,2,2048,1,0,0.0,0.0,140.0,140.0,3,0,0,1133,0,0,0
train,0086-0014.svg,305,170,0,8,2048,1,0,0.0,0.0,140.0,140.0,6,0,0,299,0,0,0
train,0086-0022.svg,187,76,0,5,2048,1,0,0.0,0.0,140.0,140.0,6,0,0,181,0,0,0
train,0086-0023.svg,85,23,0,2,2048,1,0,0.0,0.0,140.0,140.0,2,0,0,83,0,0,0
train,0086-0025.svg,35,8,0,1,2048,1,0,0.0,0.0,140.0,140.0,2,0,0,33,0,0,0
train,0086-0038.svg,215,112,0,5,2048,1,0,0.0,0.0,140.0,140.0,0,0,0,215,0,0,0
train,0086-0039.svg,93,34,0,2,2048,1,0,0.0,0.0,140.0,140.0,5,0,0,88,0,0,0
train,0086-0041.svg,43,16,0,2,2048,1,0,0.0,0.0,140.0,140.0,0,0,0,43,0,0,0
train,0086-0054.svg,170,91,0,6,2048,1,0,0.0,0.0,140.0,140.0,2,0,0,168,0,0,0
train,0086-0056.svg,135,54,0,4,2048,1,0,0.0,0.0,140.0,140.0,2,0,0,133,0,0,0
train,0086-0063.svg,94,26,0,3,2048,1,0,0.0,0.0,140.0,140.0,2,0,0,92,0,0,0
train,0086-0079.svg,1142,18,0,2,2048,1,0,0.0,0.0,140.0,140.0,3,0,0,1139,0,0,0
train,0087-0002.svg,416,164,0,5,2048,1,0,0.0,0.0,140.0,140.0,10,0,0,406,0,0,0
train,0087-0006.svg,1863,1548,0,7,2048,1,0,0.0,0.0,140.0,140.0,0,0,0,1863,0,0,0
train,0087-0010.svg,698,516,0,5,2048,1,0,0.0,0.0,140.0,140.0,0,0,0,698,0,0,0
train,0087-0013.svg,738,327,0,6,2048,1,0,0.0,0.0,140.0,140.0,16,0,0,722,0,0,0
train,0087-0018.svg,110,9,0,2,2048,1,0,0.0,0.0,140.0,140.0,2,0,0,108,0,0,0
train,0087-0023.svg,195,37,0,3,2048,1,0,0.0,0.0,140.0,140.0,9,0,0,186,0,0,0
train,0087-0028.svg,119,6,0,1,2048,1,0,0.0,0.0,140.0,140.0,3,0,0,116,0,0,0
train,0087-0034.svg,291,76,0,3,2048,1,0,0.0,0.0,140.0,140.0,9,0,0,282,0,0,0
train,0087-0040.svg,278,37,0,2,2048,1,0,0.0,0.0,140.0,140.0,2,0,0,276,0,0,0
train,0087-0067.svg,106,36,0,3,2048,1,0,0.0,0.0,140.0,140.0,1,0,0,105,0,0,0
train,0088-0005.svg,1602,1288,0,11,2048,1,0,0.0,0.0,140.0,140.0,21,0,0,1581,0,0,0
train,0088-0006.svg,861,659,0,8,2048,1,0,0.0,0.0,140.0,140.0,14,0,0,847,0,0,0
train,0088-0010.svg,859,689,0,8,2048,1,0,0.0,0.0,140.0,140.0,14,0,0,845,0,0,0
train,0089-0000.svg,1720,961,0,6,2048,1,0,0.0,0.0,140.0,140.0,11,0,0,1709,0,0,0
train,0089-0052.svg,612,58,0,3,2048,1,0,0.0,0.0,140.0,140.0,3,0,0,609,0,0,0
train,0089-0067.svg,1009,406,0,6,2048,1,0,0.0,0.0,140.0,140.0,9,0,0,1000,0,0,0
train,0089-0080.svg,410,8,0,1,2048,1,0,0.0,0.0,140.0,140.0,7,0,0,403,0,0,0
train,0089-0084.svg,3432,3252,0,3,2048,2,0,0.0,0.0,140.0,140.0,7,0,0,3425,0,0,0
train,0089-0087.svg,1655,198,0,4,2048,1,0,0.0,0.0,140.0,140.0,13,0,0,1642,0,0,0
train,0089-0090.svg,1070,172,0,5,2048,1,0,0.0,0.0,140.0,140.0,16,0,0,1054,0,0,0
train,0089-0092.svg,5309,1103,0,6,2048,3,0,0.0,0.0,140.0,140.0,376,0,0,4933,0,0,0
train,0089-0098.svg,1597,645,0,9,2048,1,0,0.0,0.0,140.0,140.0,7,0,0,1590,0,0,0
train,0089-0100.svg,1901,1188,0,5,2048,1,0,0.0,0.0,140.0,140.0,2,36,0,1863,0,0,0
train,0089-0101.svg,3506,1483,0,7,2048,2,0,0.0,0.0,140.0,140.0,6,36,0,3464,0,0,0
train,0089-0119.svg,1473,160,0,4,2048,1,0,0.0,0.0,140.0,140.0,56,36,0,1381,0,0,0
train,0089-0120.svg,1374,190,0,5,2048,1,0,0.0,0.0,140.0,140.0,3,36,0,1335,0,0,0
train,0089-0121.svg,4073,765,0,7,2048,2,0,0.0,0.0,140.0,140.0,29,36,0,4008,0,0,0
train,0089-0123.svg,1585,192,0,7,2048,1,0,0.0,0.0,140.0,140.0,26,0,0,1559,0,0,0
train,0089-0134.svg,92,19,0,1,2048,1,0,0.0,0.0,140.0,140.0,6,0,0,86,0,0,0
train,0089-0138.svg,123,2,0,1,2048,1,0,0.0,0.0,140.0,140.0,6,0,0,117,0,0,0
train,0089-0148.svg,1055,524,0,6,2048,1,0,0.0,0.0,140.0,140.0,10,36,0,1009,0,0,0
train,0090-0007.svg,337,160,0,2,2048,1,0,0.0,0.0,140.0,140.0,0,0,0,337,0,0,0
train,0090-0009.svg,1404,727,0,5,2048,1,0,0.0,0.0,140.0,140.0,0,0,0,1404,0,0,0
train,0090-0089.svg,713,286,0,6,2048,1,0,0.0,0.0,140.0,140.0,21,0,0,692,0,0,0
train,0090-0091.svg,2052,1923,0,7,2048,2,0,0.0,0.0,140.0,140.0,1,0,0,2051,0,0,0
train,0090-0092.svg,792,308,0,10,2048,1,0,0.0,0.0,140.0,140.0,8,0,0,784,0,0,0
train,0090-0093.svg,1111,441,0,9,2048,1,0,0.0,0.0,140.0,140.0,33,0,0,1078,0,0,0
train,0090-0102.svg,405,106,0,3,2048,1,0,0.0,0.0,140.0,140.0,31,0,0,374,0,0,0
train,0090-0113.svg,719,45,0,4,2048,1,0,0.0,0.0,140.0,140.0,31,1,0,687,0,0,0
train,0090-0114.svg,815,657,0,1,2048,1,0,0.0,0.0,140.0,140.0,1,0,0,814,0,0,0
train,0090-0133.svg,283,22,0,1,2048,1,0,0.0,0.0,140.0,140.0,2,0,0,281,0,0,0
train,0090-0145.svg,630,88,0,3,2048,1,0,0.0,0.0,140.0,140.0,33,1,0,596,0,0,0
train,0090-0157.svg,593,171,0,5,2048,1,0,0.0,0.0,140.0,140.0,1,0,0,592,0,0,0
train,0090-0158.svg,403,60,0,4,2048,1,0,0.0,0.0,140.0,140.0,17,0,0,386,0,0,0
train,0090-0161.svg,632,217,0,4,2048,1,0,0.0,0.0,140.0,140.0,30,0,0,602,0,0,0
train,0090-0162.svg,727,183,0,3,2048,1,0,0.0,0.0,140.0,140.0,0,2,0,725,0,0,0
train,0090-0163.svg,549,88,0,2,2048,1,0,0.0,0.0,140.0,140.0,0,3,0,546,0,0,0
train,0090-0164.svg,545,80,0,2,2048,1,0,0.0,0.0,140.0,140.0,0,3,0,542,0,0,0
train,0091-0005.svg,1040,413,0,8,2048,1,0,0.0,0.0,140.0,140.0,0,0,0,1040,0,0,0
train,0091-0009.svg,1456,1100,0,11,2048,1,0,0.0,0.0,140.0,140.0,30,0,0,1426,0,0,0
train,0091-0013.svg,1382,514,0,6,2048,1,0,0.0,0.0,140.0,140.0,3,0,0,1379,0,0,0
train,0091-0014.svg,1387,498,0,5,2048,1,0,0.0,0.0,140.0,140.0,4,0,0,1383,0,0,0
train,0091-0015.svg,268,118,0,5,2048,1,0,0.0,0.0,140.0,140.0,4,0,0,264,0,0,0
train,0091-0017.svg,248,118,0,3,2048,1,0,0.0,0.0,140.0,140.0,2,0,0,246,0,0,0
train,0091-0046.svg,183,47,0,3,2048,1,0,0.0,0.0,140.0,140.0,3,0,0,180,0,0,0
train,0092-0000.svg,384,274,0,6,2048,1,0,0.0,0.0,140.0,140.0,2,0,0,382,0,0,0
train,0092-0005.svg,507,371,0,3,2048,1,0,0.0,0.0,140.0,140.0,2,0,0,505,0,0,0
train,0092-0006.svg,907,613,0,4,2048,1,0,0.0,0.0,140.0,140.0,0,0,0,907,0,0,0
train,0092-0010.svg,467,331,0,5,2048,1,0,0.0,0.0,140.0,140.0,2,0,0,465,0,0,0
train,0092-0016.svg,345,113,0,4,2048,1,0,0.0,0.0,140.0,140.0,0,0,0,345,0,0,0
train,0092-0032.svg,4992,1609,0,20,2048,3,0,0.0,0.0,140.0,140.0,54,1,0,4937,0,0,0
train,0092-0033.svg,9185,3463,0,22,2048,5,0,0.0,0.0,140.0,140.0,76,2,0,9107,0,0,0
train,0092-0038.svg,8875,3018,0,23,2048,5,0,0.0,0.0,140.0,140.0,91,5,0,8779,0,0,0
train,0092-0043.svg,8665,3385,0,19,2048,5,0,0.0,0.0,140.0,140.0,80,4,0,8581,0,0,0
train,0092-0048.svg,9024,2642,0,22,2048,5,0,0.0,0.0,140.0,140.0,87,5,0,8932,0,0,0
train,0092-0053.svg,8949,2901,0,19,2048,5,0,0.0,0.0,140.0,140.0,77,2,0,8870,0,0,0
train,0093-0003.svg,814,730,0,8,2048,1,0,0.0,0.0,140.0,140.0,23,0,0,791,0,0,0
train,0093-0009.svg,551,80,0,4,2048,1,0,0.0,0.0,140.0,140.0,6,0,0,545,0,0,0
train,0093-0011.svg,1188,460,0,2,2048,1,0,0.0,0.0,140.0,140.0,0,0,0,1188,0,0,0
train,0094-0001.svg,292,145,0,2,2048,1,0,0.0,0.0,140.0,140.0,0,0,0,292,0,0,0
train,0094-0006.svg,1153,485,0,11,2048,1,0,0.0,0.0,140.0,140.0,13,0,0,1140,0,0,0
train,0094-0008.svg,858,521,0,5,2048,1,0,0.0,0.0,140.0,140.0,0,0,0,858,0,0,0
train,0094-0012.svg,907,648,0,1,2048,1,0,0.0,0.0,140.0,140.0,0,0,0,907,0,0,0
train,0094-0013.svg,1739,664,0,7,2048,1,0,0.0,0.0,140.0,140.0,10,0,0,1729,0,0,0
train,0094-0020.svg,1540,322,0,5,2048,1,0,0.0,0.0,140.0,140.0,2,0,0,1538,0,0,0
train,0094-0041.svg,1571,308,0,3,2048,1,0,0.0,0.0,140.0,140.0,7,0,0,1564,0,0,0
train,0094-0050.svg,732,586,0,6,2048,1,0,0.0,0.0,140.0,140.0,0,0,0,732,0,0,0
train,0094-0057.svg,579,300,0,6,2048,1,0,0.0,0.0,140.0,140.0,4,0,0,575,0,0,0
train,0094-0062.svg,1741,285,0,5,2048,1,0,0.0,0.0,140.0,140.0,25,0,0,1716,0,0,0
train,0095-0002.svg,299,187,0,7,2048,1,0,0.0,0.0,140.0,140.0,8,0,0,291,0,0,0
train,0095-0006.svg,687,582,0,7,2048,1,0,0.0,0.0,140.0,140.0,6,0,0,681,0,0,0
train,0095-0007.svg,827,559,0,8,2048,1,0,0.0,0.0,140.0,140.0,21,0,0,806,0,0,0
train,0095-0008.svg,652,427,0,4,2048,1,0,0.0,0.0,140.0,140.0,0,0,0,652,0,0,0
train,0095-0009.svg,395,79,0,3,2048,1,0,0.0,0.0,140.0,140.0,0,0,0,395,0,0,0
train,0095-0012.svg,542,380,0,5,2048,1,0,0.0,0.0,140.0,140.0,0,0,0,542,0,0,0
train,0095-0014.svg,515,351,0,5,2048,1,0,0.0,0.0,140.0,140.0,0,0,0,515,0,0,0
train,0095-0021.svg,428,262,0,7,2048,1,0,0.0,0.0,140.0,140.0,9,0,0,419,0,0,0
train,0095-0031.svg,865,681,0,8,2048,1,0,0.0,0.0,140.0,140.0,4,0,0,861,0,0,0
train,0096-0003.svg,722,396,0,4,2048,1,0,0.0,0.0,140.0,140.0,1,0,0,721,0,0,0
train,0096-0012.svg,958,763,0,7,2048,1,0,0.0,0.0,140.0,140.0,0,0,0,958,0,0,0
train,0096-0071.svg,204,57,0,3,2048,1,0,0.0,0.0,140.0,140.0,3,0,0,201,0,0,0
train,0097-0002.svg,464,289,0,4,2048,1,0,0.0,0.0,140.0,140.0,0,0,0,464,0,0,0
train,0097-0012.svg,1038,807,0,8,2048,1,0,0.0,0.0,140.0,140.0,26,0,0,1012,0,0,0
train,0097-0013.svg,1244,963,0,8,2048,1,0,0.0,0.0,140.0,140.0,18,0,0,1226,0,0,0
train,0097-0331.svg,9287,3788,0,20,2048,5,0,0.0,0.0,140.0,140.0,116,2,0,9169,0,0,0
train,0097-0332.svg,7553,2312,0,19,2048,4,0,0.0,0.0,140.0,140.0,81,1,0,7471,0,0,0
train,0097-0358.svg,5641,1922,0,20,2048,3,0,0.0,0.0,140.0,140.0,71,2,0,5568,0,0,0
train,0097-0359.svg,8354,1826,0,19,2048,5,0,0.0,0.0,140.0,140.0,70,2,0,8282,0,0,0
train,0097-0412.svg,5825,1885,0,20,2048,3,0,0.0,0.0,140.0,140.0,71,2,0,5752,0,0,0
train,0098-0000.svg,1230,517,0,4,2048,1,0,0.0,0.0,140.0,140.0,1,0,0,1229,0,0,0
train,0098-0004.svg,1550,1323,0,8,2048,1,0,0.0,0.0,140.0,140.0,37,0,0,1513,0,0,0
train,0098-0007.svg,847,424,0,6,2048,1,0,0.0,0.0,140.0,140.0,22,0,0,825,0,0,0
train,0098-0013.svg,677,320,0,9,2048,1,0,0.0,0.0,140.0,140.0,16,0,0,661,0,0,0
train,0098-0037.svg,263,36,0,3,2048,1,0,0.0,0.0,140.0,140.0,10,0,0,253,0,0,0
train,0098-0056.svg,215,33,0,3,2048,1,0,0.0,0.0,140.0,140.0,4,0,0,211,0,0,0
train,0099-0000.svg,1269,730,0,4,2048,1,0,0.0,0.0,140.0,140.0,0,0,0,1269,0,0,0
train,0099-0015.svg,3257,1311,0,23,2048,2,0,0.0,0.0,140.0,140.0,52,0,0,3205,0,0,0
train,0099-0020.svg,1194,625,0,18,2048,1,0,0.0,0.0,140.0,140.0,26,0,0,1168,0,0,0
train,0099-0021.svg,2705,1333,0,22,2048,2,0,0.0,0.0,140.0,140.0,45,0,0,2660,0,0,0
train,0099-0026.svg,1027,446,0,17,2048,1,0,0.0,0.0,140.0,140.0,21,0,0,1006,0,0,0
train,0099-0028.svg,573,244,0,10,2048,1,0,0.0,0.0,140.0,140.0,25,0,0,548,0,0,0
train,0100-0006.svg,77,2,0,1,2048,1,0,0.0,0.0,140.0,140.0,1,0,0,76,0,0,0
train,0100-0011.svg,1735,830,0,12,2048,1,0,0.0,0.0,140.0,140.0,28,0,0,1707,0,0,0
train,0100-0041.svg,254,157,0,4,2048,1,0,0.0,0.0,140.0,140.0,0,0,0,254,0,0,0
train,0100-0048.svg,180,106,0,5,2048,1,0,0.0,0.0,140.0,140.0,0,0,0,180,0,0,0
train,0100-0052.svg,90,12,0,1,2048,1,0,0.0,0.0,140.0,140.0,0,0,0,90,0,0,0
train,0100-0054.svg,49,34,0,2,2048,1,0,0.0,0.0,140.0,140.0,0,0,0,49,0,0,0
train,0100-0058.svg,293,251,0,5,2048,1,0,0.0,0.0,140.0,140.0,0,0,0,293,0,0,0
train,0100-0063.svg,557,467,0,4,2048,1,0,0.0,0.0,140.0,140.0,0,0,0,557,0,0,0
train,0100-0064.svg,368,349,0,1,2048,1,0,0.0,0.0,140.0,140.0,0,0,0,368,0,0,0
train,0100-0069.svg,346,323,0,7,2048,1,0,0.0,0.0,140.0,140.0,0,0,0,346,0,0,0
train,0100-0070.svg,1057,1032,0,5,2048,1,0,0.0,0.0,140.0,140.0,0,0,0,1057,0,0,0
train,0100-0071.svg,1113,1108,0,2,2048,1,0,0.0,0.0,140.0,140.0,0,0,0,1113,0,0,0
train,0100-0073.svg,1125,1092,0,2,2048,1,0,0.0,0.0,140.0,140.0,0,0,0,1125,0,0,0
train,0101-0013.svg,1617,485,0,8,2048,1,0,0.0,0.0,140.0,140.0,9,0,0,1608,0,0,0
train,0101-0019.svg,581,150,0,4,2048,1,0,0.0,0.0,140.0,140.0,1,0,0,580,0,0,0
train,0101-0025.svg,50,17,0,3,2048,1,0,0.0,0.0,140.0,140.0,0,0,0,50,0,0,0
train,0101-0033.svg,21,0,0,0,2048,1,0,0.0,0.0,140.0,140.0,0,0,0,21,0,0,0
train,0101-0035.svg,854,765,0,4,2048,1,0,0.0,0.0,140.0,140.0,46,0,0,808,0,0,0
train,0101-0036.svg,4174,4100,0,5,2048,3,0,0.0,0.0,140.0,140.0,256,0,0,3918,0,0,0
train,0101-0037.svg,2645,2534,0,5,2048,2,0,0.0,0.0,140.0,140.0,154,0,0,2491,0,0,0
train,0101-0038.svg,6526,6381,0,5,2048,4,0,0.0,0.0,140.0,140.0,420,0,0,6106,0,0,0
train,0101-0045.svg,1583,1491,0,3,2048,1,0,0.0,0.0,140.0,140.0,100,0,0,1483,0,0,0
train,0101-0046.svg,9164,9125,0,2,2048,5,0,0.0,0.0,140.0,140.0,600,0,0,8564,0,0,0
train,0101-0047.svg,4165,4079,0,4,2048,3,0,0.0,0.0,140.0,140.0,268,0,0,3897,0,0,0
train,0101-0048.svg,2063,829,0,13,2048,2,0,0.0,0.0,140.0,140.0,30,0,0,2033,0,0,0
train,0101-0055.svg,2066,749,0,13,2048,2,0,0.0,0.0,140.0,140.0,29,0,0,2037,0,0,0
train,0101-0068.svg,354,267,0,4,2048,1,0,0.0,0.0,140.0,140.0,0,0,0,354,0,0,0
train,0101-0069.svg,101,56,0,4,2048,1,0,0.0,0.0,140.0,140.0,0,0,0,101,0,0,0
train,0101-0075.svg,354,190,0,4,2048,1,0,0.0,0.0,140.0,140.0,0,0,0,354,0,0,0
train,0101-0076.svg,380,166,0,3,2048,1,0,0.0,0.0,140.0,140.0,0,0,0,380,0,0,0
train,0101-0077.svg,470,137,0,4,2048,1,0,0.0,0.0,140.0,140.0,0,0,0,470,0,0,0
train,0101-0078.svg,273,179,0,5,2048,1,0,0.0,0.0,140.0,140.0,0,0,0,273,0,0,0
train,0101-0083.svg,91,52,0,3,2048,1,0,0.0,0.0,140.0,140.0,0,0,0,91,0,0,0
train,0101-0084.svg,273,184,0,7,2048,1,0,0.0,0.0,140.0,140.0,11,1,0,261,0,0,0
train,0101-0088.svg,172,62,0,2,2048,1,0,0.0,0.0,140.0,140.0,0,0,0,172,0,0,0
train,0101-0094.svg,375,188,0,4,2048,1,0,0.0,0.0,140.0,140.0,0,0,0,375,0,0,0
train,0101-0099.svg,161,54,0,4,2048,1,0,0.0,0.0,140.0,140.0,0,0,0,161,0,0,0
train,0102-0001.svg,78,7,0,1,2048,1,0,0.0,0.0,140.0,140.0,2,0,0,76,0,0,0
train,0102-0004.svg,357,181,0,4,2048,1,0,0.0,0.0,140.0,140.0,0,0,0,357,0,0,0
train,0102-0006.svg,261,153,0,4,2048,1,0,0.0,0.0,140.0,140.0,0,0,0,261,0,0,0
train,0102-0009.svg,151,45,0,3,2048,1,0,0.0,0.0,140.0,140.0,1,0,0,150,0,0,0
train,0102-0016.svg,99,71,0,2,2048,1,0,0.0,0.0,140.0,140.0,0,0,0,99,0,0,0
train,0102-0018.svg,253,35,0,2,2048,1,0,0.0,0.0,140.0,140.0,0,0,0,253,0,0,0
train,0102-0021.svg,75,22,0,1,2048,1,0,0.0,0.0,140.0,140.0,1,0,0,74,0,0,0
train,0102-0023.svg,228,83,0,3,2048,1,0,0.0,0.0,140.0,140.0,0,0,0,228,0,0,0
train,0102-0034.svg,375,151,0,3,2048,1,0,0.0,0.0,140.0,140.0,0,0,0,375,0,0,0
train,0102-0043.svg,369,248,0,4,2048,1,0,0.0,0.0,140.0,140.0,0,0,0,369,0,0,0
train,0102-0045.svg,257,97,0,2,2048,1,0,0.0,0.0,140.0,140.0,0,0,0,257,0,0,0
train,0102-0047.svg,841,343,0,6,2048,1,0,0.0,0.0,140.0,140.0,5,0,0,836,0,0,0
train,0102-0048.svg,2795,619,0,8,2048,2,0,0.0,0.0,140.0,140.0,52,4,0,2739,0,0,0
train,0102-0053.svg,352,188,0,5,2048,1,0,0.0,0.0,140.0,140.0,0,0,0,352,0,0,0
train,0102-0056.svg,169,31,0,3,2048,1,0,0.0,0.0,140.0,140.0,0,0,0,169,0,0,0
train,0102-0058.svg,329,205,0,4,2048,1,0,0.0,0.0,140.0,140.0,0,0,0,329,0,0,0
train,0102-0063.svg,319,185,0,4,2048,1,0,0.0,0.0,140.0,140.0,0,0,0,319,0,0,0
train,0103-0003.svg,331,186,0,4,2048,1,0,0.0,0.0,140.0,140.0,0,0,0,331,0,0,0
train,0103-0004.svg,232,83,0,3,2048,1,0,0.0,0.0,140.0,140.0,0,0,0,232,0,0,0
train,0103-0008.svg,235,59,0,3,2048,1,0,0.0,0.0,140.0,140.0,0,0,0,235,0,0,0
train,0103-0013.svg,1728,267,0,5,2048,1,0,0.0,0.0,140.0,140.0,3,0,0,1725,0,0,0
train,0103-0014.svg,278,127,0,5,2048,1,0,0.0,0.0,140.0,140.0,0,0,0,278,0,0,0
train,0103-0017.svg,235,39,0,2,2048,1,0,0.0,0.0,140.0,140.0,0,0,0,235,0,0,0
train,0103-0019.svg,214,81,0,2,2048,1,0,0.0,0.0,140.0,140.0,1,0,0,213,0,0,0
train,0103-0026.svg,116,89,0,2,2048,1,0,0.0,0.0,140.0,140.0,0,0,0,116,0,0,0
train,0103-0029.svg,182,37,0,2,2048,1,0,0.0,0.0,140.0,140.0,0,0,0,182,0,0,0
train,0103-0033.svg,1541,269,0,9,2048,1,0,0.0,0.0,140.0,140.0,52,0,0,1489,0,0,0
train,0103-0034.svg,1845,569,0,5,2048,1,0,0.0,0.0,140.0,140.0,2,0,0,1843,0,0,0
train,0103-0036.svg,127,62,0,3,2048,1,0,0.0,0.0,140.0,140.0,0,0,0,127,0,0,0
train,0103-0039.svg,107,18,0,2,2048,1,0,0.0,0.0,140.0,140.0,0,0,0,107,0,0,0
train,0103-0047.svg,170,45,0,3,2048,1,0,0.0,0.0,140.0,140.0,0,0,0,170,0,0,0
train,0103-0051.svg,88,29,0,2,2048,1,0,0.0,0.0,140.0,140.0,0,0,0,88,0,0,0
train,0103-0054.svg,419,142,0,5,2048,1,0,0.0,0.0,140.0,140.0,1,0,0,418,0,0,0
train,0103-0055.svg,1637,84,0,2,2048,1,0,0.0,0.0,140.0,140.0,2,0,0,1635,0,0,0
train,0103-0058.svg,379,220,0,4,2048,1,0,0.0,0.0,140.0,140.0,0,0,0,379,0,0,0
train,0103-0061.svg,143,64,0,3,2048,1,0,0.0,0.0,140.0,140.0,0,0,0,143,0,0,0
train,0103-0063.svg,949,682,0,7,2048,1,0,0.0,0.0,140.0,140.0,59,6,0,884,0,0,0
train,0103-0064.svg,626,392,0,7,2048,1,0,0.0,0.0,140.0,140.0,5,0,0,621,0,0,0
train,0103-0069.svg,52,3,0,1,2048,1,0,0.0,0.0,140.0,140.0,1,0,0,51,0,0,0
train,0103-0077.svg,47,5,0,1,2048,1,0,0.0,0.0,140.0,140.0,1,0,0,46,0,0,0
train,0104-0013.svg,39,26,0,2,2048,1,0,0.0,0.0,140.0,140.0,0,0,0,39,0,0,0
train,0104-0014.svg,606,266,0,8,2048,1,0,0.0,0.0,140.0,140.0,18,0,0,588,0,0,0
train,0104-0015.svg,41,32,0,2,2048,1,0,0.0,0.0,140.0,140.0,0,0,0,41,0,0,0
train,0104-0017.svg,777,416,0,8,2048,1,0,0.0,0.0,140.0,140.0,18,0,0,759,0,0,0
train,0104-0018.svg,36,32,0,2,2048,1,0,0.0,0.0,140.0,140.0,0,0,0,36,0,0,0
train,0104-0030.svg,215,146,0,3,2048,1,0,0.0,0.0,140.0,140.0,0,0,0,215,0,0,0
train,0104-0035.svg,58,44,0,2,2048,1,0,0.0,0.0,140.0,140.0,3,0,0,55,0,0,0
train,0104-0047.svg,194,56,0,4,2048,1,0,0.0,0.0,140.0,140.0,0,0,0,194,0,0,0
train,0104-0052.svg,479,427,0,3,2048,1,0,0.0,0.0,140.0,140.0,0,0,0,479,0,0,0
train,0104-0060.svg,101,61,0,3,2048,1,0,0.0,0.0,140.0,140.0,0,0,0,101,0,0,0
train,0104-0061.svg,45,41,0,1,2048,1,0,0.0,0.0,140.0,140.0,0,0,0,45,0,0,0
train,0104-0069.svg,67,23,0,2,2048,1,0,0.0,0.0,140.0,140.0,0,0,0,67,0,0,0
train,0104-0074.svg,522,483,0,4,2048,1,0,0.0,0.0,140.0,140.0,0,0,0,522,0,0,0
train,0104-0075.svg,791,759,0,3,2048,1,0,0.0,0.0,140.0,140.0,0,0,0,791,0,0,0
train,0104-0082.svg,60,55,0,1,2048,1,0,0.0,0.0,140.0,140.0,0,0,0,60,0,0,0
train,0104-0084.svg,423,380,0,8,2048,1,0,0.0,0.0,140.0,140.0,0,0,0,423,0,0,0
train,0104-0087.svg,473,384,0,2,2048,1,0,0.0,0.0,140.0,140.0,0,0,0,473,0,0,0
train,0104-0102.svg,7,0,0,0,2048,1,0,0.0,0.0,140.0,140.0,0,0,0,7,0,0,0
train,0104-0104.svg,65,62,0,1,2048,1,0,0.0,0.0,140.0,140.0,0,0,0,65,0,0,0
train,0104-0105.svg,88,70,0,1,2048,1,0,0.0,0.0,140.0,140.0,1,0,0,87,0,0,0
train,0104-0109.svg,194,4,0,1,2048,1,0,0.0,0.0,140.0,140.0,0,0,0,194,0,0,0
train,0105-0003.svg,337,208,0,4,2048,1,0,0.0,0.0,140.0,140.0,0,0,0,337,0,0,0
train,0105-0011.svg,80,36,0,2,2048,1,0,0.0,0.0,140.0,140.0,0,0,0,80,0,0,0
train,0105-0014.svg,268,146,0,5,2048,1,0,0.0,0.0,140.0,140.0,0,0,0,268,0,0,0
train,0105-0017.svg,231,15,0,2,2048,1,0,0.0,0.0,140.0,140.0,0,0,0,231,0,0,0
train,0105-0018.svg,308,97,0,3,2048,1,0,0.0,0.0,140.0,140.0,0,0,0,308,0,0,0
train,0105-0021.svg,242,76,0,4,2048,1,0,0.0,0.0,140.0,140.0,0,0,0,242,0,0,0
train,0105-0025.svg,150,104,0,4,2048,1,0,0.0,0.0,140.0,140.0,0,0,0,150,0,0,0
train,0105-0028.svg,305,137,0,4,2048,1,0,0.0,0.0,140.0,140.0,0,0,0,305,0,0,0
train,0105-0038.svg,175,88,0,6,2048,1,0,0.0,0.0,140.0,140.0,6,0,0,169,0,0,0
train,0105-0041.svg,247,84,0,4,2048,1,0,0.0,0.0,140.0,140.0,0,0,0,247,0,0,0
train,0105-0047.svg,246,38,0,3,2048,1,0,0.0,0.0,140.0,140.0,0,0,0,246,0,0,0
train,0105-0048.svg,222,19,0,2,2048,1,0,0.0,0.0,140.0,140.0,0,0,0,222,0,0,0
train,0105-0058.svg,444,257,0,4,2048,1,0,0.0,0.0,140.0,140.0,0,0,0,444,0,0,0
train,0105-0065.svg,377,267,0,6,2048,1,0,0.0,0.0,140.0,140.0,0,0,0,377,0,0,0
train,0105-0069.svg,79,22,0,2,2048,1,0,0.0,0.0,140.0,140.0,0,0,0,79,0,0,0
train,0105-0078.svg,37,12,0,1,2048,1,0,0.0,0.0,140.0,140.0,0,0,0,37,0,0,0
train,0105-0084.svg,26,2,0,1,2048,1,0,0.0,0.0,140.0,140.0,0,0,0,26,0,0,0
train,0105-0085.svg,69,32,0,2,2048,1,0,0.0,0.0,140.0,140.0,1,0,0,68,0,0,0
train,0105-0101.svg,85,16,0,2,2048,1,0,0.0,0.0,140.0,140.0,2,0,0,83,0,0,0
train,0105-0112.svg,140,61,0,4,2048,1,0,0.0,0.0,140.0,140.0,2,0,0,138,0,0,0
train,0105-0150.svg,178,97,0,6,2048,1,0,0.0,0.0,140.0,140.0,0,0,0,178,0,0,0
train,0106-0002.svg,268,147,0,4,2048,1,0,0.0,0.0,140.0,140.0,4,0,0,264,0,0,0
train,0106-0017.svg,355,246,0,2,2048,1,0,0.0,0.0,140.0,140.0,0,0,0,355,0,0,0
train,0106-0026.svg,685,614,0,5,2048,1,0,0.0,0.0,140.0,140.0,0,0,0,685,0,0,0
train,0106-0035.svg,108,55,0,3,2048,1,0,0.0,0.0,140.0,140.0,2,0,0,106,0,0,0
train,0106-0038.svg,295,184,0,3,2048,1,0,0.0,0.0,140.0,140.0,0,0,0,295,0,0,0
train,0106-0057.svg,5754,5624,0,4,2048,3,0,0.0,0.0,140.0,140.0,356,0,0,5398,0,0,0
train,0106-0058.svg,7646,7445,0,5,2048,4,0,0.0,0.0,140.0,140.0,492,0,0,7154,0,0,0
train,0106-0068.svg,1954,1872,0,3,2048,1,0,0.0,0.0,140.0,140.0,120,0,0,1834,0,0,0
train,0106-0069.svg,89,43,0,2,2048,1,0,0.0,0.0,140.0,140.0,0,0,0,89,0,0,0
train,0106-0088.svg,340,247,0,4,2048,1,0,0.0,0.0,140.0,140.0,0,0,0,340,0,0,0
train,0106-0098.svg,250,173,0,4,2048,1,0,0.0,0.0,140.0,140.0,0,0,0,250,0,0,0
train,0106-0115.svg,118,36,0,2,2048,1,0,0.0,0.0,140.0,140.0,0,0,0,118,0,0,0
train,0106-0119.svg,188,66,0,3,2048,1,0,0.0,0.0,140.0,140.0,1,0,0,187,0,0,0
train,0107-0004.svg,354,165,0,3,2048,1,0,0.0,0.0,140.0,140.0,0,0,0,354,0,0,0
train,0107-0008.svg,681,309,0,8,2048,1,0,0.0,0.0,140.0,140.0,5,0,0,676,0,0,0
train,0107-0015.svg,394,123,0,6,2048,1,0,0.0,0.0,140.0,140.0,7,0,0,387,0,0,0
train,0107-0018.svg,165,20,0,2,2048,1,0,0.0,0.0,140.0,140.0,0,0,0,165,0,0,0
train,0107-0027.svg,199,32,0,2,2048,1,0,0.0,0.0,140.0,140.0,0,0,0,199,0,0,0
train,0107-0029.svg,173,47,0,2,2048,1,0,0.0,0.0,140.0,140.0,0,0,0,173,0,0,0
train,0107-0034.svg,277,118,0,3,2048,1,0,0.0,0.0,140.0,140.0,0,0,0,277,0,0,0
train,0107-0035.svg,321,171,0,3,2048,1,0,0.0,0.0,140.0,140.0,0,0,0,321,0,0,0
train,0107-0036.svg,217,124,0,3,2048,1,0,0.0,0.0,140.0,140.0,0,0,0,217,0,0,0
train,0107-0038.svg,444,194,0,3,2048,1,0,0.0,0.0,140.0,140.0,0,0,0,444,0,0,0
train,0107-0043.svg,260,157,0,6,2048,1,0,0.0,0.0,140.0,140.0,0,0,0,260,0,0,0
train,0107-0047.svg,318,84,0,3,2048,1,0,0.0,0.0,140.0,140.0,0,0,0,318,0,0,0
train,0107-0048.svg,1060,675,0,9,2048,1,0,0.0,0.0,140.0,140.0,48,4,0,1008,0,0,0
train,0107-0049.svg,258,70,0,5,2048,1,0,0.0,0.0,140.0,140.0,0,0,0,258,0,0,0
train,0107-0058.svg,421,236,0,4,2048,1,0,0.0,0.0,140.0,140.0,0,0,0,421,0,0,0
train,0107-0063.svg,261,210,0,4,2048,1,0,0.0,0.0,140.0,140.0,0,0,0,261,0,0,0
train,0107-0064.svg,338,94,0,2,2048,1,0,0.0,0.0,140.0,140.0,0,0,0,338,0,0,0
train,0108-0003.svg,268,143,0,5,2048,1,0,0.0,0.0,140.0,140.0,34,6,0,228,0,0,0
train,0108-0031.svg,831,662,0,7,2048,1,0,0.0,0.0,140.0,140.0,4,0,0,827,0,0,0
train,0108-0036.svg,793,503,0,9,2048,1,0,0.0,0.0,140.0,140.0,31,2,0,760,0,0,0
train,0108-0037.svg,428,221,0,6,2048,1,0,0.0,0.0,140.0,140.0,15,2,0,411,0,0,0
train,0108-0038.svg,265,93,0,3,2048,1,0,0.0,0.0,140.0,140.0,0,0,0,265,0,0,0
train,0108-0040.svg,100,31,0,3,2048,1,0,0.0,0.0,140.0,140.0,0,0,0,100,0,0,0
train,0108-0044.svg,294,70,0,2,2048,1,0,0.0,0.0,140.0,140.0,0,0,0,294,0,0,0
train,0108-0052.svg,124,22,0,2,2048,1,0,0.0,0.0,140.0,140.0,0,0,0,124,0,0,0
train,0108-0056.svg,212,20,0,2,2048,1,0,0.0,0.0,140.0,140.0,0,0,0,212,0,0,0
train,0108-0057.svg,158,18,0,3,2048,1,0,0.0,0.0,140.0,140.0,0,0,0,158,0,0,0
train,0108-0063.svg,91,42,0,4,2048,1,0,0.0,0.0,140.0,140.0,0,0,0,91,0,0,0
train,0108-0064.svg,145,77,0,2,2048,1,0,0.0,0.0,140.0,140.0,0,0,0,145,0,0,0
train,0108-0065.svg,193,29,0,2,2048,1,0,0.0,0.0,140.0,140.0,0,0,0,193,0,0,0
train,0108-0078.svg,224,91,0,3,2048,1,0,0.0,0.0,140.0,140.0,0,0,0,224,0,0,0
train,0108-0080.svg,320,216,0,3,2048,1,0,0.0,0.0,140.0,140.0,0,0,0,320,0,0,0
train,0108-0081.svg,152,95,0,3,2048,1,0,0.0,0.0,140.0,140.0,1,0,0,151,0,0,0
train,0108-0088.svg,394,146,0,3,2048,1,0,0.0,0.0,140.0,140.0,0,0,0,394,0,0,0
train,0108-0090.svg,191,60,0,3,2048,1,0,0.0,0.0,140.0,140.0,0,0,0,191,0,0,0
train,0108-0091.svg,319,16,0,1,2048,1,0,0.0,0.0,140.0,140.0,0,0,0,319,0,0,0
train,0108-0092.svg,343,188,0,4,2048,1,0,0.0,0.0,140.0,140.0,0,0,0,343,0,0,0
train,0108-0101.svg,241,37,0,2,2048,1,0,0.0,0.0,140.0,140.0,0,0,0,241,0,0,0
train,0108-0105.svg,83,45,0,3,2048,1,0,0.0,0.0,140.0,140.0,0,0,0,83,0,0,0
train,0108-0112.svg,301,162,0,4,2048,1,0,0.0,0.0,140.0,140.0,0,0,0,301,0,0,0
train,0108-0114.svg,217,81,0,4,2048,1,0,0.0,0.0,140.0,140.0,0,0,0,217,0,0,0
train,0108-0115.svg,270,62,0,3,2048,1,0,0.0,0.0,140.0,140.0,0,0,0,270,0,0,0
train,0108-0116.svg,151,78,0,4,2048,1,0,0.0,0.0,140.0,140.0,0,0,0,151,0,0,0
train,0108-0117.svg,145,71,0,3,2048,1,0,0.0,0.0,140.0,140.0,1,0,0,144,0,0,0
train,0108-0123.svg,80,59,0,3,2048,1,0,0.0,0.0,140.0,140.0,0,0,0,80,0,0,0
train,0108-0124.svg,277,70,0,4,2048,1,0,0.0,0.0,140.0,140.0,0,0,0,277,0,0,0
train,0108-0127.svg,179,58,0,3,2048,1,0,0.0,0.0,140.0,140.0,0,0,0,179,0,0,0
train,0109-0002.svg,106,85,0,3,2048,1,0,0.0,0.0,140.0,140.0,0,0,0,106,0,0,0
train,0109-0006.svg,1314,565,0,9,2048,1,0,0.0,0.0,140.0,140.0,86,4,0,1224,0,0,0
train,0109-0012.svg,1293,1195,0,5,2048,1,0,0.0,0.0,140.0,140.0,23,0,0,1270,0,0,0
train,0109-0014.svg,134,61,0,4,2048,1,0,0.0,0.0,140.0,140.0,0,0,0,134,0,0,0
train,0109-0017.svg,203,45,0,3,2048,1,0,0.0,0.0,140.0,140.0,0,0,0,203,0,0,0
train,0109-0020.svg,68,32,0,2,2048,1,0,0.0,0.0,140.0,140.0,0,0,0,68,0,0,0
train,0109-0028.svg,163,32,0,3,2048,1,0,0.0,0.0,140.0,140.0,0,0,0,163,0,0,0
train,0109-0037.svg,280,169,0,3,2048,1,0,0.0,0.0,140.0,140.0,0,0,0,280,0,0,0
train,0109-0038.svg,307,167,0,3,2048,1,0,0.0,0.0,140.0,140.0,0,0,0,307,0,0,0
train,0109-0042.svg,145,73,0,1,2048,1,0,0.0,0.0,140.0,140.0,0,0,0,145,0,0,0
train,0109-0044.svg,299,67,0,3,2048,1,0,0.0,0.0,140.0,140.0,0,0,0,299,0,0,0
train,0109-0053.svg,268,45,0,2,2048,1,0,0.0,0.0,140.0,140.0,0,0,0,268,0,0,0
train,0109-0054.svg,209,13,0,1,2048,1,0,0.0,0.0,140.0,140.0,0,0,0,209,0,0,0
train,0109-0056.svg,253,100,0,3,2048,1,0,0.0,0.0,140.0,140.0,0,0,0,253,0,0,0
train,0109-0057.svg,204,92,0,4,2048,1,0,0.0,0.0,140.0,140.0,0,0,0,204,0,0,0
train,0109-0061.svg,215,71,0,3,2048,1,0,0.0,0.0,140.0,140.0,0,0,0,215,0,0,0
train,0109-0073.svg,79,59,0,3,2048,1,0,0.0,0.0,140.0,140.0,0,0,0,79,0,0,0
train,0109-0074.svg,231,127,0,4,2048,1,0,0.0,0.0,140.0,140.0,0,0,0,231,0,0,0
train,0109-0078.svg,225,164,0,7,2048,1,0,0.0,0.0,140.0,140.0,0,0,0,225,0,0,0
train,0109-0087.svg,119,56,0,3,2048,1,0,0.0,0.0,140.0,140.0,0,0,0,119,0,0,0
train,0109-0099.svg,44,9,0,2,2048,1,0,0.0,0.0,140.0,140.0,1,0,0,43,0,0,0
train,0110-0004.svg,304,168,0,4,2048,1,0,0.0,0.0,140.0,140.0,0,0,0,304,0,0,0
train,0110-0007.svg,250,50,0,3,2048,1,0,0.0,0.0,140.0,140.0,0,0,0,250,0,0,0
train,0110-0008.svg,151,78,0,4,2048,1,0,0.0,0.0,140.0,140.0,0,0,0,151,0,0,0
train,0110-0017.svg,332,32,0,3,2048,1,0,0.0,0.0,140.0,140.0,0,0,0,332,0,0,0
train,0110-0018.svg,226,98,0,4,2048,1,0,0.0,0.0,140.0,140.0,0,0,0,226,0,0,0
train,0110-0027.svg,108,74,0,3,2048,1,0,0.0,0.0,140.0,140.0,0,0,0,108,0,0,0
train,0110-0029.svg,180,34,0,2,2048,1,0,0.0,0.0,140.0,140.0,0,0,0,180,0,0,0
train,0110-0043.svg,276,38,0,2,2048,1,0,0.0,0.0,140.0,140.0,0,0,0,276,0,0,0
train,0110-0045.svg,240,110,0,2,2048,1,0,0.0,0.0,140.0,140.0,0,0,0,240,0,0,0
train,0110-0051.svg,226,130,0,5,2048,1,0,0.0,0.0,140.0,140.0,0,0,0,226,0,0,0
train,0110-0052.svg,412,216,0,3,2048,1,0,0.0,0.0,140.0,140.0,0,0,0,412,0,0,0
train,0110-0063.svg,246,139,0,5,2048,1,0,0.0,0.0,140.0,140.0,0,0,0,246,0,0,0
train,0110-0064.svg,291,117,0,4,2048,1,0,0.0,0.0,140.0,140.0,0,0,0,291,0,0,0
train,0110-0066.svg,229,58,0,2,2048,1,0,0.0,0.0,140.0,140.0,0,0,0,229,0,0,0
train,0110-0067.svg,325,70,0,3,2048,1,0,0.0,0.0,140.0,140.0,0,0,0,325,0,0,0
train,0110-0068.svg,384,207,0,4,2048,1,0,0.0,0.0,140.0,140.0,0,0,0,384,0,0,0
train,0110-0305.svg,10159,7600,0,21,2048,5,0,0.0,0.0,140.0,140.0,90,2,0,10067,0,0,0
train,0110-0359.svg,6921,2903,0,19,2048,4,0,0.0,0.0,140.0,140.0,77,0,0,6844,0,0,0
train,0110-0386.svg,9534,2550,0,20,2048,5,0,0.0,0.0,140.0,140.0,109,2,0,9423,0,0,0
train,0110-0412.svg,5721,1484,0,15,2048,3,0,0.0,0.0,140.0,140.0,41,1,0,5679,0,0,0
train,0111-0025.svg,54,5,0,1,2048,1,0,0.0,0.0,140.0,140.0,1,0,0,53,0,0,0
train,0111-0044.svg,198,40,0,3,2048,1,0,0.0,0.0,140.0,140.0,0,0,0,198,0,0,0
train,0111-0045.svg,176,24,0,2,2048,1,0,0.0,0.0,140.0,140.0,0,0,0,176,0,0,0
train,0111-0055.svg,154,28,0,3,2048,1,0,0.0,0.0,140.0,140.0,0,0,0,154,0,0,0
train,0111-0057.svg,210,31,0,2,2048,1,0,0.0,0.0,140.0,140.0,0,0,0,210,0,0,0
train,0111-0058.svg,194,104,0,3,2048,1,0,0.0,0.0,140.0,140.0,0,0,0,194,0,0,0
train,0111-0059.svg,98,38,0,3,2048,1,0,0.0,0.0,140.0,140.0,1,0,0,97,0,0,0
train,0111-0065.svg,149,27,0,2,2048,1,0,0.0,0.0,140.0,140.0,0,0,0,149,0,0,0
train,0111-0066.svg,270,146,0,4,2048,1,0,0.0,0.0,140.0,140.0,0,0,0,270,0,0,0
train,0111-0068.svg,405,226,0,3,2048,1,0,0.0,0.0,140.0,140.0,0,0,0,405,0,0,0
train,0111-0073.svg,178,97,0,6,2048,1,0,0.0,0.0,140.0,140.0,1,0,0,177,0,0,0
train,0111-0074.svg,585,315,0,8,2048,1,0,0.0,0.0,140.0,140.0,17,1,0,567,0,0,0
train,0111-0077.svg,473,163,0,4,2048,1,0,0.0,0.0,140.0,140.0,0,0,0,473,0,0,0
train,0111-0078.svg,335,249,0,5,2048,1,0,0.0,0.0,140.0,140.0,0,0,0,335,0,0,0
train,0111-0084.svg,485,337,0,7,2048,1,0,0.0,0.0,140.0,140.0,24,1,0,460,0,0,0
train,0111-0088.svg,221,67,0,3,2048,1,0,0.0,0.0,140.0,140.0,0,0,0,221,0,0,0
train,0111-0094.svg,358,181,0,3,2048,1,0,0.0,0.0,140.0,140.0,0,0,0,358,0,0,0
train,0111-0096.svg,261,153,0,4,2048,1,0,0.0,0.0,140.0,140.0,0,0,0,261,0,0,0
train,0111-0097.svg,260,71,0,2,2048,1,0,0.0,0.0,140.0,140.0,0,0,0,260,0,0,0
train,0111-0103.svg,190,78,0,3,2048,1,0,0.0,0.0,140.0,140.0,0,0,0,190,0,0,0
train,0111-0109.svg,155,35,0,3,2048,1,0,0.0,0.0,140.0,140.0,0,0,0,155,0,0,0
train,0112-0002.svg,111,77,0,2,2048,1,0,0.0,0.0,140.0,140.0,0,0,0,111,0,0,0
train,0112-0014.svg,1657,1608,0,5,2048,1,0,0.0,0.0,140.0,140.0,0,0,0,1657,0,0,0
train,0112-0016.svg,2161,2156,0,1,2048,2,0,0.0,0.0,140.0,140.0,0,0,0,2161,0,0,0
train,0112-0018.svg,1988,1947,0,3,2048,1,0,0.0,0.0,140.0,140.0,0,0,0,1988,0,0,0
train,0112-0019.svg,1393,1318,0,3,2048,1,0,0.0,0.0,140.0,140.0,0,0,0,1393,0,0,0
train,0112-0021.svg,261,77,0,2,2048,1,0,0.0,0.0,140.0,140.0,2,0,0,259,0,0,0
train,0112-0028.svg,976,938,0,1,2048,1,0,0.0,0.0,140.0,140.0,0,0,0,976,0,0,0
train,0112-0029.svg,1340,1305,0,3,2048,1,0,0.0,0.0,140.0,140.0,0,0,0,1340,0,0,0
train,0112-0035.svg,1065,154,0,5,2048,1,0,0.0,0.0,140.0,140.0,15,0,0,1050,0,0,0
train,0112-0037.svg,1438,1435,0,1,2048,1,0,0.0,0.0,140.0,140.0,0,0,0,1438,0,0,0
train,0112-0039.svg,1428,1392,0,1,2048,1,0,0.0,0.0,140.0,140.0,0,0,0,1428,0,0,0
train,0112-0041.svg,1181,1175,0,2,2048,1,0,0.0,0.0,140.0,140.0,0,0,0,1181,0,0,0
train,0112-0042.svg,1001,415,0,7,2048,1,0,0.0,0.0,140.0,140.0,15,0,0,986,0,0,0
train,0112-0047.svg,1602,1597,0,1,2048,1,0,0.0,0.0,140.0,140.0,0,0,0,1602,0,0,0
train,0112-0048.svg,1468,1460,0,1,2048,1,0,0.0,0.0,140.0,140.0,0,0,0,1468,0,0,0
train,0112-0050.svg,1658,1655,0,1,2048,1,0,0.0,0.0,140.0,140.0,0,0,0,1658,0,0,0
train,0112-0051.svg,723,33,0,2,2048,1,0,0.0,0.0,140.0,140.0,12,0,0,711,0,0,0
train,0112-0058.svg,1355,1330,0,2,2048,1,0,0.0,0.0,140.0,140.0,0,0,0,1355,0,0,0
train,0112-0059.svg,1243,1235,0,1,2048,1,0,0.0,0.0,140.0,140.0,0,0,0,1243,0,0,0
train,0112-0068.svg,172,150,0,4,2048,1,0,0.0,0.0,140.0,140.0,0,0,0,172,0,0,0
train,0112-0070.svg,784,769,0,2,2048,1,0,0.0,0.0,140.0,140.0,0,0,0,784,0,0,0
train,0112-0097.svg,794,21,0,2,2048,1,0,0.0,0.0,140.0,140.0,6,0,0,788,0,0,0
train,0113-0004.svg,231,72,0,2,2048,1,0,0.0,0.0,140.0,140.0,0,0,0,231,0,0,0
train,0113-0013.svg,212,62,0,4,2048,1,0,0.0,0.0,140.0,140.0,0,0,0,212,0,0,0
train,0113-0015.svg,205,84,0,4,2048,1,0,0.0,0.0,140.0,140.0,0,0,0,205,0,0,0
train,0113-0017.svg,138,14,0,2,2048,1,0,0.0,0.0,140.0,140.0,0,0,0,138,0,0,0
train,0113-0019.svg,105,31,0,3,2048,1,0,0.0,0.0,140.0,140.0,1,0,0,104,0,0,0
train,0113-0021.svg,214,82,0,4,2048,1,0,0.0,0.0,140.0,140.0,0,0,0,214,0,0,0
train,0113-0024.svg,1922,535,0,6,2048,1,0,0.0,0.0,140.0,140.0,2,0,0,1920,0,0,0
train,0113-0025.svg,169,125,0,2,2048,1,0,0.0,0.0,140.0,140.0,0,0,0,169,0,0,0
train,0113-0028.svg,259,105,0,3,2048,1,0,0.0,0.0,140.0,140.0,0,0,0,259,0,0,0
train,0113-0029.svg,167,58,0,3,2048,1,0,0.0,0.0,140.0,140.0,0,0,0,167,0,0,0
train,0113-0031.svg,248,148,0,4,2048,1,0,0.0,0.0,140.0,140.0,0,0,0,248,0,0,0
train,0113-0033.svg,1828,289,0,5,2048,1,0,0.0,0.0,140.0,140.0,2,0,0,1826,0,0,0
train,0113-0034.svg,729,144,0,3,2048,1,0,0.0,0.0,140.0,140.0,0,0,0,729,0,0,0
train,0113-0036.svg,69,16,0,2,2048,1,0,0.0,0.0,140.0,140.0,0,0,0,69,0,0,0
train,0113-0037.svg,230,32,0,2,2048,1,0,0.0,0.0,140.0,140.0,0,0,0,230,0,0,0
train,0113-0042.svg,1637,284,0,5,2048,1,0,0.0,0.0,140.0,140.0,2,0,0,1635,0,0,0
train,0113-0051.svg,1283,108,0,4,2048,1,0,0.0,0.0,140.0,140.0,3,2,0,1278,0,0,0
train,0113-0053.svg,392,150,0,5,2048,1,0,0.0,0.0,140.0,140.0,5,0,0,387,0,0,0
train,0113-0054.svg,376,75,0,4,2048,1,0,0.0,0.0,140.0,140.0,1,0,0,375,0,0,0
train,0113-0061.svg,102,22,0,4,2048,1,0,0.0,0.0,140.0,140.0,0,0,0,102,0,0,0
train,0113-0062.svg,266,157,0,3,2048,1,0,0.0,0.0,140.0,140.0,0,0,0,266,0,0,0
train,0113-0063.svg,985,668,0,8,2048,1,0,0.0,0.0,140.0,140.0,59,6,0,920,0,0,0
train,0113-0065.svg,367,221,0,7,2048,1,0,0.0,0.0,140.0,140.0,0,0,0,367,0,0,0
train,0113-0067.svg,42,26,0,2,2048,1,0,0.0,0.0,140.0,140.0,0,0,0,42,0,0,0
train,0113-0073.svg,80,42,0,2,2048,1,0,0.0,0.0,140.0,140.0,0,0,0,80,0,0,0
train,0114-0013.svg,326,111,0,2,2048,1,0,0.0,0.0,140.0,140.0,1,0,0,325,0,0,0
train,0114-0014.svg,385,188,0,4,2048,1,0,0.0,0.0,140.0,140.0,0,0,0,385,0,0,0
train,0114-0019.svg,172,57,0,3,2048,1,0,0.0,0.0,140.0,140.0,0,0,0,172,0,0,0
train,0114-0021.svg,513,70,0,3,2048,1,0,0.0,0.0,140.0,140.0,0,0,0,513,0,0,0
train,0114-0025.svg,150,36,0,3,2048,1,0,0.0,0.0,140.0,140.0,0,0,0,150,0,0,0
train,0114-0027.svg,172,34,0,3,2048,1,0,0.0,0.0,140.0,140.0,0,0,0,172,0,0,0
train,0114-0034.svg,305,39,0,2,2048,1,0,0.0,0.0,140.0,140.0,0,0,0,305,0,0,0
train,0114-0037.svg,289,54,0,2,2048,1,0,0.0,0.0,140.0,140.0,0,0,0,289,0,0,0
train,0114-0038.svg,403,202,0,3,2048,1,0,0.0,0.0,140.0,140.0,0,0,0,403,0,0,0
train,0114-0044.svg,481,161,0,3,2048,1,0,0.0,0.0,140.0,140.0,1,0,0,480,0,0,0
train,0114-0045.svg,397,197,0,4,2048,1,0,0.0,0.0,140.0,140.0,0,0,0,397,0,0,0
train,0114-0047.svg,326,43,0,2,2048,1,0,0.0,0.0,140.0,140.0,0,0,0,326,0,0,0
train,0114-0048.svg,812,357,0,6,2048,1,0,0.0,0.0,140.0,140.0,16,0,0,796,0,0,0
train,0114-0049.svg,245,61,0,3,2048,1,0,0.0,0.0,140.0,140.0,0,0,0,245,0,0,0
train,0114-0057.svg,330,92,0,3,2048,1,0,0.0,0.0,140.0,140.0,0,0,0,330,0,0,0
train,0114-0058.svg,1023,730,0,9,2048,1,0,0.0,0.0,140.0,140.0,48,4,0,971,0,0,0
train,0114-0063.svg,311,232,0,5,2048,1,0,0.0,0.0,140.0,140.0,0,0,0,311,0,0,0
train,0114-0064.svg,386,123,0,4,2048,1,0,0.0,0.0,140.0,140.0,0,0,0,386,0,0,0
train,0114-0066.svg,129,34,0,2,2048,1,0,0.0,0.0,140.0,140.0,0,0,0,129,0,0,0
train,0114-0068.svg,305,149,0,4,2048,1,0,0.0,0.0,140.0,140.0,0,0,0,305,0,0,0
train,0114-0073.svg,271,169,0,4,2048,1,0,0.0,0.0,140.0,140.0,0,0,0,271,0,0,0
train,0114-0077.svg,153,12,0,2,2048,1,0,0.0,0.0,140.0,140.0,0,0,0,153,0,0,0
train,0115-0001.svg,246,104,0,4,2048,1,0,0.0,0.0,140.0,140.0,2,0,0,244,0,0,0
train,0115-0012.svg,361,161,0,6,2048,1,0,0.0,0.0,140.0,140.0,0,0,0,361,0,0,0
train,0115-0013.svg,353,160,0,6,2048,1,0,0.0,0.0,140.0,140.0,0,0,0,353,0,0,0
train,0115-0024.svg,243,105,0,3,2048,1,0,0.0,0.0,140.0,140.0,2,0,0,241,0,0,0
train,0115-0025.svg,717,354,0,7,2048,1,0,0.0,0.0,140.0,140.0,16,0,0,701,0,0,0
train,0115-0029.svg,411,186,0,4,2048,1,0,0.0,0.0,140.0,140.0,10,0,0,401,0,0,0
train,0116-0003.svg,148,53,0,4,2048,1,0,0.0,0.0,140.0,140.0,4,0,0,144,0,0,0
train,0116-0004.svg,1516,1261,0,4,2048,1,0,0.0,0.0,140.0,140.0,0,0,0,1516,0,0,0
train,0116-0006.svg,1353,1172,0,3,2048,1,0,0.0,0.0,140.0,140.0,3,0,0,1350,0,0,0
train,0116-0007.svg,3906,3790,0,1,2048,2,0,0.0,0.0,140.0,140.0,0,0,0,3906,0,0,0
train,0116-0011.svg,495,421,0,8,2048,1,0,0.0,0.0,140.0,140.0,2,0,0,493,0,0,0
train,0116-0012.svg,833,438,0,7,2048,1,0,0.0,0.0,140.0,140.0,30,0,0,803,0,0,0
train,0116-0013.svg,855,451,0,8,2048,1,0,0.0,0.0,140.0,140.0,28,0,0,827,0,0,0
train,0116-0031.svg,841,670,0,7,2048,1,0,0.0,0.0,140.0,140.0,4,0,0,837,0,0,0
train,0116-0037.svg,319,161,0,7,2048,1,0,0.0,0.0,140.0,140.0,15,2,0,302,0,0,0
train,0116-0038.svg,160,72,0,3,2048,1,0,0.0,0.0,140.0,140.0,0,0,0,160,0,0,0
train,0117-0002.svg,255,64,0,3,2048,1,0,0.0,0.0,140.0,140.0,2,0,0,253,0,0,0
train,0117-0003.svg,276,55,0,3,2048,1,0,0.0,0.0,140.0,140.0,1,0,0,275,0,0,0
train,0117-0006.svg,298,70,0,3,2048,1,0,0.0,0.0,140.0,140.0,3,0,0,295,0,0,0
train,0117-0008.svg,369,96,0,5,2048,1,0,0.0,0.0,140.0,140.0,5,0,0,364,0,0,0
train,0117-0009.svg,424,156,0,7,2048,1,0,0.0,0.0,140.0,140.0,1,0,0,423,0,0,0
train,0117-0012.svg,777,363,0,7,2048,1,0,0.0,0.0,140.0,140.0,14,0,0,763,0,0,0
train,0117-0015.svg,379,113,0,4,2048,1,0,0.0,0.0,140.0,140.0,17,0,0,362,0,0,0
train,0118-0009.svg,403,173,0,6,2048,1,0,0.0,0.0,140.0,140.0,0,0,0,403,0,0,0
train,0118-0010.svg,318,150,0,5,2048,1,0,0.0,0.0,140.0,140.0,0,0,0,318,0,0,0
train,0118-0013.svg,785,388,0,7,2048,1,0,0.0,0.0,140.0,140.0,20,0,0,765,0,0,0
train,0118-0016.svg,1531,912,0,5,2048,1,0,0.0,0.0,140.0,140.0,87,0,0,1444,0,0,0
train,0118-0023.svg,1207,669,0,8,2048,1,0,0.0,0.0,140.0,140.0,61,4,0,1142,0,0,0
train,0118-0028.svg,454,227,0,5,2048,1,0,0.0,0.0,140.0,140.0,3,0,0,451,0,0,0
train,0119-0003.svg,256,106,0,3,2048,1,0,0.0,0.0,140.0,140.0,2,0,0,254,0,0,0
train,0119-0012.svg,739,352,0,7,2048,1,0,0.0,0.0,140.0,140.0,14,0,0,725,0,0,0
train,0119-0013.svg,469,196,0,4,2048,1,0,0.0,0.0,140.0,140.0,4,0,0,465,0,0,0
train,0119-0018.svg,282,114,0,4,2048,1,0,0.0,0.0,140.0,140.0,2,0,0,280,0,0,0
train,0119-0022.svg,414,194,0,5,2048,1,0,0.0,0.0,140.0,140.0,10,0,0,404,0,0,0
train,0119-0053.svg,420,252,0,5,2048,1,0,0.0,0.0,140.0,140.0,0,0,0,420,0,0,0
train,0119-0066.svg,449,282,0,6,2048,1,0,0.0,0.0,140.0,140.0,0,0,0,449,0,0,0
train,0119-0067.svg,343,232,0,5,2048,1,0,0.0,0.0,140.0,140.0,0,0,0,343,0,0,0
train,0119-0080.svg,160,64,0,1,2048,1,0,0.0,0.0,140.0,140.0,1,0,0,159,0,0,0
train,0119-0099.svg,163,101,0,2,2048,1,0,0.0,0.0,140.0,140.0,0,0,0,163,0,0,0
train,0119-0108.svg,333,227,0,4,2048,1,0,0.0,0.0,140.0,140.0,2,0,0,331,0,0,0
train,0119-0139.svg,285,75,0,3,2048,1,0,0.0,0.0,140.0,140.0,4,0,0,281,0,0,0
train,0119-0156.svg,144,74,0,2,2048,1,0,0.0,0.0,140.0,140.0,3,0,0,141,0,0,0
train,0119-0199.svg,153,93,0,2,2048,1,0,0.0,0.0,140.0,140.0,0,0,0,153,0,0,0
train,0119-0212.svg,284,210,0,6,2048,1,0,0.0,0.0,140.0,140.0,0,0,0,284,0,0,0
train,0119-0214.svg,124,31,0,1,2048,1,0,0.0,0.0,140.0,140.0,1,0,0,123,0,0,0
train,0119-0244.svg,333,209,0,4,2048,1,0,0.0,0.0,140.0,140.0,0,0,0,333,0,0,0
train,0119-0245.svg,301,222,0,4,2048,1,0,0.0,0.0,140.0,140.0,0,0,0,301,0,0,0
train,0119-0274.svg,239,185,0,2,2048,1,0,0.0,0.0,140.0,140.0,1,0,0,238,0,0,0
train,0119-0278.svg,161,99,0,2,2048,1,0,0.0,0.0,140.0,140.0,0,0,0,161,0,0,0
train,0119-0305.svg,227,145,0,5,2048,1,0,0.0,0.0,140.0,140.0,1,0,0,226,0,0,0
train,0119-0316.svg,517,33,0,2,2048,1,0,0.0,0.0,140.0,140.0,5,0,0,512,0,0,0
train,0119-0318.svg,309,20,0,2,2048,1,0,0.0,0.0,140.0,140.0,1,0,0,308,0,0,0
train,0119-0319.svg,266,184,0,1,2048,1,0,0.0,0.0,140.0,140.0,3,0,0,263,0,0,0
train,0119-0334.svg,165,103,0,2,2048,1,0,0.0,0.0,140.0,140.0,2,0,0,163,0,0,0
train,0119-0347.svg,187,73,0,2,2048,1,0,0.0,0.0,140.0,140.0,0,0,0,187,0,0,0
train,0119-0349.svg,176,105,0,2,2048,1,0,0.0,0.0,140.0,140.0,0,0,0,176,0,0,0
train,0119-0363.svg,117,61,0,1,2048,1,0,0.0,0.0,140.0,140.0,0,0,0,117,0,0,0
train,0119-0376.svg,44,14,0,1,2048,1,0,0.0,0.0,140.0,140.0,0,0,0,44,0,0,0
train,0119-0407.svg,293,219,0,5,2048,1,0,0.0,0.0,140.0,140.0,0,0,0,293,0,0,0
train,0119-0409.svg,200,114,0,6,2048,1,0,0.0,0.0,140.0,140.0,1,0,0,199,0,0,0
train,0119-0411.svg,166,130,0,3,2048,1,0,0.0,0.0,140.0,140.0,1,0,0,165,0,0,0
train,0119-0421.svg,155,106,0,3,2048,1,0,0.0,0.0,140.0,140.0,1,0,0,154,0,0,0
train,0119-0427.svg,181,52,0,2,2048,1,0,0.0,0.0,140.0,140.0,0,0,0,181,0,0,0
train,0119-0437.svg,118,61,0,2,2048,1,0,0.0,0.0,140.0,140.0,0,0,0,118,0,0,0
train,0120-0005.svg,336,85,0,3,2048,1,0,0.0,0.0,140.0,140.0,1,0,0,335,0,0,0
train,0120-0009.svg,313,127,0,4,2048,1,0,0.0,0.0,140.0,140.0,1,0,0,312,0,0,0
train,0120-0016.svg,481,235,0,5,2048,1,0,0.0,0.0,140.0,140.0,0,0,0,481,0,0,0
train,0120-0017.svg,346,136,0,6,2048,1,0,0.0,0.0,140.0,140.0,0,0,0,346,0,0,0
train,0120-0020.svg,795,349,0,6,2048,1,0,0.0,0.0,140.0,140.0,14,0,0,781,0,0,0
train,0120-0024.svg,243,91,0,1,2048,1,0,0.0,0.0,140.0,140.0,0,0,0,243,0,0,0
train,0120-0027.svg,284,76,0,3,2048,1,0,0.0,0.0,140.0,140.0,1,0,0,283,0,0,0
train,0120-0028.svg,302,114,0,3,2048,1,0,0.0,0.0,140.0,140.0,0,0,0,302,0,0,0
train,0120-0029.svg,299,129,0,4,2048,1,0,0.0,0.0,140.0,140.0,0,0,0,299,0,0,0
train,0121-0007.svg,480,127,0,4,2048,1,0,0.0,0.0,140.0,140.0,1,0,0,479,0,0,0
train,0121-0013.svg,465,268,0,5,2048,1,0,0.0,0.0,140.0,140.0,6,0,0,459,0,0,0
train,0121-0014.svg,620,271,0,8,2048,1,0,0.0,0.0,140.0,140.0,17,0,0,603,0,0,0
train,0121-0015.svg,459,302,0,1,2048,1,0,0.0,0.0,140.0,140.0,35,0,0,424,0,0,0
train,0121-0016.svg,837,170,0,6,2048,1,0,0.0,0.0,140.0,140.0,36,0,0,801,0,0,0
train,0121-0017.svg,824,448,0,8,2048,1,0,0.0,0.0,140.0,140.0,18,0,0,806,0,0,0
train,0121-0021.svg,572,64,0,3,2048,1,0,0.0,0.0,140.0,140.0,19,0,0,553,0,0,0
train,0121-0022.svg,961,432,0,5,2048,1,0,0.0,0.0,140.0,140.0,32,0,0,929,0,0,0
train,0121-0023.svg,357,125,0,4,2048,1,0,0.0,0.0,140.0,140.0,0,0,0,357,0,0,0
train,0121-0026.svg,713,278,0,5,2048,1,0,0.0,0.0,140.0,140.0,1,0,0,712,0,0,0
train,0121-0028.svg,330,72,0,2,2048,1,0,0.0,0.0,140.0,140.0,0,0,0,330,0,0,0
train,0121-0031.svg,909,407,0,8,2048,1,0,0.0,0.0,140.0,140.0,14,0,0,895,0,0,0
train,0121-0032.svg,248,78,0,3,2048,1,0,0.0,0.0,140.0,140.0,0,0,0,248,0,0,0
train,0121-0035.svg,250,46,0,3,2048,1,0,0.0,0.0,140.0,140.0,8,0,0,242,0,0,0
train,0121-0039.svg,330,94,0,3,2048,1,0,0.0,0.0,140.0,140.0,0,0,0,330,0,0,0
train,0121-0047.svg,188,58,0,4,2048,1,0,0.0,0.0,140.0,140.0,1,0,0,187,0,0,0
train,0121-0072.svg,268,91,0,5,2048,1,0,0.0,0.0,140.0,140.0,0,0,0,268,0,0,0
train,0122-0004.svg,435,208,0,5,2048,1,0,0.0,0.0,140.0,140.0,5,0,0,430,0,0,0
train,0122-0006.svg,1379,633,0,10,2048,1,0,0.0,0.0,140.0,140.0,16,0,0,1363,0,0,0
train,0122-0008.svg,326,178,0,5,2048,1,0,0.0,0.0,140.0,140.0,4,0,0,322,0,0,0
train,0122-0010.svg,171,55,0,3,2048,1,0,0.0,0.0,140.0,140.0,4,0,0,167,0,0,0
train,0122-0014.svg,623,459,0,8,2048,1,0,0.0,0.0,140.0,140.0,40,0,0,583,0,0,0
train,0122-0020.svg,1575,382,0,6,2048,1,0,0.0,0.0,140.0,140.0,2,0,0,1573,0,0,0
train,0122-0023.svg,229,143,0,5,2048,1,0,0.0,0.0,140.0,140.0,5,0,0,224,0,0,0
train,0122-0041.svg,1624,269,0,3,2048,1,0,0.0,0.0,140.0,140.0,9,0,0,1615,0,0,0
train,0122-0048.svg,1963,844,0,10,2048,1,0,0.0,0.0,140.0,140.0,30,0,0,1933,0,0,0
train,0122-0062.svg,1438,470,0,9,2048,1,0,0.0,0.0,140.0,140.0,22,0,0,1416,0,0,0
train,0123-0001.svg,355,213,0,4,2048,1,0,0.0,0.0,140.0,140.0,4,0,0,351,0,0,0
train,0123-0002.svg,327,159,0,5,2048,1,0,0.0,0.0,140.0,140.0,2,0,0,325,0,0,0
train,0123-0009.svg,800,60,0,3,2048,1,0,0.0,0.0,140.0,140.0,0,0,0,800,0,0,0
train,0123-0013.svg,1161,36,0,3,2048,1,0,0.0,0.0,140.0,140.0,4,0,0,1157,0,0,0
train,0123-0017.svg,1146,43,0,3,2048,1,0,0.0,0.0,140.0,140.0,7,0,0,1139,0,0,0
train,0123-0019.svg,1142,28,0,1,2048,1,0,0.0,0.0,140.0,140.0,8,0,0,1134,0,0,0
train,0123-0020.svg,1198,64,0,2,2048,1,0,0.0,0.0,140.0,140.0,8,0,0,1190,0,0,0
train,0123-0026.svg,181,84,0,1,2048,1,0,0.0,0.0,140.0,140.0,0,0,0,181,0,0,0
train,0123-0030.svg,292,139,0,3,2048,1,0,0.0,0.0,140.0,140.0,3,0,0,289,0,0,0
train,0123-0034.svg,291,91,0,3,2048,1,0,0.0,0.0,140.0,140.0,9,0,0,282,0,0,0
train,0123-0036.svg,789,35,0,2,2048,1,0,0.0,0.0,140.0,140.0,0,0,0,789,0,0,0
train,0123-0037.svg,1192,2,0,1,2048,1,0,0.0,0.0,140.0,140.0,0,0,0,1192,0,0,0
train,0123-0038.svg,1180,4,0,1,2048,1,0,0.0,0.0,140.0,140.0,3,0,0,1177,0,0,0
train,0123-0039.svg,1190,8,0,1,2048,1,0,0.0,0.0,140.0,140.0,1,0,0,1189,0,0,0
train,0123-0041.svg,1192,18,0,1,2048,1,0,0.0,0.0,140.0,140.0,0,0,0,1192,0,0,0
train,0123-0045.svg,314,111,0,3,2048,1,0,0.0,0.0,140.0,140.0,9,0,0,305,0,0,0
train,0123-0049.svg,327,122,0,3,2048,1,0,0.0,0.0,140.0,140.0,9,0,0,318,0,0,0
train,0123-0050.svg,632,29,0,3,2048,1,0,0.0,0.0,140.0,140.0,2,0,0,630,0,0,0
train,0123-0052.svg,707,100,0,3,2048,1,0,0.0,0.0,140.0,140.0,1,0,0,706,0,0,0
train,0123-0057.svg,153,42,0,4,2048,1,0,0.0,0.0,140.0,140.0,1,0,0,152,0,0,0
train,0123-0060.svg,294,90,0,3,2048,1,0,0.0,0.0,140.0,140.0,6,0,0,288,0,0,0
train,0123-0062.svg,541,227,0,6,2048,1,0,0.0,0.0,140.0,140.0,1,0,0,540,0,0,0
train,0123-0063.svg,462,127,0,4,2048,1,0,0.0,0.0,140.0,140.0,4,0,0,458,0,0,0
train,0123-0064.svg,571,18,0,2,2048,1,0,0.0,0.0,140.0,140.0,12,0,0,559,0,0,0
train,0123-0068.svg,273,90,0,3,2048,1,0,0.0,0.0,140.0,140.0,16,0,0,257,0,0,0
train,0123-0073.svg,406,47,0,2,2048,1,0,0.0,0.0,140.0,140.0,2,0,0,404,0,0,0
train,0124-0008.svg,491,334,0,6,2048,1,0,0.0,0.0,140.0,140.0,0,0,0,491,0,0,0
train,0124-0011.svg,586,273,0,5,2048,1,0,0.0,0.0,140.0,140.0,0,0,0,586,0,0,0
train,0124-0016.svg,2516,263,0,6,2048,2,0,0.0,0.0,140.0,140.0,1,0,0,2515,0,0,0
train,0124-0028.svg,16,4,0,1,2048,1,0,0.0,0.0,140.0,140.0,0,0,0,16,0,0,0
train,0124-0035.svg,224,117,0,3,2048,1,0,0.0,0.0,140.0,140.0,2,0,0,222,0,0,0
train,0124-0045.svg,588,288,0,6,2048,1,0,0.0,0.0,140.0,140.0,3,0,0,585,0,0,0
train,0124-0046.svg,269,66,0,2,2048,1,0,0.0,0.0,140.0,140.0,1,0,0,268,0,0,0
train,0124-0056.svg,371,15,0,1,2048,1,0,0.0,0.0,140.0,140.0,1,0,0,370,0,0,0
train,0124-0060.svg,494,20,0,2,2048,1,0,0.0,0.0,140.0,140.0,0,0,0,494,0,0,0
train,0124-0061.svg,463,6,0,1,2048,1,0,0.0,0.0,140.0,140.0,0,0,0,463,0,0,0
train,0124-0064.svg,244,54,0,1,2048,1,0,0.0,0.0,140.0,140.0,0,0,0,244,0,0,0
train,0124-0065.svg,479,185,0,3,2048,1,0,0.0,0.0,140.0,140.0,0,0,0,479,0,0,0
train,0124-0077.svg,154,6,0,1,2048,1,0,0.0,0.0,140.0,140.0,3,0,0,151,0,0,0
train,0124-0080.svg,305,69,0,4,2048,1,0,0.0,0.0,140.0,140.0,3,0,0,302,0,0,0
train,0124-0081.svg,897,682,0,7,2048,1,0,0.0,0.0,140.0,140.0,6,0,0,891,0,0,0
train,0124-0085.svg,2254,519,0,7,2048,2,0,0.0,0.0,140.0,140.0,30,6,0,2218,0,0,0
train,0124-0089.svg,327,48,0,3,2048,1,0,0.0,0.0,140.0,140.0,7,0,0,320,0,0,0
train,0124-0100.svg,548,164,0,5,2048,1,0,0.0,0.0,140.0,140.0,4,0,0,544,0,0,0
train,0124-0102.svg,206,38,0,2,2048,1,0,0.0,0.0,140.0,140.0,2,0,0,204,0,0,0
train,0124-0112.svg,1310,154,0,4,2048,1,0,0.0,0.0,140.0,140.0,5,0,0,1305,0,0,0
train,0125-0002.svg,138,56,0,2,2048,1,0,0.0,0.0,140.0,140.0,2,0,0,136,0,0,0
train,0125-0003.svg,382,252,0,5,2048,1,0,0.0,0.0,140.0,140.0,6,0,0,376,0,0,0
train,0125-0013.svg,230,158,0,3,2048,1,0,0.0,0.0,140.0,140.0,2,0,0,228,0,0,0
train,0125-0023.svg,419,112,0,1,2048,1,0,0.0,0.0,140.0,140.0,0,0,0,419,0,0,0
train,0125-0027.svg,88,56,0,1,2048,1,0,0.0,0.0,140.0,140.0,0,0,0,88,0,0,0
train,0125-0029.svg,149,60,0,3,2048,1,0,0.0,0.0,140.0,140.0,2,0,0,147,0,0,0
train,0125-0030.svg,453,227,0,5,2048,1,0,0.0,0.0,140.0,140.0,3,0,0,450,0,0,0
train,0125-0031.svg,448,268,0,5,2048,1,0,0.0,0.0,140.0,140.0,0,0,0,448,0,0,0
train,0125-0049.svg,129,40,0,1,2048,1,0,0.0,0.0,140.0,140.0,0,0,0,129,0,0,0
train,0125-0056.svg,268,57,0,1,2048,1,0,0.0,0.0,140.0,140.0,0,0,0,268,0,0,0
train,0125-0057.svg,241,99,0,1,2048,1,0,0.0,0.0,140.0,140.0,0,0,0,241,0,0,0
train,0125-0059.svg,143,88,0,1,2048,1,0,0.0,0.0,140.0,140.0,0,0,0,143,0,0,0
train,0125-0062.svg,217,104,0,1,2048,1,0,0.0,0.0,140.0,140.0,0,0,0,217,0,0,0
train,0125-0069.svg,228,105,0,1,2048,1,0,0.0,0.0,140.0,140.0,0,0,0,228,0,0,0
train,0125-0071.svg,356,65,0,1,2048,1,0,0.0,0.0,140.0,140.0,0,0,0,356,0,0,0
train,0125-0074.svg,230,126,0,1,2048,1,0,0.0,0.0,140.0,140.0,0,0,0,230,0,0,0
train,0125-0079.svg,293,210,0,5,2048,1,0,0.0,0.0,140.0,140.0,3,0,0,290,0,0,0
train,0125-0082.svg,159,66,0,1,2048,1,0,0.0,0.0,140.0,140.0,0,0,0,159,0,0,0
train,0125-0086.svg,100,37,0,1,2048,1,0,0.0,0.0,140.0,140.0,0,0,0,100,0,0,0
train,0125-0091.svg,254,136,0,4,2048,1,0,0.0,0.0,140.0,140.0,3,0,0,251,0,0,0
train,0125-0094.svg,291,163,0,1,2048,1,0,0.0,0.0,140.0,140.0,0,0,0,291,0,0,0
train,0126-0002.svg,194,103,0,5,2048,1,0,0.0,0.0,140.0,140.0,1,0,0,193,0,0,0
train,0126-0005.svg,116,52,0,1,2048,1,0,0.0,0.0,140.0,140.0,0,0,0,116,0,0,0
train,0126-0006.svg,315,234,0,1,2048,1,0,0.0,0.0,140.0,140.0,0,0,0,315,0,0,0
train,0126-0007.svg,2053,1808,0,19,2048,2,0,0.0,0.0,140.0,140.0,15,2,0,2036,0,0,0
train,0126-0009.svg,2866,2332,0,19,2048,2,0,0.0,0.0,140.0,140.0,36,2,0,2828,0,0,0
train,0126-0012.svg,310,219,0,4,2048,1,0,0.0,0.0,140.0,140.0,3,0,0,307,0,0,0
train,0126-0013.svg,301,186,0,5,2048,1,0,0.0,0.0,140.0,140.0,3,0,0,298,0,0,0
train,0126-0015.svg,200,102,0,1,2048,1,0,0.0,0.0,140.0,140.0,0,0,0,200,0,0,0
train,0126-0016.svg,187,113,0,1,2048,1,0,0.0,0.0,140.0,140.0,0,0,0,187,0,0,0
train,0126-0018.svg,227,126,0,1,2048,1,0,0.0,0.0,140.0,140.0,0,0,0,227,0,0,0
train,0126-0026.svg,101,48,0,1,2048,1,0,0.0,0.0,140.0,140.0,0,0,0,101,0,0,0
train,0126-0060.svg,117,35,0,1,2048,1,0,0.0,0.0,140.0,140.0,0,0,0,117,0,0,0
train,0126-0062.svg,502,267,0,6,2048,1,0,0.0,0.0,140.0,140.0,4,0,0,498,0,0,0
train,0126-0063.svg,284,138,0,4,2048,1,0,0.0,0.0,140.0,140.0,0,0,0,284,0,0,0
train,0126-0064.svg,259,148,0,1,2048,1,0,0.0,0.0,140.0,140.0,0,0,0,259,0,0,0
train,0126-0071.svg,130,38,0,1,2048,1,0,0.0,0.0,140.0,140.0,0,0,0,130,0,0,0
train,0126-0074.svg,258,141,0,1,2048,1,0,0.0,0.0,140.0,140.0,0,0,0,258,0,0,0
train,0126-0075.svg,361,248,0,1,2048,1,0,0.0,0.0,140.0,140.0,0,0,0,361,0,0,0
train,0126-0087.svg,110,64,0,1,2048,1,0,0.0,0.0,140.0,140.0,0,0,0,110,0,0,0
train,0127-0004.svg,342,205,0,4,2048,1,0,0.0,0.0,140.0,140.0,7,0,0,335,0,0,0
train,0127-0006.svg,2976,52,0,2,2048,2,0,0.0,0.0,140.0,140.0,2,0,0,2974,0,0,0
train,0127-0009.svg,1309,62,0,2,2048,1,0,0.0,0.0,140.0,140.0,3,0,0,1306,0,0,0
train,0127-0020.svg,163,90,0,4,2048,1,0,0.0,0.0,140.0,140.0,3,0,0,160,0,0,0
train,0127-0695.svg,8,3,0,1,2048,1,0,0.0,0.0,140.0,140.0,0,0,0,8,0,0,0
train,0128-0003.svg,1720,1204,0,13,2048,1,0,0.0,0.0,140.0,140.0,38,5,0,1677,0,0,0
train,0128-0071.svg,10983,5030,0,22,2048,6,0,0.0,0.0,140.0,140.0,111,9,0,10863,0,0,0
train,0128-0072.svg,6052,2381,0,16,2048,3,0,0.0,0.0,140.0,140.0,59,0,0,5993,0,0,0
train,0128-0088.svg,5979,2379,0,16,2048,3,0,0.0,0.0,140.0,140.0,55,0,0,5924,0,0,0
train,0129-0003.svg,403,166,0,7,2048,1,0,0.0,0.0,140.0,140.0,11,0,0,392,0,0,0
train,0129-0004.svg,469,289,0,3,2048,1,0,0.0,0.0,140.0,140.0,0,0,0,469,0,0,0
train,0129-0007.svg,699,520,0,6,2048,1,0,0.0,0.0,140.0,140.0,0,0,0,699,0,0,0
train,0129-0014.svg,620,303,0,8,2048,1,0,0.0,0.0,140.0,140.0,17,0,0,603,0,0,0
train,0129-0016.svg,334,179,0,5,2048,1,0,0.0,0.0,140.0,140.0,5,0,0,329,0,0,0
train,0129-0025.svg,217,66,0,5,2048,1,0,0.0,0.0,140.0,140.0,3,0,0,214,0,0,0
train,0129-0028.svg,292,79,0,3,2048,1,0,0.0,0.0,140.0,140.0,2,0,0,290,0,0,0
train,0129-0046.svg,199,49,0,3,2048,1,0,0.0,0.0,140.0,140.0,6,0,0,193,0,0,0
train,0129-0072.svg,268,91,0,4,2048,1,0,0.0,0.0,140.0,140.0,0,0,0,268,0,0,0
train,0129-0082.svg,114,57,0,3,2048,1,0,0.0,0.0,140.0,140.0,6,0,0,108,0,0,0
train,0130-0001.svg,573,179,0,2,2048,1,0,0.0,0.0,140.0,140.0,15,0,0,558,0,0,0
train,0130-0004.svg,629,454,0,4,2048,1,0,0.0,0.0,140.0,140.0,10,0,0,619,0,0,0
train,0130-0010.svg,402,153,0,1,2048,1,0,0.0,0.0,140.0,140.0,14,0,0,388,0,0,0
train,0130-0014.svg,926,578,0,9,2048,1,0,0.0,0.0,140.0,140.0,18,0,0,908,0,0,0
train,0131-0021.svg,112,33,0,2,2048,1,0,0.0,0.0,140.0,140.0,0,0,0,112,0,0,0
train,0131-0032.svg,1012,935,0,3,2048,1,0,0.0,0.0,140.0,140.0,1,0,0,1011,0,0,0
train,0131-0033.svg,312,202,0,4,2048,1,0,0.0,0.0,140.0,140.0,1,0,0,311,0,0,0
train,0131-0035.svg,760,651,0,5,2048,1,0,0.0,0.0,140.0,140.0,1,0,0,759,0,0,0
train,0131-0046.svg,598,548,0,3,2048,1,0,0.0,0.0,140.0,140.0,0,0,0,598,0,0,0
train,0131-0063.svg,846,774,0,5,2048,1,0,0.0,0.0,140.0,140.0,1,0,0,845,0,0,0
train,0131-0079.svg,935,886,0,2,2048,1,0,0.0,0.0,140.0,140.0,0,0,0,935,0,0,0
train,0131-0093.svg,879,829,0,2,2048,1,0,0.0,0.0,140.0,140.0,0,0,0,879,0,0,0
train,0131-0104.svg,1237,1109,0,3,2048,1,0,0.0,0.0,140.0,140.0,1,0,0,1236,0,0,0
train,0131-0115.svg,1078,816,0,3,2048,1,0,0.0,0.0,140.0,140.0,4,0,0,1074,0,0,0
train,0131-0120.svg,1106,1027,0,3,2048,1,0,0.0,0.0,140.0,140.0,0,0,0,1106,0,0,0
train,0131-0131.svg,793,652,0,3,2048,1,0,0.0,0.0,140.0,140.0,3,0,0,790,0,0,0
train,0131-0174.svg,170,144,0,2,2048,1,0,0.0,0.0,140.0,140.0,2,0,0,168,0,0,0
train,0131-0200.svg,945,837,0,3,2048,1,0,0.0,0.0,140.0,140.0,2,0,0,943,0,0,0
train,0131-0203.svg,1285,1045,0,3,2048,1,0,0.0,0.0,140.0,140.0,3,0,0,1282,0,0,0
train,0131-0217.svg,1393,1046,0,4,2048,1,0,0.0,0.0,140.0,140.0,3,0,0,1390,0,0,0
train,0131-0218.svg,1135,857,0,2,2048,1,0,0.0,0.0,140.0,140.0,5,0,0,1130,0,0,0
train,0131-0231.svg,1220,939,0,2,2048,1,0,0.0,0.0,140.0,140.0,4,0,0,1216,0,0,0
train,0131-0241.svg,919,852,0,3,2048,1,0,0.0,0.0,140.0,140.0,1,0,0,918,0,0,0
train,0131-0273.svg,937,871,0,1,2048,1,0,0.0,0.0,140.0,140.0,1,0,0,936,0,0,0
train,0131-0299.svg,1700,1620,0,3,2048,1,0,0.0,0.0,140.0,140.0,6,0,0,1694,0,0,0
train,0131-0301.svg,1065,1003,0,3,2048,1,0,0.0,0.0,140.0,140.0,3,0,0,1062,0,0,0
train,0131-0308.svg,192,154,0,4,2048,1,0,0.0,0.0,140.0,140.0,0,0,0,192,0,0,0
train,0131-0309.svg,344,248,0,4,2048,1,0,0.0,0.0,140.0,140.0,1,0,0,343,0,0,0
train,0131-0310.svg,128,37,0,2,2048,1,0,0.0,0.0,140.0,140.0,0,0,0,128,0,0,0
train,0131-0328.svg,1427,1402,0,1,2048,1,0,0.0,0.0,140.0,140.0,0,0,0,1427,0,0,0
train,0131-0340.svg,1005,242,0,3,2048,1,0,0.0,0.0,140.0,140.0,1,0,0,1004,0,0,0
train,0131-0367.svg,862,180,0,3,2048,1,0,0.0,0.0,140.0,140.0,1,0,0,861,0,0,0
train,0131-0369.svg,1005,921,0,6,2048,1,0,0.0,0.0,140.0,140.0,1,0,0,1004,0,0,0
train,0131-0407.svg,582,538,0,3,2048,1,0,0.0,0.0,140.0,140.0,0,0,0,582,0,0,0
train,0132-0004.svg,1444,959,0,13,2048,1,0,0.0,0.0,140.0,140.0,40,8,0,1396,0,0,0
train,0132-0005.svg,1648,1167,0,13,2048,1,0,0.0,0.0,140.0,140.0,39,5,0,1604,0,0,0
train,0132-0009.svg,837,529,0,7,2048,1,0,0.0,0.0,140.0,140.0,71,7,0,759,0,0,0
train,0132-0010.svg,615,347,0,7,2048,1,0,0.0,0.0,140.0,140.0,25,0,0,590,0,0,0
train,0132-0022.svg,1306,996,0,5,2048,1,0,0.0,0.0,140.0,140.0,7,0,0,1299,0,0,0
train,0132-0025.svg,1699,1353,0,7,2048,1,0,0.0,0.0,140.0,140.0,11,0,0,1688,0,0,0
train,0133-0001.svg,545,167,0,1,2048,1,0,0.0,0.0,140.0,140.0,15,0,0,530,0,0,0
train,0133-0004.svg,831,523,0,10,2048,1,0,0.0,0.0,140.0,140.0,17,0,0,814,0,0,0
train,0133-0007.svg,445,224,0,9,2048,1,0,0.0,0.0,140.0,140.0,0,0,0,445,0,0,0
train,0133-0010.svg,695,448,0,7,2048,1,0,0.0,0.0,140.0,140.0,21,0,0,674,0,0,0
train,0133-0011.svg,2673,2406,0,7,2048,2,0,0.0,0.0,140.0,140.0,0,0,0,2673,0,0,0
train,0133-0012.svg,2114,1947,0,8,2048,2,0,0.0,0.0,140.0,140.0,0,0,0,2114,0,0,0
train,0133-0016.svg,2909,2744,0,7,2048,2,0,0.0,0.0,140.0,140.0,0,0,0,2909,0,0,0
train,0133-0017.svg,2273,2033,0,7,2048,2,0,0.0,0.0,140.0,140.0,0,0,0,2273,0,0,0
train,0133-0033.svg,395,169,0,4,2048,1,0,0.0,0.0,140.0,140.0,0,0,0,395,0,0,0
train,0134-0005.svg,613,236,0,6,2048,1,0,0.0,0.0,140.0,140.0,15,0,0,598,0,0,0
train,0134-0007.svg,1322,1118,0,11,2048,1,0,0.0,0.0,140.0,140.0,42,3,0,1277,0,0,0
train,0134-0019.svg,2156,1355,0,13,2048,2,0,0.0,0.0,140.0,140.0,77,9,0,2070,0,0,0
train,0134-0024.svg,153,76,0,2,2048,1,0,0.0,0.0,140.0,140.0,0,0,0,153,0,0,0
train,0134-0026.svg,134,91,0,2,2048,1,0,0.0,0.0,140.0,140.0,0,0,0,134,0,0,0
train,0134-0037.svg,159,91,0,1,2048,1,0,0.0,0.0,140.0,140.0,0,0,0,159,0,0,0
train,0134-0039.svg,476,329,0,5,2048,1,0,0.0,0.0,140.0,140.0,0,0,0,476,0,0,0
train,0134-0046.svg,299,175,0,5,2048,1,0,0.0,0.0,140.0,140.0,0,0,0,299,0,0,0
train,0134-0051.svg,413,228,0,5,2048,1,0,0.0,0.0,140.0,140.0,6,0,0,407,0,0,0
train,0134-0057.svg,320,226,0,5,2048,1,0,0.0,0.0,140.0,140.0,0,0,0,320,0,0,0
train,0134-0059.svg,321,136,0,1,2048,1,0,0.0,0.0,140.0,140.0,6,0,0,315,0,0,0
train,0134-0083.svg,254,204,0,1,2048,1,0,0.0,0.0,140.0,140.0,0,0,0,254,0,0,0
train,0134-0091.svg,248,218,0,2,2048,1,0,0.0,0.0,140.0,140.0,0,0,0,248,0,0,0
train,0134-0092.svg,256,168,0,2,2048,1,0,0.0,0.0,140.0,140.0,0,0,0,256,0,0,0
train,0134-0116.svg,171,106,0,2,2048,1,0,0.0,0.0,140.0,140.0,2,0,0,169,0,0,0
train,0134-0134.svg,214,142,0,3,2048,1,0,0.0,0.0,140.0,140.0,1,0,0,213,0,0,0
train,0134-0168.svg,200,117,0,3,2048,1,0,0.0,0.0,140.0,140.0,0,0,0,200,0,0,0
train,0134-0170.svg,378,302,0,7,2048,1,0,0.0,0.0,140.0,140.0,0,0,0,378,0,0,0
train,0134-0182.svg,248,169,0,5,2048,1,0,0.0,0.0,140.0,140.0,0,0,0,248,0,0,0
train,0134-0200.svg,532,204,0,2,2048,1,0,0.0,0.0,140.0,140.0,5,0,0,527,0,0,0
train,0134-0214.svg,393,289,0,3,2048,1,0,0.0,0.0,140.0,140.0,10,0,0,383,0,0,0
train,0134-0225.svg,276,181,0,5,2048,1,0,0.0,0.0,140.0,140.0,1,0,0,275,0,0,0
train,0134-0227.svg,377,108,0,3,2048,1,0,0.0,0.0,140.0,140.0,4,0,0,373,0,0,0
train,0134-0235.svg,339,226,0,4,2048,1,0,0.0,0.0,140.0,140.0,5,0,0,334,0,0,0
train,0134-0236.svg,251,170,0,2,2048,1,0,0.0,0.0,140.0,140.0,5,0,0,246,0,0,0
train,0134-0249.svg,172,94,0,3,2048,1,0,0.0,0.0,140.0,140.0,2,0,0,170,0,0,0
train,0134-0282.svg,153,102,0,2,2048,1,0,0.0,0.0,140.0,140.0,0,0,0,153,0,0,0
train,0134-0290.svg,294,222,0,6,2048,1,0,0.0,0.0,140.0,140.0,0,0,0,294,0,0,0
train,0134-0310.svg,173,103,0,2,2048,1,0,0.0,0.0,140.0,140.0,0,0,0,173,0,0,0
train,0135-0002.svg,691,509,0,10,2048,1,0,0.0,0.0,140.0,140.0,16,0,0,675,0,0,0
train,0135-0003.svg,928,563,0,11,2048,1,0,0.0,0.0,140.0,140.0,37,3,0,888,0,0,0
train,0135-0004.svg,1358,1109,0,13,2048,1,0,0.0,0.0,140.0,140.0,35,3,0,1320,0,0,0
train,0135-0005.svg,614,481,0,8,2048,1,0,0.0,0.0,140.0,140.0,15,0,0,599,0,0,0
train,0135-0016.svg,1189,1020,0,10,2048,1,0,0.0,0.0,140.0,140.0,24,3,0,1162,0,0,0
train,0135-0019.svg,2179,1730,0,16,2048,2,0,0.0,0.0,140.0,140.0,77,9,0,2093,0,0,0
train,0136-0000.svg,140,20,0,3,2048,1,0,0.0,0.0,140.0,140.0,6,0,0,134,0,0,0
train,0136-0005.svg,962,529,0,7,2048,1,0,0.0,0.0,140.0,140.0,6,0,0,956,0,0,0
train,0136-0007.svg,1303,1100,0,11,2048,1,0,0.0,0.0,140.0,140.0,42,3,0,1258,0,0,0
train,0136-0009.svg,535,157,0,4,2048,1,0,0.0,0.0,140.0,140.0,15,0,0,520,0,0,0
train,0136-0012.svg,746,444,0,12,2048,1,0,0.0,0.0,140.0,140.0,32,3,0,711,0,0,0
train,0136-0016.svg,680,230,0,6,2048,1,0,0.0,0.0,140.0,140.0,20,0,0,660,0,0,0
train,0136-0023.svg,753,252,0,4,2048,1,0,0.0,0.0,140.0,140.0,5,0,0,748,0,0,0
train,0136-0043.svg,707,251,0,6,2048,1,0,0.0,0.0,140.0,140.0,19,0,0,688,0,0,0
train,0136-0051.svg,2122,1267,0,13,2048,2,0,0.0,0.0,140.0,140.0,66,0,0,2056,0,0,0
train,0136-0056.svg,350,131,0,4,2048,1,0,0.0,0.0,140.0,140.0,5,0,0,345,0,0,0
train,0136-0061.svg,349,143,0,6,2048,1,0,0.0,0.0,140.0,140.0,6,0,0,343,0,0,0
train,0136-0078.svg,127,39,0,3,2048,1,0,0.0,0.0,140.0,140.0,2,0,0,125,0,0,0
train,0137-0003.svg,936,564,0,11,2048,1,0,0.0,0.0,140.0,140.0,37,3,0,896,0,0,0
train,0137-0007.svg,491,217,0,5,2048,1,0,0.0,0.0,140.0,140.0,12,0,0,479,0,0,0
train,0137-0012.svg,738,432,0,11,2048,1,0,0.0,0.0,140.0,140.0,32,3,0,703,0,0,0
train,0137-0016.svg,1197,810,0,9,2048,1,0,0.0,0.0,140.0,140.0,24,3,0,1170,0,0,0
train,0137-0019.svg,2114,1453,0,16,2048,2,0,0.0,0.0,140.0,140.0,78,9,0,2027,0,0,0
train,0137-0022.svg,1390,965,0,12,2048,1,0,0.0,0.0,140.0,140.0,38,5,0,1347,0,0,0
train,0138-0001.svg,1161,850,0,14,2048,1,0,0.0,0.0,140.0,140.0,37,3,0,1121,0,0,0
train,0138-0007.svg,1302,1101,0,11,2048,1,0,0.0,0.0,140.0,140.0,42,3,0,1257,0,0,0
train,0138-0022.svg,1380,1174,0,14,2048,1,0,0.0,0.0,140.0,140.0,39,5,0,1336,0,0,0
train,0139-0003.svg,933,608,0,11,2048,1,0,0.0,0.0,140.0,140.0,37,4,0,892,0,0,0
train,0139-0004.svg,1355,1109,0,14,2048,1,0,0.0,0.0,140.0,140.0,35,4,0,1316,0,0,0
train,0139-0007.svg,1308,1106,0,11,2048,1,0,0.0,0.0,140.0,140.0,42,3,0,1263,0,0,0
train,0139-0013.svg,1171,872,0,14,2048,1,0,0.0,0.0,140.0,140.0,24,3,0,1144,0,0,0
train,0140-0005.svg,502,329,0,5,2048,1,0,0.0,0.0,140.0,140.0,1,0,0,501,0,0,0
train,0140-0006.svg,423,247,0,5,2048,1,0,0.0,0.0,140.0,140.0,0,0,0,423,0,0,0
train,0140-0010.svg,476,275,0,5,2048,1,0,0.0,0.0,140.0,140.0,0,0,0,476,0,0,0
train,0140-0014.svg,227,143,0,2,2048,1,0,0.0,0.0,140.0,140.0,0,0,0,227,0,0,0
train,0140-0015.svg,96,23,0,1,2048,1,0,0.0,0.0,140.0,140.0,0,0,0,96,0,0,0
train,0140-0018.svg,592,344,0,5,2048,1,0,0.0,0.0,140.0,140.0,0,0,0,592,0,0,0
train,0140-0026.svg,394,364,0,1,2048,1,0,0.0,0.0,140.0,140.0,1,0,0,393,0,0,0
train,0141-0009.svg,10101,1879,0,5,2048,5,0,0.0,0.0,140.0,140.0,35,0,0,10066,0,0,0
train,0141-0012.svg,748,526,0,11,2048,1,0,0.0,0.0,140.0,140.0,32,3,0,713,0,0,0
train,0141-0014.svg,5599,715,0,2,2048,3,0,0.0,0.0,140.0,140.0,0,0,0,5599,0,0,0
train,0141-0016.svg,1168,959,0,10,2048,1,0,0.0,0.0,140.0,140.0,24,3,0,1141,0,0,0
train,0141-0020.svg,3239,199,0,3,2048,2,0,0.0,0.0,140.0,140.0,4,3,0,3232,0,0,0
train,0142-0003.svg,937,587,0,12,2048,1,0,0.0,0.0,140.0,140.0,37,4,0,896,0,0,0
train,0142-0004.svg,1367,1115,0,13,2048,1,0,0.0,0.0,140.0,140.0,35,4,0,1328,0,0,0
train,0142-0009.svg,639,399,0,11,2048,1,0,0.0,0.0,140.0,140.0,27,3,0,609,0,0,0
train,0142-0010.svg,710,383,0,6,2048,1,0,0.0,0.0,140.0,140.0,29,0,0,681,0,0,0
train,0142-0019.svg,2105,1520,0,15,2048,2,0,0.0,0.0,140.0,140.0,78,9,0,2018,0,0,0
train,0143-0002.svg,1423,1087,0,8,2048,1,0,0.0,0.0,140.0,140.0,15,0,0,1408,0,0,0
train,0143-0005.svg,493,369,0,7,2048,1,0,0.0,0.0,140.0,140.0,1,0,0,492,0,0,0
train,0143-0006.svg,433,266,0,6,2048,1,0,0.0,0.0,140.0,140.0,0,0,0,433,0,0,0
train,0143-0007.svg,1336,787,0,12,2048,1,0,0.0,0.0,140.0,140.0,25,0,0,1311,0,0,0
train,0143-0009.svg,562,349,0,7,2048,1,0,0.0,0.0,140.0,140.0,10,0,0,552,0,0,0
train,0143-0011.svg,562,247,0,5,2048,1,0,0.0,0.0,140.0,140.0,11,0,0,551,0,0,0
train,0143-0012.svg,457,166,0,6,2048,1,0,0.0,0.0,140.0,140.0,16,0,0,441,0,0,0
train,0143-0017.svg,594,411,0,7,2048,1,0,0.0,0.0,140.0,140.0,1,0,0,593,0,0,0
train,0143-0022.svg,319,207,0,4,2048,1,0,0.0,0.0,140.0,140.0,0,0,0,319,0,0,0
train,0143-0029.svg,548,418,0,8,2048,1,0,0.0,0.0,140.0,140.0,0,0,0,548,0,0,0
train,0144-0002.svg,6678,2025,0,9,2048,4,0,0.0,0.0,140.0,140.0,34,0,0,6644,0,0,0
train,0144-0003.svg,7757,1697,0,5,2048,4,0,0.0,0.0,140.0,140.0,18,0,0,7739,0,0,0
train,0144-0004.svg,1388,972,0,14,2048,1,0,0.0,0.0,140.0,140.0,33,3,0,1352,0,0,0
train,0144-0007.svg,1246,976,0,11,2048,1,0,0.0,0.0,140.0,140.0,41,3,0,1202,0,0,0
train,0144-0008.svg,817,619,0,8,2048,1,0,0.0,0.0,140.0,140.0,21,0,0,796,0,0,0
train,0144-0013.svg,1233,849,0,12,2048,1,0,0.0,0.0,140.0,140.0,26,3,0,1204,0,0,0
train,0144-0022.svg,1199,702,0,13,2048,1,0,0.0,0.0,140.0,140.0,38,5,0,1156,0,0,0
train,0145-0008.svg,577,319,0,5,2048,1,0,0.0,0.0,140.0,140.0,21,0,0,556,0,0,0
train,0145-0013.svg,757,441,0,7,2048,1,0,0.0,0.0,140.0,140.0,9,0,0,748,0,0,0
train,0145-0016.svg,526,214,0,4,2048,1,0,0.0,0.0,140.0,140.0,8,0,0,518,0,0,0
train,0145-0019.svg,788,340,0,9,2048,1,0,0.0,0.0,140.0,140.0,6,0,0,782,0,0,0
train,0145-0020.svg,501,176,0,3,2048,1,0,0.0,0.0,140.0,140.0,10,0,0,491,0,0,0
train,0145-0022.svg,1076,539,0,11,2048,1,0,0.0,0.0,140.0,140.0,37,6,0,1033,0,0,0
train,0145-0023.svg,321,97,0,4,2048,1,0,0.0,0.0,140.0,140.0,8,3,0,310,0,0,0
train,0146-0007.svg,1316,1092,0,11,2048,1,0,0.0,0.0,140.0,140.0,42,3,0,1271,0,0,0
train,0146-0010.svg,1284,1049,0,15,2048,1,0,0.0,0.0,140.0,140.0,28,3,0,1253,0,0,0
train,0146-0017.svg,426,299,0,7,2048,1,0,0.0,0.0,140.0,140.0,12,0,0,414,0,0,0
train,0146-0019.svg,272,76,0,1,2048,1,0,0.0,0.0,140.0,140.0,2,0,0,270,0,0,0
train,0147-0004.svg,2390,1799,0,18,2048,2,0,0.0,0.0,140.0,140.0,80,11,0,2299,0,0,0
train,0147-0021.svg,991,213,0,4,2048,1,0,0.0,0.0,140.0,140.0,6,0,0,985,0,0,0
train,0147-0028.svg,506,107,0,4,2048,1,0,0.0,0.0,140.0,140.0,3,0,0,503,0,0,0
train,0148-0007.svg,2112,1795,0,17,2048,2,0,0.0,0.0,140.0,140.0,26,0,0,2086,0,0,0
train,0148-0008.svg,1706,1272,0,13,2048,1,0,0.0,0.0,140.0,140.0,20,0,0,1686,0,0,0
train,0149-0000.svg,1090,423,0,9,2048,1,0,0.0,0.0,140.0,140.0,16,7,0,1067,0,0,0
train,0149-0004.svg,1954,1569,0,18,2048,1,0,0.0,0.0,140.0,140.0,71,8,0,1875,0,0,0
train,0150-0003.svg,1636,857,0,16,2048,1,0,0.0,0.0,140.0,140.0,33,6,0,1597,0,0,0
train,0150-0007.svg,2182,1761,0,16,2048,2,0,0.0,0.0,140.0,140.0,43,2,0,2137,0,0,0
train,0151-0001.svg,513,103,0,3,2048,1,0,0.0,0.0,140.0,140.0,5,0,0,508,0,0,0
train,0152-0002.svg,1101,720,0,12,2048,1,0,0.0,0.0,140.0,140.0,28,0,0,1073,0,0,0
train,0152-0012.svg,58,23,0,1,2048,1,0,0.0,0.0,140.0,140.0,5,0,0,53,0,0,0
train,0152-0014.svg,557,335,0,6,2048,1,0,0.0,0.0,140.0,140.0,1,0,0,556,0,0,0
train,0152-0015.svg,657,408,0,7,2048,1,0,0.0,0.0,140.0,140.0,0,0,0,657,0,0,0
train,0153-0004.svg,2285,1725,0,20,2048,2,0,0.0,0.0,140.0,140.0,79,11,0,2195,0,0,0
train,0153-0005.svg,1511,987,0,14,2048,1,0,0.0,0.0,140.0,140.0,30,4,0,1477,0,0,0
train,0153-0007.svg,2159,1855,0,17,2048,2,0,0.0,0.0,140.0,140.0,34,2,0,2123,0,0,0
train,0153-0011.svg,1435,992,0,14,2048,1,0,0.0,0.0,140.0,140.0,26,0,0,1409,0,0,0
train,0154-0001.svg,1347,685,0,14,2048,1,0,0.0,0.0,140.0,140.0,25,0,0,1322,0,0,0
train,0154-0004.svg,2231,1780,0,18,2048,2,0,0.0,0.0,140.0,140.0,76,8,0,2147,0,0,0
train,0154-0007.svg,2059,1751,0,18,2048,2,0,0.0,0.0,140.0,140.0,43,2,0,2014,0,0,0
train,0154-0008.svg,1214,917,0,11,2048,1,0,0.0,0.0,140.0,140.0,30,2,0,1182,0,0,0
train,0155-0003.svg,1669,1062,0,16,2048,1,0,0.0,0.0,140.0,140.0,33,6,0,1630,0,0,0
train,0155-0004.svg,1966,1498,0,16,2048,1,0,0.0,0.0,140.0,140.0,77,8,0,1881,0,0,0
train,0155-0048.svg,499,225,0,1,2048,1,0,0.0,0.0,140.0,140.0,1,0,0,498,0,0,0
train,0155-0057.svg,511,368,0,3,2048,1,0,0.0,0.0,140.0,140.0,5,0,0,506,0,0,0
train,0155-0065.svg,1167,470,0,7,2048,1,0,0.0,0.0,140.0,140.0,9,0,0,1158,0,0,0
train,0155-0067.svg,481,378,0,3,2048,1,0,0.0,0.0,140.0,140.0,3,0,0,478,0,0,0
train,0155-0091.svg,724,435,0,3,2048,1,0,0.0,0.0,140.0,140.0,8,0,0,716,0,0,0
train,0156-0007.svg,418,269,0,5,2048,1,0,0.0,0.0,140.0,140.0,0,0,0,418,0,0,0
train,0156-0012.svg,797,443,0,6,2048,1,0,0.0,0.0,140.0,140.0,4,0,0,793,0,0,0
train,0156-0014.svg,97,65,0,2,2048,1,0,0.0,0.0,140.0,140.0,0,0,0,97,0,0,0
train,0156-0023.svg,62,28,0,2,2048,1,0,0.0,0.0,140.0,140.0,5,0,0,57,0,0,0
train,0157-0005.svg,1355,884,0,11,2048,1,0,0.0,0.0,140.0,140.0,32,3,0,1320,0,0,0
train,0157-0010.svg,2285,1852,0,18,2048,2,0,0.0,0.0,140.0,140.0,36,2,0,2247,0,0,0
train,0157-0011.svg,1775,1177,0,11,2048,1,0,0.0,0.0,140.0,140.0,28,2,0,1745,0,0,0
train,0157-0923.svg,1100,10,0,1,2048,1,0,0.0,0.0,140.0,140.0,0,0,0,1100,0,0,0
train,0157-1051.svg,5679,4,0,1,2048,3,0,0.0,0.0,140.0,140.0,0,0,0,5679,0,0,0
train,0157-1224.svg,4934,16,0,1,2048,3,0,0.0,0.0,140.0,140.0,0,0,0,4934,0,0,0
train,0158-0002.svg,439,219,0,5,2048,1,0,0.0,0.0,140.0,140.0,2,0,0,437,0,0,0
train,0158-0003.svg,1736,391,0,2,2048,1,0,0.0,0.0,140.0,140.0,9,0,0,1727,0,0,0
train,0158-0006.svg,625,440,0,9,2048,1,0,0.0,0.0,140.0,140.0,11,0,0,614,0,0,0
train,0158-0010.svg,419,178,0,3,2048,1,0,0.0,0.0,140.0,140.0,1,0,0,418,0,0,0
train,0159-0001.svg,1963,1470,0,16,2048,1,0,0.0,0.0,140.0,140.0,58,3,0,1902,0,0,0
train,0159-0021.svg,575,393,0,5,2048,1,0,0.0,0.0,140.0,140.0,14,4,0,557,0,0,0
train,0159-0022.svg,914,643,0,7,2048,1,0,0.0,0.0,140.0,140.0,11,2,0,901,0,0,0
train,0160-0009.svg,1563,1016,0,12,2048,1,0,0.0,0.0,140.0,140.0,50,6,0,1507,0,0,0
train,0160-0023.svg,305,58,0,3,2048,1,0,0.0,0.0,140.0,140.0,1,0,0,304,0,0,0
train,0160-0027.svg,420,245,0,6,2048,1,0,0.0,0.0,140.0,140.0,11,0,0,409,0,0,0
train,0161-0002.svg,1879,1169,0,12,2048,1,0,0.0,0.0,140.0,140.0,57,3,0,1819,0,0,0
train,0161-0010.svg,1514,555,0,10,2048,1,0,0.0,0.0,140.0,140.0,47,0,0,1467,0,0,0
train,0161-0013.svg,1498,712,0,12,2048,1,0,0.0,0.0,140.0,140.0,48,0,0,1450,0,0,0
train,0161-0014.svg,1514,985,0,11,2048,1,0,0.0,0.0,140.0,140.0,38,12,0,1464,0,0,0
train,0161-0022.svg,867,350,0,8,2048,1,0,0.0,0.0,140.0,140.0,33,0,0,834,0,0,0
train,0162-0003.svg,1593,1082,0,13,2048,1,0,0.0,0.0,140.0,140.0,50,6,0,1537,0,0,0
train,0162-0004.svg,355,130,0,3,2048,1,0,0.0,0.0,140.0,140.0,3,0,0,352,0,0,0
train,0162-0013.svg,382,143,0,3,2048,1,0,0.0,0.0,140.0,140.0,3,0,0,379,0,0,0
train,0162-0014.svg,1484,986,0,12,2048,1,0,0.0,0.0,140.0,140.0,38,12,0,1434,0,0,0
train,0163-0000.svg,680,406,0,7,2048,1,0,0.0,0.0,140.0,140.0,10,3,0,667,0,0,0
train,0163-0002.svg,1930,1061,0,11,2048,1,0,0.0,0.0,140.0,140.0,57,3,0,1870,0,0,0
train,0163-0005.svg,572,451,0,3,2048,1,0,0.0,0.0,140.0,140.0,5,0,0,567,0,0,0
train,0163-0006.svg,1242,751,0,7,2048,1,0,0.0,0.0,140.0,140.0,16,0,0,1226,0,0,0
train,0163-0008.svg,1716,1022,0,12,2048,1,0,0.0,0.0,140.0,140.0,41,3,0,1672,0,0,0
train,0163-0010.svg,1160,861,0,7,2048,1,0,0.0,0.0,140.0,140.0,14,0,0,1146,0,0,0
train,0163-0014.svg,1482,832,0,13,2048,1,0,0.0,0.0,140.0,140.0,38,12,0,1432,0,0,0
train,0164-0002.svg,1947,1159,0,12,2048,1,0,0.0,0.0,140.0,140.0,57,3,0,1887,0,0,0
train,0164-0004.svg,1638,1006,0,13,2048,1,0,0.0,0.0,140.0,140.0,43,3,0,1592,0,0,0
train,0164-0006.svg,1593,853,0,13,2048,1,0,0.0,0.0,140.0,140.0,41,3,0,1549,0,0,0
train,0164-0008.svg,515,168,0,3,2048,1,0,0.0,0.0,140.0,140.0,5,0,0,510,0,0,0
train,0164-0011.svg,830,284,0,9,2048,1,0,0.0,0.0,140.0,140.0,32,0,0,798,0,0,0
train,0164-0012.svg,1464,1058,0,12,2048,1,0,0.0,0.0,140.0,140.0,38,12,0,1414,0,0,0
train,0164-0017.svg,1133,607,0,11,2048,1,0,0.0,0.0,140.0,140.0,38,8,0,1087,0,0,0
train,0164-0021.svg,751,253,0,8,2048,1,0,0.0,0.0,140.0,140.0,31,0,0,720,0,0,0
train,0164-0022.svg,1217,604,0,10,2048,1,0,0.0,0.0,140.0,140.0,46,8,0,1163,0,0,0
train,0164-0023.svg,534,199,0,3,2048,1,0,0.0,0.0,140.0,140.0,6,0,0,528,0,0,0
train,0165-0003.svg,307,131,0,3,2048,1,0,0.0,0.0,140.0,140.0,0,0,0,307,0,0,0
train,0165-0008.svg,656,320,0,6,2048,1,0,0.0,0.0,140.0,140.0,0,0,0,656,0,0,0
train,0165-0010.svg,252,183,0,2,2048,1,0,0.0,0.0,140.0,140.0,0,0,0,252,0,0,0
train,0165-0012.svg,1089,889,0,10,2048,1,0,0.0,0.0,140.0,140.0,10,0,0,1079,0,0,0
train,0165-0017.svg,1224,977,0,9,2048,1,0,0.0,0.0,140.0,140.0,15,0,0,1209,0,0,0
train,0166-0004.svg,1568,1068,0,14,2048,1,0,0.0,0.0,140.0,140.0,43,3,0,1522,0,0,0
train,0166-0006.svg,1598,1134,0,15,2048,1,0,0.0,0.0,140.0,140.0,41,3,0,1554,0,0,0
train,0166-0008.svg,1743,983,0,13,2048,1,0,0.0,0.0,140.0,140.0,41,3,0,1699,0,0,0
train,0166-0012.svg,1447,851,0,11,2048,1,0,0.0,0.0,140.0,140.0,38,12,0,1397,0,0,0
train,0167-0002.svg,800,367,0,6,2048,1,0,0.0,0.0,140.0,140.0,0,0,0,800,0,0,0
train,0167-0006.svg,117,30,0,1,2048,1,0,0.0,0.0,140.0,140.0,4,0,0,113,0,0,0
train,0167-0008.svg,912,394,0,6,2048,1,0,0.0,0.0,140.0,140.0,0,0,0,912,0,0,0
train,0167-0014.svg,836,399,0,6,2048,1,0,0.0,0.0,140.0,140.0,0,0,0,836,0,0,0
train,0167-0016.svg,365,232,0,2,2048,1,0,0.0,0.0,140.0,140.0,0,0,0,365,0,0,0
train,0168-0002.svg,1760,1095,0,12,2048,1,0,0.0,0.0,140.0,140.0,57,3,0,1700,0,0,0
train,0168-0004.svg,1504,966,0,13,2048,1,0,0.0,0.0,140.0,140.0,43,3,0,1458,0,0,0
train,0168-0008.svg,697,463,0,4,2048,1,0,0.0,0.0,140.0,140.0,3,0,0,694,0,0,0
train,0168-0014.svg,1551,1019,0,11,2048,1,0,0.0,0.0,140.0,140.0,33,8,0,1510,0,0,0
train,0168-0017.svg,3790,1154,0,8,2048,2,0,0.0,0.0,140.0,140.0,4,0,0,3786,0,0,0
train,0168-0019.svg,555,438,0,1,2048,1,0,0.0,0.0,140.0,140.0,3,0,0,552,0,0,0
train,0168-0025.svg,661,506,0,3,2048,1,0,0.0,0.0,140.0,140.0,2,0,0,659,0,0,0
train,0168-0028.svg,1038,55,0,2,2048,1,0,0.0,0.0,140.0,140.0,4,0,0,1034,0,0,0
train,0169-0005.svg,678,355,0,7,2048,1,0,0.0,0.0,140.0,140.0,20,0,0,658,0,0,0
train,0169-0006.svg,800,323,0,4,2048,1,0,0.0,0.0,140.0,140.0,4,0,0,796,0,0,0
train,0169-0008.svg,998,499,0,4,2048,1,0,0.0,0.0,140.0,140.0,2,0,0,996,0,0,0
train,0169-0015.svg,670,348,0,8,2048,1,0,0.0,0.0,140.0,140.0,18,0,0,652,0,0,0
train,0170-0002.svg,1237,807,0,11,2048,1,0,0.0,0.0,140.0,140.0,33,7,0,1197,0,0,0
train,0170-0004.svg,1255,810,0,12,2048,1,0,0.0,0.0,140.0,140.0,33,7,0,1215,0,0,0
train,0170-0008.svg,1256,605,0,12,2048,1,0,0.0,0.0,140.0,140.0,45,0,0,1211,0,0,0
train,0171-0006.svg,440,254,0,6,2048,1,0,0.0,0.0,140.0,140.0,1,0,0,439,0,0,0
train,0171-0007.svg,728,529,0,7,2048,1,0,0.0,0.0,140.0,140.0,1,0,0,727,0,0,0
train,0171-0010.svg,290,198,0,1,2048,1,0,0.0,0.0,140.0,140.0,1,0,0,289,0,0,0
train,0171-0011.svg,101,28,0,1,2048,1,0,0.0,0.0,140.0,140.0,5,0,0,96,0,0,0
train,0171-0032.svg,202,49,0,1,2048,1,0,0.0,0.0,140.0,140.0,5,0,0,197,0,0,0
train,0171-0039.svg,212,6,0,1,2048,1,0,0.0,0.0,140.0,140.0,1,0,0,211,0,0,0
train,0172-0001.svg,572,185,0,2,2048,1,0,0.0,0.0,140.0,140.0,14,0,0,558,0,0,0
train,0172-0010.svg,509,197,0,2,2048,1,0,0.0,0.0,140.0,140.0,14,0,0,495,0,0,0
train,0173-0006.svg,357,271,0,6,2048,1,0,0.0,0.0,140.0,140.0,0,0,0,357,0,0,0
train,0173-0008.svg,569,145,0,4,2048,1,0,0.0,0.0,140.0,140.0,2,0,0,567,0,0,0
train,0173-0010.svg,328,218,0,2,2048,1,0,0.0,0.0,140.0,140.0,0,0,0,328,0,0,0
train,0173-0021.svg,707,306,0,5,2048,1,0,0.0,0.0,140.0,140.0,9,0,0,698,0,0,0
train,0173-0022.svg,511,193,0,7,2048,1,0,0.0,0.0,140.0,140.0,2,0,0,509,0,0,0
train,0173-0023.svg,371,60,0,2,2048,1,0,0.0,0.0,140.0,140.0,1,0,0,370,0,0,0
train,0174-0002.svg,1371,941,0,14,2048,1,0,0.0,0.0,140.0,140.0,39,8,0,1324,0,0,0
train,0174-0004.svg,1428,874,0,10,2048,1,0,0.0,0.0,140.0,140.0,40,8,0,1380,0,0,0
train,0175-0003.svg,477,258,0,9,2048,1,0,0.0,0.0,140.0,140.0,2,0,0,475,0,0,0
train,0175-0004.svg,852,540,0,11,2048,1,0,0.0,0.0,140.0,140.0,17,0,0,835,0,0,0
train,0175-0010.svg,515,170,0,1,2048,1,0,0.0,0.0,140.0,140.0,14,0,0,501,0,0,0
train,0175-0011.svg,434,107,0,4,2048,1,0,0.0,0.0,140.0,140.0,2,0,0,432,0,0,0
train,0175-0020.svg,1306,888,0,6,2048,1,0,0.0,0.0,140.0,140.0,14,0,0,1292,0,0,0
train,0175-0026.svg,1659,1391,0,7,2048,1,0,0.0,0.0,140.0,140.0,17,0,0,1642,0,0,0
train,0175-0028.svg,319,109,0,5,2048,1,0,0.0,0.0,140.0,140.0,3,0,0,316,0,0,0
train,0176-0004.svg,1410,1092,0,14,2048,1,0,0.0,0.0,140.0,140.0,43,3,0,1364,0,0,0
train,0176-0011.svg,857,645,0,11,2048,1,0,0.0,0.0,140.0,140.0,26,0,0,831,0,0,0
train,0176-0013.svg,1417,1060,0,14,2048,1,0,0.0,0.0,140.0,140.0,42,3,0,1372,0,0,0
train,0176-0017.svg,575,402,0,9,2048,1,0,0.0,0.0,140.0,140.0,9,0,0,566,0,0,0
train,0176-0079.svg,1419,996,0,8,2048,1,0,0.0,0.0,140.0,140.0,3,0,0,1416,0,0,0
train,0177-0006.svg,348,157,0,7,2048,1,0,0.0,0.0,140.0,140.0,10,3,0,335,0,0,0
train,0177-0010.svg,1277,1060,0,14,2048,1,0,0.0,0.0,140.0,140.0,46,3,0,1228,0,0,0
train,0177-0013.svg,1434,1033,0,12,2048,1,0,0.0,0.0,140.0,140.0,42,3,0,1389,0,0,0
train,0178-0004.svg,741,292,0,7,2048,1,0,0.0,0.0,140.0,140.0,6,0,0,735,0,0,0
train,0178-0007.svg,1280,1008,0,14,2048,1,0,0.0,0.0,140.0,140.0,50,3,0,1227,0,0,0
train,0178-0011.svg,848,617,0,10,2048,1,0,0.0,0.0,140.0,140.0,26,0,0,822,0,0,0
train,0178-0013.svg,1412,1077,0,14,2048,1,0,0.0,0.0,140.0,140.0,42,3,0,1367,0,0,0
train,0178-0018.svg,968,622,0,5,2048,1,0,0.0,0.0,140.0,140.0,18,0,0,950,0,0,0
train,0178-0021.svg,869,490,0,6,2048,1,0,0.0,0.0,140.0,140.0,17,0,0,852,0,0,0
train,0179-0004.svg,1398,944,0,13,2048,1,0,0.0,0.0,140.0,140.0,43,3,0,1352,0,0,0
train,0179-0013.svg,1420,1105,0,14,2048,1,0,0.0,0.0,140.0,140.0,43,3,0,1374,0,0,0
train,0179-0016.svg,790,677,0,11,2048,1,0,0.0,0.0,140.0,140.0,26,3,0,761,0,0,0
train,0180-0000.svg,1381,721,0,13,2048,1,0,0.0,0.0,140.0,140.0,36,0,0,1345,0,0,0
train,0180-0001.svg,746,580,0,11,2048,1,0,0.0,0.0,140.0,140.0,26,0,0,720,0,0,0
train,0180-0008.svg,775,588,0,9,2048,1,0,0.0,0.0,140.0,140.0,25,0,0,750,0,0,0
train,0180-0012.svg,743,401,0,7,2048,1,0,0.0,0.0,140.0,140.0,17,3,0,723,0,0,0
train,0180-0013.svg,1416,1052,0,14,2048,1,0,0.0,0.0,140.0,140.0,42,3,0,1371,0,0,0
train,0181-0007.svg,400,225,0,6,2048,1,0,0.0,0.0,140.0,140.0,1,0,0,399,0,0,0
train,0181-0010.svg,633,533,0,2,2048,1,0,0.0,0.0,140.0,140.0,2,0,0,631,0,0,0
train,0181-0013.svg,585,385,0,7,2048,1,0,0.0,0.0,140.0,140.0,1,0,0,584,0,0,0
train,0181-0029.svg,794,353,0,4,2048,1,0,0.0,0.0,140.0,140.0,6,0,0,788,0,0,0
train,0181-0059.svg,540,223,0,1,2048,1,0,0.0,0.0,140.0,140.0,6,0,0,534,0,0,0
train,0181-0070.svg,1199,41,0,1,2048,1,0,0.0,0.0,140.0,140.0,2,0,0,1197,0,0,0
train,0182-0003.svg,713,380,0,8,2048,1,0,0.0,0.0,140.0,140.0,17,3,0,693,0,0,0
train,0182-0004.svg,1410,1104,0,14,2048,1,0,0.0,0.0,140.0,140.0,43,3,0,1364,0,0,0
train,0182-0007.svg,1298,1072,0,14,2048,1,0,0.0,0.0,140.0,140.0,50,3,0,1245,0,0,0
train,0182-0008.svg,938,90,0,2,2048,1,0,0.0,0.0,140.0,140.0,8,0,0,930,0,0,0
train,0182-0011.svg,855,624,0,10,2048,1,0,0.0,0.0,140.0,140.0,26,0,0,829,0,0,0
train,0183-0002.svg,492,342,0,8,2048,1,0,0.0,0.0,140.0,140.0,9,0,0,483,0,0,0
train,0183-0003.svg,711,345,0,6,2048,1,0,0.0,0.0,140.0,140.0,17,3,0,691,0,0,0
train,0183-0011.svg,975,672,0,3,2048,1,0,0.0,0.0,140.0,140.0,1,0,0,974,0,0,0
train,0183-0013.svg,1421,1098,0,14,2048,1,0,0.0,0.0,140.0,140.0,42,3,0,1376,0,0,0
train,0183-0017.svg,1080,166,0,6,2048,1,0,0.0,0.0,140.0,140.0,1,0,0,1079,0,0,0
train,0183-0018.svg,477,92,0,4,2048,1,0,0.0,0.0,140.0,140.0,13,0,0,464,0,0,0
train,0184-0004.svg,660,452,0,7,2048,1,0,0.0,0.0,140.0,140.0,1,0,0,659,0,0,0
train,0184-0006.svg,178,81,0,3,2048,1,0,0.0,0.0,140.0,140.0,0,0,0,178,0,0,0
train,0184-0007.svg,512,296,0,5,2048,1,0,0.0,0.0,140.0,140.0,16,0,0,496,0,0,0
train,0184-0010.svg,484,255,0,6,2048,1,0,0.0,0.0,140.0,140.0,16,0,0,468,0,0,0
train,0184-0013.svg,676,450,0,7,2048,1,0,0.0,0.0,140.0,140.0,1,0,0,675,0,0,0
train,0185-0004.svg,1459,1031,0,13,2048,1,0,0.0,0.0,140.0,140.0,43,3,0,1413,0,0,0
train,0185-0010.svg,1365,869,0,12,2048,1,0,0.0,0.0,140.0,140.0,47,3,0,1315,0,0,0
train,0185-0013.svg,1475,1141,0,13,2048,1,0,0.0,0.0,140.0,140.0,42,3,0,1430,0,0,0
train,0185-0014.svg,169,16,0,2,2048,1,0,0.0,0.0,140.0,140.0,1,0,0,168,0,0,0
train,0185-0016.svg,111,24,0,2,2048,1,0,0.0,0.0,140.0,140.0,3,0,0,108,0,0,0
train,0186-0007.svg,4946,74,0,1,2048,3,0,0.0,0.0,140.0,140.0,3,0,0,4943,0,0,0
train,0186-0010.svg,987,636,0,12,2048,1,0,0.0,0.0,140.0,140.0,70,0,0,917,0,0,0
train,0186-0011.svg,557,304,0,7,2048,1,0,0.0,0.0,140.0,140.0,18,0,0,539,0,0,0
train,0186-0013.svg,846,494,0,7,2048,1,0,0.0,0.0,140.0,140.0,12,0,0,834,0,0,0
train,0186-0016.svg,301,180,0,1,2048,1,0,0.0,0.0,140.0,140.0,3,0,0,298,0,0,0
train,0187-0007.svg,1492,1059,0,13,2048,1,0,0.0,0.0,140.0,140.0,37,9,0,1446,0,0,0
train,0187-0010.svg,2532,1752,0,10,2048,2,0,0.0,0.0,140.0,140.0,39,0,0,2493,0,0,0
train,0187-0013.svg,2167,1450,0,18,2048,2,0,0.0,0.0,140.0,140.0,34,6,0,2127,0,0,0
train,0187-0014.svg,1963,1667,0,15,2048,1,0,0.0,0.0,140.0,140.0,21,0,0,1942,0,0,0
train,0187-0016.svg,2032,1447,0,20,2048,1,0,0.0,0.0,140.0,140.0,34,6,0,1992,0,0,0
train,0187-0017.svg,1960,1680,0,16,2048,1,0,0.0,0.0,140.0,140.0,22,0,0,1938,0,0,0
train,0188-0003.svg,1039,479,0,11,2048,1,0,0.0,0.0,140.0,140.0,27,0,0,1012,0,0,0
train,0188-0010.svg,2531,1793,0,11,2048,2,0,0.0,0.0,140.0,140.0,38,0,0,2493,0,0,0
train,0188-0011.svg,3830,2933,0,13,2048,2,0,0.0,0.0,140.0,140.0,60,12,0,3758,0,0,0
train,0188-0013.svg,2213,1438,0,11,2048,2,0,0.0,0.0,140.0,140.0,38,4,0,2171,0,0,0
train,0188-0014.svg,1926,1648,0,16,2048,1,0,0.0,0.0,140.0,140.0,21,0,0,1905,0,0,0
train,0188-0016.svg,2047,1683,0,19,2048,1,0,0.0,0.0,140.0,140.0,34,6,0,2007,0,0,0
train,0188-0017.svg,1918,1631,0,16,2048,1,0,0.0,0.0,140.0,140.0,24,0,0,1894,0,0,0
train,0189-0010.svg,2534,1808,0,12,2048,2,0,0.0,0.0,140.0,140.0,38,0,0,2496,0,0,0
train,0189-0011.svg,3834,2959,0,14,2048,2,0,0.0,0.0,140.0,140.0,60,12,0,3762,0,0,0
train,0189-0012.svg,665,411,0,8,2048,1,0,0.0,0.0,140.0,140.0,5,0,0,660,0,0,0
train,0189-0013.svg,2188,1543,0,18,2048,2,0,0.0,0.0,140.0,140.0,36,6,0,2146,0,0,0
train,0189-0016.svg,2032,1481,0,20,2048,1,0,0.0,0.0,140.0,140.0,34,6,0,1992,0,0,0
train,0189-0017.svg,1900,1678,0,16,2048,1,0,0.0,0.0,140.0,140.0,22,0,0,1878,0,0,0
train,0189-0019.svg,534,438,0,8,2048,1,0,0.0,0.0,140.0,140.0,8,0,0,526,0,0,0
train,0190-0007.svg,1472,816,0,12,2048,1,0,0.0,0.0,140.0,140.0,35,9,0,1428,0,0,0
train,0190-0013.svg,2176,1487,0,18,2048,2,0,0.0,0.0,140.0,140.0,35,6,0,2135,0,0,0
train,0190-0016.svg,2025,1310,0,17,2048,1,0,0.0,0.0,140.0,140.0,33,6,0,1986,0,0,0
train,0190-0017.svg,1907,1637,0,15,2048,1,0,0.0,0.0,140.0,140.0,21,0,0,1886,0,0,0
train,0191-0001.svg,1028,523,0,7,2048,1,0,0.0,0.0,140.0,140.0,29,0,0,999,0,0,0
train,0191-0003.svg,707,430,0,9,2048,1,0,0.0,0.0,140.0,140.0,14,6,0,687,0,0,0
train,0191-0005.svg,1020,753,0,9,2048,1,0,0.0,0.0,140.0,140.0,12,0,0,1008,0,0,0
train,0191-0012.svg,939,572,0,11,2048,1,0,0.0,0.0,140.0,140.0,17,6,0,916,0,0,0
train,0191-0013.svg,2189,1755,0,17,2048,2,0,0.0,0.0,140.0,140.0,36,6,0,2147,0,0,0
train,0192-0005.svg,521,329,0,6,2048,1,0,0.0,0.0,140.0,140.0,1,0,0,520,0,0,0
train,0192-0006.svg,623,318,0,5,2048,1,0,0.0,0.0,140.0,140.0,1,0,0,622,0,0,0
train,0192-0008.svg,124,69,0,2,2048,1,0,0.0,0.0,140.0,140.0,5,0,0,119,0,0,0
train,0192-0010.svg,429,264,0,5,2048,1,0,0.0,0.0,140.0,140.0,0,0,0,429,0,0,0
train,0192-0014.svg,349,213,0,2,2048,1,0,0.0,0.0,140.0,140.0,1,0,0,348,0,0,0
train,0192-0016.svg,242,161,0,5,2048,1,0,0.0,0.0,140.0,140.0,8,0,0,234,0,0,0
train,0192-0018.svg,643,279,0,5,2048,1,0,0.0,0.0,140.0,140.0,0,0,0,643,0,0,0
train,0192-0021.svg,247,168,0,2,2048,1,0,0.0,0.0,140.0,140.0,0,0,0,247,0,0,0
train,0193-0004.svg,1265,718,0,14,2048,1,0,0.0,0.0,140.0,140.0,24,6,0,1235,0,0,0
train,0193-0007.svg,1474,815,0,13,2048,1,0,0.0,0.0,140.0,140.0,35,9,0,1430,0,0,0
train,0193-0009.svg,1475,833,0,12,2048,1,0,0.0,0.0,140.0,140.0,44,0,0,1431,0,0,0
train,0193-0013.svg,2176,1499,0,17,2048,2,0,0.0,0.0,140.0,140.0,35,6,0,2135,0,0,0
train,0193-0014.svg,1930,1499,0,14,2048,1,0,0.0,0.0,140.0,140.0,20,0,0,1910,0,0,0
train,0193-0016.svg,2032,1400,0,20,2048,1,0,0.0,0.0,140.0,140.0,33,6,0,1993,0,0,0
train,0193-0021.svg,1423,828,0,12,2048,1,0,0.0,0.0,140.0,140.0,41,0,0,1382,0,0,0
train,0193-0025.svg,1491,914,0,13,2048,1,0,0.0,0.0,140.0,140.0,37,0,0,1454,0,0,0
train,0193-0028.svg,1449,753,0,14,2048,1,0,0.0,0.0,140.0,140.0,28,0,0,1421,0,0,0
train,0193-0029.svg,1416,766,0,13,2048,1,0,0.0,0.0,140.0,140.0,36,0,0,1380,0,0,0
train,0194-0012.svg,909,546,0,13,2048,1,0,0.0,0.0,140.0,140.0,16,6,0,887,0,0,0
train,0194-0014.svg,1927,1445,0,13,2048,1,0,0.0,0.0,140.0,140.0,20,0,0,1907,0,0,0
train,0194-0015.svg,991,677,0,12,2048,1,0,0.0,0.0,140.0,140.0,19,6,0,966,0,0,0
train,0194-0017.svg,1919,1670,0,17,2048,1,0,0.0,0.0,140.0,140.0,21,0,0,1898,0,0,0
train,0195-0004.svg,1276,728,0,13,2048,1,0,0.0,0.0,140.0,140.0,24,6,0,1246,0,0,0
train,0195-0007.svg,2337,1547,0,10,2048,2,0,0.0,0.0,140.0,140.0,26,3,0,2308,0,0,0
train,0195-0013.svg,2187,1750,0,19,2048,2,0,0.0,0.0,140.0,140.0,38,6,0,2143,0,0,0
train,0195-0016.svg,2027,1417,0,17,2048,1,0,0.0,0.0,140.0,140.0,33,6,0,1988,0,0,0
train,0195-0019.svg,1477,1150,0,13,2048,1,0,0.0,0.0,140.0,140.0,22,6,0,1449,0,0,0
train,0195-0023.svg,2228,293,0,5,2048,2,0,0.0,0.0,140.0,140.0,14,0,0,2214,0,0,0
train,0196-0005.svg,2717,1927,0,14,2048,2,0,0.0,0.0,140.0,140.0,70,5,0,2642,0,0,0
train,0196-0006.svg,617,364,0,9,2048,1,0,0.0,0.0,140.0,140.0,15,0,0,602,0,0,0
train,0196-0008.svg,185,56,0,4,2048,1,0,0.0,0.0,140.0,140.0,5,0,0,180,0,0,0
train,0196-0017.svg,790,340,0,6,2048,1,0,0.0,0.0,140.0,140.0,0,0,0,790,0,0,0
train,0196-0018.svg,609,341,0,8,2048,1,0,0.0,0.0,140.0,140.0,0,0,0,609,0,0,0
train,0196-0021.svg,338,134,0,4,2048,1,0,0.0,0.0,140.0,140.0,0,0,0,338,0,0,0
train,0196-0023.svg,376,179,0,5,2048,1,0,0.0,0.0,140.0,140.0,13,0,0,363,0,0,0
train,0196-0025.svg,1065,656,0,10,2048,1,0,0.0,0.0,140.0,140.0,34,5,0,1026,0,0,0
train,0197-0003.svg,1037,285,0,8,2048,1,0,0.0,0.0,140.0,140.0,29,0,0,1008,0,0,0
train,0197-0010.svg,3006,2101,0,14,2048,2,0,0.0,0.0,140.0,140.0,50,3,0,2953,0,0,0
train,0197-0013.svg,1970,1443,0,16,2048,1,0,0.0,0.0,140.0,140.0,46,9,0,1915,0,0,0
train,0198-0002.svg,674,502,0,6,2048,1,0,0.0,0.0,140.0,140.0,4,0,0,670,0,0,0
train,0198-0003.svg,1236,226,0,2,2048,1,0,0.0,0.0,140.0,140.0,0,0,0,1236,0,0,0
train,0198-0008.svg,579,294,0,6,2048,1,0,0.0,0.0,140.0,140.0,14,0,0,565,0,0,0
train,0198-0012.svg,772,280,0,6,2048,1,0,0.0,0.0,140.0,140.0,14,0,0,758,0,0,0
train,0198-0013.svg,1095,528,0,7,2048,1,0,0.0,0.0,140.0,140.0,5,0,0,1090,0,0,0
train,0198-0017.svg,533,320,0,4,2048,1,0,0.0,0.0,140.0,140.0,9,0,0,524,0,0,0
train,0198-0023.svg,5583,1267,0,6,2048,3,0,0.0,0.0,140.0,140.0,10,0,0,5573,0,0,0
train,0198-0024.svg,2368,940,0,8,2048,2,0,0.0,0.0,140.0,140.0,4,0,0,2364,0,0,0
train,0198-0034.svg,517,227,0,6,2048,1,0,0.0,0.0,140.0,140.0,2,0,0,515,0,0,0
train,0199-0011.svg,3845,2883,0,13,2048,2,0,0.0,0.0,140.0,140.0,60,12,0,3773,0,0,0
train,0199-0013.svg,2175,1380,0,19,2048,2,0,0.0,0.0,140.0,140.0,35,6,0,2134,0,0,0
train,0199-0019.svg,1577,1125,0,12,2048,1,0,0.0,0.0,140.0,140.0,23,6,0,1548,0,0,0
train,0200-0001.svg,1872,1584,0,13,2048,1,0,0.0,0.0,140.0,140.0,46,0,0,1826,0,0,0
train,0200-0006.svg,313,113,0,2,2048,1,0,0.0,0.0,140.0,140.0,2,0,0,311,0,0,0
train,0201-0007.svg,683,71,0,1,2048,1,0,0.0,0.0,140.0,140.0,2,0,0,681,0,0,0
train,0202-0001.svg,1842,1507,0,18,2048,1,0,0.0,0.0,140.0,140.0,46,0,0,1796,0,0,0
train,0202-0003.svg,484,224,0,4,2048,1,0,0.0,0.0,140.0,140.0,20,0,0,464,0,0,0
train,0203-0001.svg,1730,1372,0,16,2048,1,0,0.0,0.0,140.0,140.0,41,0,0,1689,0,0,0
train,0203-0057.svg,564,392,0,3,2048,1,0,0.0,0.0,140.0,140.0,6,0,0,558,0,0,0
train,0203-0064.svg,1502,389,0,6,2048,1,0,0.0,0.0,140.0,140.0,6,0,0,1496,0,0,0
train,0203-0065.svg,1630,401,0,6,2048,1,0,0.0,0.0,140.0,140.0,10,0,0,1620,0,0,0
train,0203-0076.svg,387,180,0,1,2048,1,0,0.0,0.0,140.0,140.0,1,0,0,386,0,0,0
train,0203-0093.svg,378,221,0,1,2048,1,0,0.0,0.0,140.0,140.0,1,0,0,377,0,0,0
train,0204-0002.svg,1573,770,0,14,2048,1,0,0.0,0.0,140.0,140.0,22,0,0,1551,0,0,0
train,0204-0003.svg,117,22,0,2,2048,1,0,0.0,0.0,140.0,140.0,3,0,0,114,0,0,0
train,0204-0006.svg,1360,738,0,14,2048,1,0,0.0,0.0,140.0,140.0,25,0,0,1335,0,0,0
train,0205-0001.svg,1840,1500,0,15,2048,1,0,0.0,0.0,140.0,140.0,46,0,0,1794,0,0,0
train,0205-0007.svg,1290,807,0,13,2048,1,0,0.0,0.0,140.0,140.0,25,0,0,1265,0,0,0
train,0205-0010.svg,1236,803,0,13,2048,1,0,0.0,0.0,140.0,140.0,21,0,0,1215,0,0,0
train,0206-0001.svg,1872,1429,0,15,2048,1,0,0.0,0.0,140.0,140.0,46,0,0,1826,0,0,0
train,0206-0009.svg,175,90,0,3,2048,1,0,0.0,0.0,140.0,140.0,6,0,0,169,0,0,0
train,0206-0021.svg,746,355,0,7,2048,1,0,0.0,0.0,140.0,140.0,18,0,0,728,0,0,0
train,0206-0023.svg,342,103,0,4,2048,1,0,0.0,0.0,140.0,140.0,9,0,0,333,0,0,0
train,0207-0001.svg,1831,1345,0,16,2048,1,0,0.0,0.0,140.0,140.0,41,0,0,1790,0,0,0
train,0207-0008.svg,3330,631,0,2,2048,2,0,0.0,0.0,140.0,140.0,58,0,0,3272,0,0,0
train,0207-0012.svg,2132,500,0,3,2048,2,0,0.0,0.0,140.0,140.0,36,0,0,2096,0,0,0
train,0207-0024.svg,444,174,0,4,2048,1,0,0.0,0.0,140.0,140.0,6,0,0,438,0,0,0
train,0207-0036.svg,774,458,0,7,2048,1,0,0.0,0.0,140.0,140.0,0,0,0,774,0,0,0
train,0207-0049.svg,723,310,0,7,2048,1,0,0.0,0.0,140.0,140.0,3,0,0,720,0,0,0
train,0207-0063.svg,2906,490,0,4,2048,2,0,0.0,0.0,140.0,140.0,53,0,0,2853,0,0,0
train,0207-0064.svg,3337,494,0,4,2048,2,0,0.0,0.0,140.0,140.0,58,1,0,3278,0,0,0
train,0208-0002.svg,1448,943,0,13,2048,1,0,0.0,0.0,140.0,140.0,27,0,0,1421,0,0,0
train,0208-0006.svg,1353,811,0,16,2048,1,0,0.0,0.0,140.0,140.0,31,0,0,1322,0,0,0
train,0209-0001.svg,1842,1496,0,15,2048,1,0,0.0,0.0,140.0,140.0,46,0,0,1796,0,0,0
train,0211-0003.svg,1900,1220,0,17,2048,1,0,0.0,0.0,140.0,140.0,35,0,0,1865,0,0,0
train,0211-0006.svg,641,291,0,5,2048,1,0,0.0,0.0,140.0,140.0,29,0,0,612,0,0,0
train,0211-0007.svg,1090,567,0,13,2048,1,0,0.0,0.0,140.0,140.0,41,6,0,1043,0,0,0
train,0211-0011.svg,561,264,0,5,2048,1,0,0.0,0.0,140.0,140.0,22,0,0,539,0,0,0
train,0211-0017.svg,1068,570,0,11,2048,1,0,0.0,0.0,140.0,140.0,39,7,0,1022,0,0,0
train,0211-0022.svg,1033,540,0,12,2048,1,0,0.0,0.0,140.0,140.0,36,7,0,990,0,0,0
train,0212-0002.svg,1770,1457,0,17,2048,1,0,0.0,0.0,140.0,140.0,45,0,0,1725,0,0,0
train,0213-0002.svg,1802,1512,0,15,2048,1,0,0.0,0.0,140.0,140.0,45,0,0,1757,0,0,0
train,0213-0005.svg,1266,670,0,10,2048,1,0,0.0,0.0,140.0,140.0,28,0,0,1238,0,0,0
train,0214-0006.svg,1196,813,0,15,2048,1,0,0.0,0.0,140.0,140.0,22,0,0,1174,0,0,0
train,0214-0012.svg,1530,884,0,13,2048,1,0,0.0,0.0,140.0,140.0,34,0,0,1496,0,0,0
train,0214-0016.svg,1612,1120,0,14,2048,1,0,0.0,0.0,140.0,140.0,50,0,0,1562,0,0,0
train,0214-0026.svg,952,595,0,12,2048,1,0,0.0,0.0,140.0,140.0,28,0,0,924,0,0,0
train,0215-0004.svg,1816,828,0,13,2048,1,0,0.0,0.0,140.0,140.0,31,0,0,1785,0,0,0
train,0215-0025.svg,1780,792,0,7,2048,1,0,0.0,0.0,140.0,140.0,24,0,0,1756,0,0,0
train,0215-0027.svg,1580,610,0,6,2048,1,0,0.0,0.0,140.0,140.0,19,0,0,1561,0,0,0
train,0215-0028.svg,1390,391,0,8,2048,1,0,0.0,0.0,140.0,140.0,8,0,0,1382,0,0,0
train,0215-0029.svg,1087,499,0,5,2048,1,0,0.0,0.0,140.0,140.0,19,0,0,1068,0,0,0
train,0215-0039.svg,1354,378,0,7,2048,1,0,0.0,0.0,140.0,140.0,15,0,0,1339,0,0,0
train,0215-0041.svg,1148,432,0,7,2048,1,0,0.0,0.0,140.0,140.0,17,0,0,1131,0,0,0
train,0216-0002.svg,1703,1305,0,14,2048,1,0,0.0,0.0,140.0,140.0,45,0,0,1658,0,0,0
train,0216-0008.svg,56,2,0,1,2048,1,0,0.0,0.0,140.0,140.0,2,0,0,54,0,0,0
train,0217-0002.svg,1745,837,0,13,2048,1,0,0.0,0.0,140.0,140.0,31,0,0,1714,0,0,0
train,0217-0003.svg,750,212,0,5,2048,1,0,0.0,0.0,140.0,140.0,10,0,0,740,0,0,0
train,0217-0004.svg,1746,831,0,14,2048,1,0,0.0,0.0,140.0,140.0,31,0,0,1715,0,0,0
train,0217-0012.svg,590,137,0,5,2048,1,0,0.0,0.0,140.0,140.0,9,0,0,581,0,0,0
train,0217-0015.svg,676,153,0,4,2048,1,0,0.0,0.0,140.0,140.0,11,0,0,665,0,0,0
train,0218-0017.svg,5401,1249,0,12,2048,3,0,0.0,0.0,140.0,140.0,37,12,0,5352,0,0,0
train,0218-0022.svg,2265,653,0,8,2048,2,0,0.0,0.0,140.0,140.0,12,2,0,2251,0,0,0
train,0218-0026.svg,3569,821,0,13,2048,2,0,0.0,0.0,140.0,140.0,19,6,0,3544,0,0,0
train,0218-0033.svg,5633,2312,0,14,2048,3,0,0.0,0.0,140.0,140.0,46,12,0,5575,0,0,0
train,0218-0035.svg,246,3,0,1,2048,1,0,0.0,0.0,140.0,140.0,8,0,0,238,0,0,0
train,0218-0039.svg,4566,882,0,15,2048,3,0,0.0,0.0,140.0,140.0,20,7,0,4539,0,0,0
train,0218-0040.svg,5017,1271,0,16,2048,3,0,0.0,0.0,140.0,140.0,33,22,0,4962,0,0,0
train,0219-0003.svg,1675,1277,0,14,2048,1,0,0.0,0.0,140.0,140.0,39,0,0,1636,0,0,0
train,0220-0003.svg,1559,908,0,12,2048,1,0,0.0,0.0,140.0,140.0,44,0,0,1515,0,0,0
train,0221-0003.svg,1670,1294,0,13,2048,1,0,0.0,0.0,140.0,140.0,39,0,0,1631,0,0,0
train,0221-0006.svg,247,46,0,1,2048,1,0,0.0,0.0,140.0,140.0,13,0,0,234,0,0,0
train,0221-0020.svg,316,76,0,4,2048,1,0,0.0,0.0,140.0,140.0,4,0,0,312,0,0,0
train,0222-0003.svg,1887,1197,0,16,2048,1,0,0.0,0.0,140.0,140.0,38,0,0,1849,0,0,0
train,0223-0011.svg,698,439,0,12,2048,1,0,0.0,0.0,140.0,140.0,22,0,0,676,0,0,0
train,0223-0022.svg,2314,1699,0,16,2048,2,0,0.0,0.0,140.0,140.0,57,0,0,2257,0,0,0
train,0223-0028.svg,374,101,0,5,2048,1,0,0.0,0.0,140.0,140.0,12,0,0,362,0,0,0
train,0225-0001.svg,1790,1409,0,16,2048,1,0,0.0,0.0,140.0,140.0,43,0,0,1747,0,0,0
train,0226-0001.svg,1807,1429,0,16,2048,1,0,0.0,0.0,140.0,140.0,43,0,0,1764,0,0,0
train,0226-0009.svg,1788,1075,0,11,2048,1,0,0.0,0.0,140.0,140.0,7,3,0,1778,0,0,0
train,0226-0013.svg,2441,1521,0,10,2048,2,0,0.0,0.0,140.0,140.0,25,4,0,2412,0,0,0
train,0227-0008.svg,1423,923,0,15,2048,1,0,0.0,0.0,140.0,140.0,29,0,0,1394,0,0,0
train,0227-0010.svg,1276,936,0,16,2048,1,0,0.0,0.0,140.0,140.0,29,0,0,1247,0,0,0
train,0229-0033.svg,1175,679,0,7,2048,1,0,0.0,0.0,140.0,140.0,3,0,0,1172,0,0,0
train,0229-0035.svg,617,31,0,3,2048,1,0,0.0,0.0,140.0,140.0,3,0,0,614,0,0,0
train,0229-0046.svg,1127,323,0,8,2048,1,0,0.0,0.0,140.0,140.0,5,0,0,1122,0,0,0
train,0229-0064.svg,862,626,0,5,2048,1,0,0.0,0.0,140.0,140.0,3,0,0,859,0,0,0
train,0229-0071.svg,186,63,0,4,2048,1,0,0.0,0.0,140.0,140.0,2,0,0,184,0,0,0
train,0229-0086.svg,1051,731,0,6,2048,1,0,0.0,0.0,140.0,140.0,1,0,0,1050,0,0,0
train,0229-0088.svg,724,433,0,4,2048,1,0,0.0,0.0,140.0,140.0,0,0,0,724,0,0,0
train,0231-0007.svg,92,22,0,1,2048,1,0,0.0,0.0,140.0,140.0,2,0,0,90,0,0,0
train,0231-0009.svg,465,310,0,10,2048,1,0,0.0,0.0,140.0,140.0,7,0,0,458,0,0,0
train,0231-0010.svg,230,108,0,6,2048,1,0,0.0,0.0,140.0,140.0,1,0,0,229,0,0,0
train,0231-0012.svg,100,30,0,3,2048,1,0,0.0,0.0,140.0,140.0,1,0,0,99,0,0,0
train,0231-0024.svg,321,72,0,5,2048,1,0,0.0,0.0,140.0,140.0,2,0,0,319,0,0,0
train,0231-0025.svg,386,159,0,6,2048,1,0,0.0,0.0,140.0,140.0,9,0,0,377,0,0,0
train,0232-0002.svg,1836,837,0,14,2048,1,0,0.0,0.0,140.0,140.0,31,0,0,1805,0,0,0
train,0232-0006.svg,1866,869,0,15,2048,1,0,0.0,0.0,140.0,140.0,23,0,0,1843,0,0,0
train,0232-0007.svg,1972,1193,0,11,2048,1,0,0.0,0.0,140.0,140.0,35,4,0,1933,0,0,0
train,0232-0021.svg,2532,914,0,15,2048,2,0,0.0,0.0,140.0,140.0,27,1,0,2504,0,0,0
train,0232-0023.svg,3701,1441,0,11,2048,2,0,0.0,0.0,140.0,140.0,45,3,0,3653,0,0,0
train,0232-0027.svg,3541,1611,0,11,2048,2,0,0.0,0.0,140.0,140.0,56,4,0,3481,0,0,0
train,0233-0002.svg,1802,1393,0,14,2048,1,0,0.0,0.0,140.0,140.0,45,0,0,1757,0,0,0
train,0234-0000.svg,542,80,0,4,2048,1,0,0.0,0.0,140.0,140.0,4,0,0,538,0,0,0
train,0234-0001.svg,701,62,0,4,2048,1,0,0.0,0.0,140.0,140.0,2,0,0,699,0,0,0
train,0234-0002.svg,1776,1439,0,16,2048,1,0,0.0,0.0,140.0,140.0,45,0,0,1731,0,0,0
train,0234-0004.svg,636,63,0,1,2048,1,0,0.0,0.0,140.0,140.0,7,0,0,629,0,0,0
train,0235-0002.svg,1771,1380,0,15,2048,1,0,0.0,0.0,140.0,140.0,45,0,0,1726,0,0,0
train,0235-0006.svg,835,377,0,9,2048,1,0,0.0,0.0,140.0,140.0,20,0,0,815,0,0,0
train,0235-0012.svg,1974,1276,0,13,2048,1,0,0.0,0.0,140.0,140.0,49,23,0,1902,0,0,0
train,0235-0017.svg,1794,1381,0,15,2048,1,0,0.0,0.0,140.0,140.0,59,13,0,1722,0,0,0
train,0235-0022.svg,605,394,0,8,2048,1,0,0.0,0.0,140.0,140.0,21,5,0,579,0,0,0
train,0235-0027.svg,483,300,0,4,2048,1,0,0.0,0.0,140.0,140.0,0,0,0,483,0,0,0
train,0235-0031.svg,274,32,0,2,2048,1,0,0.0,0.0,140.0,140.0,2,0,0,272,0,0,0
train,0235-0033.svg,328,185,0,5,2048,1,0,0.0,0.0,140.0,140.0,0,0,0,328,0,0,0
train,0236-0002.svg,1425,1030,0,13,2048,1,0,0.0,0.0,140.0,140.0,31,0,0,1394,0,0,0
train,0236-0006.svg,626,79,0,3,2048,1,0,0.0,0.0,140.0,140.0,5,0,0,621,0,0,0
train,0236-0012.svg,1509,1019,0,13,2048,1,0,0.0,0.0,140.0,140.0,32,0,0,1477,0,0,0
train,0236-0014.svg,196,2,0,1,2048,1,0,0.0,0.0,140.0,140.0,5,0,0,191,0,0,0
train,0236-0026.svg,451,31,0,1,2048,1,0,0.0,0.0,140.0,140.0,3,0,0,448,0,0,0
train,0236-0027.svg,476,11,0,1,2048,1,0,0.0,0.0,140.0,140.0,3,0,0,473,0,0,0
train,0237-0000.svg,281,129,0,7,2048,1,0,0.0,0.0,140.0,140.0,6,0,0,275,0,0,0
train,0237-0001.svg,2069,766,0,9,2048,2,0,0.0,0.0,140.0,140.0,44,0,0,2025,0,0,0
train,0237-0002.svg,1068,451,0,11,2048,1,0,0.0,0.0,140.0,140.0,13,0,0,1055,0,0,0
train,0237-0006.svg,256,40,0,2,2048,1,0,0.0,0.0,140.0,140.0,4,0,0,252,0,0,0
train,0237-0010.svg,307,65,0,3,2048,1,0,0.0,0.0,140.0,140.0,6,0,0,301,0,0,0
train,0237-0016.svg,1997,1633,0,10,2048,1,0,0.0,0.0,140.0,140.0,14,0,0,1983,0,0,0
train,0237-0017.svg,620,334,0,5,2048,1,0,0.0,0.0,140.0,140.0,8,0,0,612,0,0,0
train,0237-0024.svg,246,92,0,6,2048,1,0,0.0,0.0,140.0,140.0,4,0,0,242,0,0,0
train,0238-0000.svg,1445,534,0,7,2048,1,0,0.0,0.0,140.0,140.0,74,6,0,1365,0,0,0
train,0238-0003.svg,2127,1263,0,8,2048,2,0,0.0,0.0,140.0,140.0,39,10,0,2078,0,0,0
train,0238-0007.svg,2227,1047,0,9,2048,2,0,0.0,0.0,140.0,140.0,99,8,0,2120,0,0,0
train,0238-0017.svg,1155,739,0,7,2048,1,0,0.0,0.0,140.0,140.0,7,0,0,1148,0,0,0
train,0238-0021.svg,849,478,0,7,2048,1,0,0.0,0.0,140.0,140.0,1,0,0,848,0,0,0
train,0238-0027.svg,1164,788,0,7,2048,1,0,0.0,0.0,140.0,140.0,38,9,0,1117,0,0,0
train,0238-0034.svg,1234,847,0,6,2048,1,0,0.0,0.0,140.0,140.0,36,12,0,1186,0,0,0
train,0238-0041.svg,1120,767,0,8,2048,1,0,0.0,0.0,140.0,140.0,35,11,0,1074,0,0,0
train,0239-0000.svg,1060,571,0,9,2048,1,0,0.0,0.0,140.0,140.0,37,6,0,1017,0,0,0
train,0239-0013.svg,1188,826,0,7,2048,1,0,0.0,0.0,140.0,140.0,34,12,0,1142,0,0,0
train,0239-0014.svg,1257,783,0,9,2048,1,0,0.0,0.0,140.0,140.0,46,10,0,1201,0,0,0
train,0239-0017.svg,384,182,0,2,2048,1,0,0.0,0.0,140.0,140.0,2,0,0,382,0,0,0
train,0239-0024.svg,247,183,0,3,2048,1,0,0.0,0.0,140.0,140.0,6,0,0,241,0,0,0
train,0239-0035.svg,1502,1209,0,8,2048,1,0,0.0,0.0,140.0,140.0,58,8,0,1436,0,0,0
train,0239-0041.svg,351,277,0,7,2048,1,0,0.0,0.0,140.0,140.0,3,0,0,348,0,0,0
train,0239-0042.svg,1220,691,0,11,2048,1,0,0.0,0.0,140.0,140.0,44,10,0,1166,0,0,0
train,0239-0052.svg,302,232,0,5,2048,1,0,0.0,0.0,140.0,140.0,3,0,0,299,0,0,0
train,0239-0053.svg,52,24,0,2,2048,1,0,0.0,0.0,140.0,140.0,0,0,0,52,0,0,0
train,0239-0058.svg,449,281,0,4,2048,1,0,0.0,0.0,140.0,140.0,0,0,0,449,0,0,0
train,0239-0082.svg,322,214,0,5,2048,1,0,0.0,0.0,140.0,140.0,1,0,0,321,0,0,0
train,0239-0083.svg,269,179,0,6,2048,1,0,0.0,0.0,140.0,140.0,2,0,0,267,0,0,0
train,0239-0093.svg,364,230,0,4,2048,1,0,0.0,0.0,140.0,140.0,0,0,0,364,0,0,0
train,0239-0094.svg,287,208,0,5,2048,1,0,0.0,0.0,140.0,140.0,0,0,0,287,0,0,0
train,0239-0095.svg,318,247,0,2,2048,1,0,0.0,0.0,140.0,140.0,0,0,0,318,0,0,0
train,0239-0102.svg,2429,108,0,5,2048,2,0,0.0,0.0,140.0,140.0,16,0,0,2413,0,0,0
train,0239-0105.svg,249,177,0,1,2048,1,0,0.0,0.0,140.0,140.0,0,0,0,249,0,0,0
train,0239-0115.svg,274,209,0,2,2048,1,0,0.0,0.0,140.0,140.0,0,0,0,274,0,0,0
train,0239-0125.svg,99,57,0,2,2048,1,0,0.0,0.0,140.0,140.0,0,0,0,99,0,0,0
train,0240-0006.svg,864,653,0,9,2048,1,0,0.0,0.0,140.0,140.0,27,0,0,837,0,0,0
train,0240-0013.svg,937,684,0,6,2048,1,0,0.0,0.0,140.0,140.0,32,0,0,905,0,0,0
train,0240-0020.svg,767,538,0,7,2048,1,0,0.0,0.0,140.0,140.0,26,0,0,741,0,0,0
train,0240-0021.svg,1036,785,0,6,2048,1,0,0.0,0.0,140.0,140.0,40,0,0,996,0,0,0
train,0240-0028.svg,5074,3227,0,7,2048,3,0,0.0,0.0,140.0,140.0,184,0,0,4890,0,0,0
train,0240-0034.svg,982,566,0,5,2048,1,0,0.0,0.0,140.0,140.0,34,0,0,948,0,0,0
train,0240-0035.svg,2120,1139,0,7,2048,2,0,0.0,0.0,140.0,140.0,56,0,0,2064,0,0,0
train,0240-0041.svg,832,497,0,6,2048,1,0,0.0,0.0,140.0,140.0,29,0,0,803,0,0,0
train,0240-0453.svg,1508,19,0,2,2048,1,0,0.0,0.0,140.0,140.0,102,0,0,1406,0,0,0
train,0240-0454.svg,1444,338,0,3,2048,1,0,0.0,0.0,140.0,140.0,84,0,0,1360,0,0,0
train,0240-0455.svg,615,20,0,3,2048,1,0,0.0,0.0,140.0,140.0,5,0,0,610,0,0,0
train,0240-0469.svg,503,256,0,5,2048,1,0,0.0,0.0,140.0,140.0,6,0,0,497,0,0,0
train,0240-0477.svg,455,210,0,4,2048,1,0,0.0,0.0,140.0,140.0,1,0,0,454,0,0,0
train,0240-0478.svg,712,388,0,6,2048,1,0,0.0,0.0,140.0,140.0,7,0,0,705,0,0,0
train,0240-0495.svg,515,261,0,3,2048,1,0,0.0,0.0,140.0,140.0,5,0,0,510,0,0,0
train,0241-0003.svg,1845,1285,0,17,2048,1,0,0.0,0.0,140.0,140.0,71,1,0,1773,0,0,0
train,0242-0005.svg,1862,1342,0,17,2048,1,0,0.0,0.0,140.0,140.0,69,1,0,1792,0,0,0
train,0242-0015.svg,460,214,0,4,2048,1,0,0.0,0.0,140.0,140.0,17,0,0,443,0,0,0
train,0243-0000.svg,1234,733,0,13,2048,1,0,0.0,0.0,140.0,140.0,42,0,0,1192,0,0,0
train,0243-0005.svg,1472,881,0,12,2048,1,0,0.0,0.0,140.0,140.0,47,0,0,1425,0,0,0
train,0243-0010.svg,1518,963,0,13,2048,1,0,0.0,0.0,140.0,140.0,53,0,0,1465,0,0,0
train,0244-0003.svg,1849,1365,0,19,2048,1,0,0.0,0.0,140.0,140.0,71,1,0,1777,0,0,0
train,0244-0005.svg,1848,1407,0,18,2048,1,0,0.0,0.0,140.0,140.0,69,1,0,1778,0,0,0
train,0246-0003.svg,1859,1310,0,19,2048,1,0,0.0,0.0,140.0,140.0,71,1,0,1787,0,0,0
train,0246-0011.svg,1079,52,0,5,2048,1,0,0.0,0.0,140.0,140.0,11,0,0,1068,0,0,0
train,0247-0004.svg,332,152,0,6,2048,1,0,0.0,0.0,140.0,140.0,0,0,0,332,0,0,0
train,0247-0005.svg,1819,1232,0,18,2048,1,0,0.0,0.0,140.0,140.0,69,1,0,1749,0,0,0
train,0247-0007.svg,165,2,0,1,2048,1,0,0.0,0.0,140.0,140.0,0,0,0,165,0,0,0
train,0247-0014.svg,443,85,0,3,2048,1,0,0.0,0.0,140.0,140.0,0,0,0,443,0,0,0
train,0247-0028.svg,1699,1305,0,9,2048,1,0,0.0,0.0,140.0,140.0,10,0,0,1689,0,0,0
train,0247-0037.svg,213,116,0,4,2048,1,0,0.0,0.0,140.0,140.0,0,0,0,213,0,0,0
train,0248-0003.svg,1858,1007,0,18,2048,1,0,0.0,0.0,140.0,140.0,71,1,0,1786,0,0,0
train,0248-0005.svg,1834,1329,0,18,2048,1,0,0.0,0.0,140.0,140.0,69,1,0,1764,0,0,0
train,0249-0003.svg,1767,1292,0,21,2048,1,0,0.0,0.0,140.0,140.0,82,1,0,1684,0,0,0
train,0250-0001.svg,374,46,0,1,2048,1,0,0.0,0.0,140.0,140.0,3,0,0,371,0,0,0
train,0250-0003.svg,1781,1327,0,20,2048,1,0,0.0,0.0,140.0,140.0,82,1,0,1698,0,0,0
train,0250-0005.svg,1816,1347,0,19,2048,1,0,0.0,0.0,140.0,140.0,80,1,0,1735,0,0,0
train,0251-0005.svg,1828,1304,0,18,2048,1,0,0.0,0.0,140.0,140.0,80,1,0,1747,0,0,0
train,0252-0003.svg,1879,1390,0,19,2048,1,0,0.0,0.0,140.0,140.0,62,1,0,1816,0,0,0
train,0252-0005.svg,1893,1371,0,19,2048,1,0,0.0,0.0,140.0,140.0,69,1,0,1823,0,0,0
train,0253-0003.svg,270,108,0,4,2048,1,0,0.0,0.0,140.0,140.0,12,0,0,258,0,0,0
train,0253-0012.svg,1581,874,0,14,2048,1,0,0.0,0.0,140.0,140.0,38,0,0,1543,0,0,0
train,0253-0021.svg,1297,819,0,11,2048,1,0,0.0,0.0,140.0,140.0,27,0,0,1270,0,0,0
train,0254-0003.svg,1849,1351,0,18,2048,1,0,0.0,0.0,140.0,140.0,72,1,0,1776,0,0,0
train,0254-0005.svg,135,11,0,2,2048,1,0,0.0,0.0,140.0,140.0,1,0,0,134,0,0,0
train,0254-0041.svg,69,2,0,1,2048,1,0,0.0,0.0,140.0,140.0,0,0,0,69,0,0,0
train,0255-0003.svg,1879,1435,0,19,2048,1,0,0.0,0.0,140.0,140.0,62,1,0,1816,0,0,0
train,0255-0014.svg,1510,101,0,3,2048,1,0,0.0,0.0,140.0,140.0,10,0,0,1500,0,0,0
train,0255-0015.svg,1465,22,0,2,2048,1,0,0.0,0.0,140.0,140.0,2,0,0,1463,0,0,0
train,0255-0018.svg,1814,74,0,3,2048,1,0,0.0,0.0,140.0,140.0,7,0,0,1807,0,0,0
train,0255-0021.svg,648,229,0,4,2048,1,0,0.0,0.0,140.0,140.0,12,0,0,636,0,0,0
train,0255-0022.svg,1822,88,0,3,2048,1,0,0.0,0.0,140.0,140.0,13,0,0,1809,0,0,0
train,0255-0024.svg,1000,72,0,2,2048,1,0,0.0,0.0,140.0,140.0,1,0,0,999,0,0,0
train,0255-0029.svg,2414,10,0,2,2048,2,0,0.0,0.0,140.0,140.0,0,0,0,2414,0,0,0
train,0256-0003.svg,1854,1399,0,19,2048,1,0,0.0,0.0,140.0,140.0,74,1,0,1779,0,0,0
train,0256-0005.svg,1792,1312,0,18,2048,1,0,0.0,0.0,140.0,140.0,80,1,0,1711,0,0,0
train,0257-0005.svg,1823,1382,0,18,2048,1,0,0.0,0.0,140.0,140.0,60,1,0,1762,0,0,0
train,0257-0429.svg,388,22,0,1,2048,1,0,0.0,0.0,140.0,140.0,0,0,0,388,0,0,0
train,0257-0534.svg,6,2,0,1,2048,1,0,0.0,0.0,140.0,140.0,0,0,0,6,0,0,0
train,0257-0567.svg,86,18,0,1,2048,1,0,0.0,0.0,140.0,140.0,3,0,0,83,0,0,0
train,0257-0570.svg,166,20,0,1,2048,1,0,0.0,0.0,140.0,140.0,2,0,0,164,0,0,0
train,0257-0581.svg,97,10,0,1,2048,1,0,0.0,0.0,140.0,140.0,0,0,0,97,0,0,0
train,0257-0607.svg,108,20,0,1,2048,1,0,0.0,0.0,140.0,140.0,1,0,0,107,0,0,0
train,0257-0633.svg,62,11,0,1,2048,1,0,0.0,0.0,140.0,140.0,2,0,0,60,0,0,0
train,0257-0640.svg,129,59,0,3,2048,1,0,0.0,0.0,140.0,140.0,1,0,0,128,0,0,0
train,0257-0643.svg,89,19,0,1,2048,1,0,0.0,0.0,140.0,140.0,3,0,0,86,0,0,0
train,0257-0743.svg,62,5,0,1,2048,1,0,0.0,0.0,140.0,140.0,0,0,0,62,0,0,0
train,0258-0003.svg,1860,1318,0,20,2048,1,0,0.0,0.0,140.0,140.0,71,1,0,1788,0,0,0
train,0258-0005.svg,1849,1446,0,20,2048,1,0,0.0,0.0,140.0,140.0,60,1,0,1788,0,0,0
train,0258-0007.svg,619,301,0,5,2048,1,0,0.0,0.0,140.0,140.0,0,0,0,619,0,0,0
train,0258-0008.svg,473,237,0,4,2048,1,0,0.0,0.0,140.0,140.0,0,0,0,473,0,0,0
train,0258-0010.svg,273,140,0,1,2048,1,0,0.0,0.0,140.0,140.0,3,0,0,270,0,0,0
train,0258-0021.svg,711,423,0,5,2048,1,0,0.0,0.0,140.0,140.0,0,0,0,711,0,0,0
train,0258-0033.svg,549,431,0,3,2048,1,0,0.0,0.0,140.0,140.0,0,0,0,549,0,0,0
train,0259-0005.svg,1865,1393,0,19,2048,1,0,0.0,0.0,140.0,140.0,72,1,0,1792,0,0,0
train,0260-0002.svg,16971,4196,0,7,2048,9,0,0.0,0.0,140.0,140.0,82,1,0,16888,0,0,0
train,0260-0003.svg,1652,1256,0,19,2048,1,0,0.0,0.0,140.0,140.0,66,1,0,1585,0,0,0
train,0260-0016.svg,826,80,0,3,2048,1,0,0.0,0.0,140.0,140.0,1,1,0,824,0,0,0
train,0260-0022.svg,2316,254,0,4,2048,2,0,0.0,0.0,140.0,140.0,2,3,0,2311,0,0,0
train,0261-0005.svg,1839,1392,0,18,2048,1,0,0.0,0.0,140.0,140.0,72,1,0,1766,0,0,0
train,0263-0005.svg,8687,3475,0,21,2048,5,0,0.0,0.0,140.0,140.0,63,0,0,8624,0,0,0
train,0264-0005.svg,678,116,0,3,2048,1,0,0.0,0.0,140.0,140.0,32,0,0,646,0,0,0
train,0264-0010.svg,2858,334,0,2,2048,2,0,0.0,0.0,140.0,140.0,4,0,0,2854,0,0,0
train,0265-0003.svg,4030,2515,0,22,2048,2,0,0.0,0.0,140.0,140.0,60,0,0,3970,0,0,0
train,0266-0001.svg,920,625,0,7,2048,1,0,0.0,0.0,140.0,140.0,7,0,0,913,0,0,0
train,0266-0004.svg,777,343,0,10,2048,1,0,0.0,0.0,140.0,140.0,7,0,0,770,0,0,0
train,0267-0000.svg,4488,1538,0,15,2048,3,0,0.0,0.0,140.0,140.0,20,0,0,4468,0,0,0
train,0267-0019.svg,8418,897,0,3,2048,5,0,0.0,0.0,140.0,140.0,0,0,0,8418,0,0,0
train,0267-0026.svg,4376,746,0,5,2048,3,0,0.0,0.0,140.0,140.0,1,0,0,4375,0,0,0
train,0267-0033.svg,2989,324,0,5,2048,2,0,0.0,0.0,140.0,140.0,4,0,0,2985,0,0,0
train,0267-0054.svg,626,167,0,6,2048,1,0,0.0,0.0,140.0,140.0,3,0,0,623,0,0,0
train,0267-0072.svg,1417,743,0,7,2048,1,0,0.0,0.0,140.0,140.0,9,0,0,1408,0,0,0
train,0267-0073.svg,822,209,0,4,2048,1,0,0.0,0.0,140.0,140.0,7,0,0,815,0,0,0
train,0267-0087.svg,268,37,0,3,2048,1,0,0.0,0.0,140.0,140.0,3,0,0,265,0,0,0
train,0268-0000.svg,13412,896,0,4,2048,7,0,0.0,0.0,140.0,140.0,1,0,0,13411,0,0,0
train,0268-0001.svg,2344,609,0,7,2048,2,0,0.0,0.0,140.0,140.0,3,0,0,2341,0,0,0
train,0268-0002.svg,714,188,0,4,2048,1,0,0.0,0.0,140.0,140.0,7,0,0,707,0,0,0
train,0269-0005.svg,4107,3662,0,10,2048,3,0,0.0,0.0,140.0,140.0,29,8,0,4070,0,0,0
train,0269-0008.svg,3999,3526,0,9,2048,2,0,0.0,0.0,140.0,140.0,26,6,0,3967,0,0,0
train,0269-0009.svg,4106,3600,0,9,2048,3,0,0.0,0.0,140.0,140.0,30,6,0,4070,0,0,0
train,0269-0042.svg,4055,3667,0,11,2048,2,0,0.0,0.0,140.0,140.0,83,7,0,3965,0,0,0
train,0269-0055.svg,198,103,0,2,2048,1,0,0.0,0.0,140.0,140.0,2,0,0,196,0,0,0
train,0269-0062.svg,807,560,0,8,2048,1,0,0.0,0.0,140.0,140.0,31,0,0,776,0,0,0
train,0269-0075.svg,261,99,0,6,2048,1,0,0.0,0.0,140.0,140.0,6,0,0,255,0,0,0
train,0269-0078.svg,1328,1128,0,8,2048,1,0,0.0,0.0,140.0,140.0,32,2,0,1294,0,0,0
train,0269-0082.svg,382,174,0,8,2048,1,0,0.0,0.0,140.0,140.0,19,0,0,363,0,0,0
train,0269-0101.svg,332,140,0,5,2048,1,0,0.0,0.0,140.0,140.0,9,0,0,323,0,0,0
train,0269-0118.svg,228,140,0,5,2048,1,0,0.0,0.0,140.0,140.0,6,0,0,222,0,0,0
train,0269-0123.svg,159,20,0,4,2048,1,0,0.0,0.0,140.0,140.0,10,0,0,149,0,0,0
train,0269-0125.svg,210,99,0,6,2048,1,0,0.0,0.0,140.0,140.0,18,0,0,192,0,0,0
train,0269-0127.svg,610,292,0,9,2048,1,0,0.0,0.0,140.0,140.0,44,0,0,566,0,0,0
train,0269-0133.svg,223,57,0,2,2048,1,0,0.0,0.0,140.0,140.0,12,0,0,211,0,0,0
train,0269-0138.svg,330,197,0,5,2048,1,0,0.0,0.0,140.0,140.0,7,0,0,323,0,0,0
train,0269-0149.svg,244,95,0,3,2048,1,0,0.0,0.0,140.0,140.0,4,0,0,240,0,0,0
train,0269-0152.svg,596,285,0,7,2048,1,0,0.0,0.0,140.0,140.0,21,0,0,575,0,0,0
train,0269-0153.svg,277,142,0,3,2048,1,0,0.0,0.0,140.0,140.0,5,0,0,272,0,0,0
train,0269-0165.svg,480,169,0,6,2048,1,0,0.0,0.0,140.0,140.0,22,0,0,458,0,0,0
train,0269-0172.svg,443,147,0,6,2048,1,0,0.0,0.0,140.0,140.0,18,0,0,425,0,0,0
train,0269-0178.svg,300,157,0,5,2048,1,0,0.0,0.0,140.0,140.0,4,0,0,296,0,0,0
train,0270-0002.svg,1919,1316,0,16,2048,1,0,0.0,0.0,140.0,140.0,47,0,0,1872,0,0,0
train,0270-0005.svg,1026,676,0,8,2048,1,0,0.0,0.0,140.0,140.0,27,6,0,993,0,0,0
train,0270-0008.svg,1085,962,0,8,2048,1,0,0.0,0.0,140.0,140.0,30,6,0,1049,0,0,0
train,0270-0009.svg,970,587,0,8,2048,1,0,0.0,0.0,140.0,140.0,26,6,0,938,0,0,0
train,0270-0010.svg,1028,721,0,9,2048,1,0,0.0,0.0,140.0,140.0,27,6,0,995,0,0,0
train,0271-0000.svg,4598,516,0,9,2048,3,0,0.0,0.0,140.0,140.0,20,4,0,4574,0,0,0
train,0271-0005.svg,826,523,0,11,2048,1,0,0.0,0.0,140.0,140.0,7,0,0,819,0,0,0
train,0271-0008.svg,1924,646,0,7,2048,1,0,0.0,0.0,140.0,140.0,35,6,0,1883,0,0,0
train,0271-0009.svg,1004,732,0,8,2048,1,0,0.0,0.0,140.0,140.0,27,6,0,971,0,0,0
train,0271-0012.svg,833,73,0,2,2048,1,0,0.0,0.0,140.0,140.0,0,0,0,833,0,0,0
train,0271-0014.svg,1157,695,0,7,2048,1,0,0.0,0.0,140.0,140.0,31,6,0,1120,0,0,0
train,0271-0015.svg,396,59,0,2,2048,1,0,0.0,0.0,140.0,140.0,2,0,0,394,0,0,0
train,0271-0021.svg,713,2,0,1,2048,1,0,0.0,0.0,140.0,140.0,0,0,0,713,0,0,0
train,0271-0028.svg,1021,123,0,3,2048,1,0,0.0,0.0,140.0,140.0,1,0,0,1020,0,0,0
train,0271-0038.svg,354,124,0,5,2048,1,0,0.0,0.0,140.0,140.0,3,0,0,351,0,0,0
train,0272-0009.svg,1020,823,0,10,2048,1,0,0.0,0.0,140.0,140.0,6,2,0,1012,0,0,0
train,0272-0011.svg,732,688,0,4,2048,1,0,0.0,0.0,140.0,140.0,0,0,0,732,0,0,0
train,0272-0012.svg,1614,471,0,9,2048,1,0,0.0,0.0,140.0,140.0,3,8,0,1603,0,0,0
train,0272-0013.svg,656,420,0,6,2048,1,0,0.0,0.0,140.0,140.0,1,2,0,653,0,0,0
train,0272-0014.svg,525,350,0,5,2048,1,0,0.0,0.0,140.0,140.0,0,0,0,525,0,0,0
train,0272-0020.svg,1393,1313,0,1,2048,1,0,0.0,0.0,140.0,140.0,0,0,0,1393,0,0,0
train,0272-0021.svg,459,356,0,6,2048,1,0,0.0,0.0,140.0,140.0,4,0,0,455,0,0,0
train,0272-0022.svg,880,254,0,5,2048,1,0,0.0,0.0,140.0,140.0,14,13,0,853,0,0,0
train,0272-0023.svg,965,823,0,8,2048,1,0,0.0,0.0,140.0,140.0,16,0,0,949,0,0,0
train,0272-0026.svg,213,83,0,3,2048,1,0,0.0,0.0,140.0,140.0,4,0,0,209,0,0,0
train,0272-0033.svg,319,216,0,6,2048,1,0,0.0,0.0,140.0,140.0,0,10,0,309,0,0,0
train,0272-0036.svg,256,160,0,6,2048,1,0,0.0,0.0,140.0,140.0,1,2,0,253,0,0,0
train,0272-0037.svg,313,215,0,4,2048,1,0,0.0,0.0,140.0,140.0,0,0,0,313,0,0,0
train,0272-0041.svg,307,44,0,2,2048,1,0,0.0,0.0,140.0,140.0,0,0,0,307,0,0,0
train,0273-0000.svg,223,91,0,3,2048,1,0,0.0,0.0,140.0,140.0,0,0,0,223,0,0,0
train,0273-0002.svg,279,139,0,6,2048,1,0,0.0,0.0,140.0,140.0,2,2,0,275,0,0,0
train,0273-0003.svg,120,56,0,2,2048,1,0,0.0,0.0,140.0,140.0,4,2,0,114,0,0,0
train,0273-0005.svg,321,201,0,5,2048,1,0,0.0,0.0,140.0,140.0,2,4,0,315,0,0,0
train,0273-0006.svg,667,57,0,1,2048,1,0,0.0,0.0,140.0,140.0,2,0,0,665,0,0,0
train,0273-0012.svg,217,142,0,4,2048,1,0,0.0,0.0,140.0,140.0,2,2,0,213,0,0,0
train,0273-0013.svg,137,84,0,4,2048,1,0,0.0,0.0,140.0,140.0,2,2,0,133,0,0,0
train,0273-0020.svg,549,426,0,6,2048,1,0,0.0,0.0,140.0,140.0,2,4,0,543,0,0,0
train,0273-0025.svg,362,101,0,3,2048,1,0,0.0,0.0,140.0,140.0,12,0,0,350,0,0,0
train,0273-0026.svg,423,55,0,2,2048,1,0,0.0,0.0,140.0,140.0,7,0,0,416,0,0,0
train,0273-0033.svg,378,26,0,2,2048,1,0,0.0,0.0,140.0,140.0,6,0,0,372,0,0,0
train,0273-0035.svg,266,27,0,1,2048,1,0,0.0,0.0,140.0,140.0,3,0,0,263,0,0,0
train,0273-0047.svg,495,48,0,1,2048,1,0,0.0,0.0,140.0,140.0,10,0,0,485,0,0,0
train,0274-0002.svg,241,160,0,5,2048,1,0,0.0,0.0,140.0,140.0,3,2,0,236,0,0,0
train,0274-0004.svg,142,105,0,5,2048,1,0,0.0,0.0,140.0,140.0,1,0,0,141,0,0,0
train,0274-0005.svg,323,247,0,5,2048,1,0,0.0,0.0,140.0,140.0,2,2,0,319,0,0,0
train,0274-0012.svg,1032,551,0,12,2048,1,0,0.0,0.0,140.0,140.0,37,7,0,988,0,0,0
train,0274-0018.svg,637,427,0,6,2048,1,0,0.0,0.0,140.0,140.0,2,8,0,627,0,0,0
train,0274-0021.svg,531,371,0,5,2048,1,0,0.0,0.0,140.0,140.0,1,2,0,528,0,0,0
train,0275-0000.svg,222,115,0,4,2048,1,0,0.0,0.0,140.0,140.0,1,2,0,219,0,0,0
train,0275-0002.svg,237,151,0,5,2048,1,0,0.0,0.0,140.0,140.0,2,2,0,233,0,0,0
train,0275-0007.svg,437,131,0,3,2048,1,0,0.0,0.0,140.0,140.0,0,0,0,437,0,0,0
train,0275-0010.svg,217,115,0,6,2048,1,0,0.0,0.0,140.0,140.0,1,2,0,214,0,0,0
train,0275-0016.svg,388,128,0,3,2048,1,0,0.0,0.0,140.0,140.0,13,0,0,375,0,0,0
train,0275-0018.svg,379,106,0,2,2048,1,0,0.0,0.0,140.0,140.0,2,2,0,375,0,0,0
train,0275-0019.svg,771,529,0,5,2048,1,0,0.0,0.0,140.0,140.0,1,6,0,764,0,0,0
train,0275-0020.svg,265,201,0,5,2048,1,0,0.0,0.0,140.0,140.0,0,0,0,265,0,0,0
train,0276-0008.svg,347,198,0,5,2048,1,0,0.0,0.0,140.0,140.0,1,2,0,344,0,0,0
train,0276-0016.svg,1023,856,0,7,2048,1,0,0.0,0.0,140.0,140.0,15,4,0,1004,0,0,0
train,0276-0017.svg,1391,938,0,9,2048,1,0,0.0,0.0,140.0,140.0,38,2,0,1351,0,0,0
train,0276-0018.svg,753,555,0,4,2048,1,0,0.0,0.0,140.0,140.0,3,10,0,740,0,0,0
train,0276-0032.svg,186,116,0,5,2048,1,0,0.0,0.0,140.0,140.0,2,2,0,182,0,0,0
train,0276-0033.svg,302,219,0,5,2048,1,0,0.0,0.0,140.0,140.0,1,2,0,299,0,0,0
train,0277-0009.svg,1085,838,0,11,2048,1,0,0.0,0.0,140.0,140.0,33,2,0,1050,0,0,0
train,0277-0013.svg,1067,865,0,11,2048,1,0,0.0,0.0,140.0,140.0,6,2,0,1059,0,0,0
train,0277-0016.svg,1049,855,0,9,2048,1,0,0.0,0.0,140.0,140.0,6,6,0,1037,0,0,0
train,0277-0019.svg,206,165,0,3,2048,1,0,0.0,0.0,140.0,140.0,0,0,0,206,0,0,0
train,0277-0028.svg,278,183,0,6,2048,1,0,0.0,0.0,140.0,140.0,2,2,0,274,0,0,0
train,0277-0029.svg,297,247,0,5,2048,1,0,0.0,0.0,140.0,140.0,0,2,0,295,0,0,0
train,0277-0033.svg,264,180,0,5,2048,1,0,0.0,0.0,140.0,140.0,2,2,0,260,0,0,0
train,0278-0002.svg,192,60,0,1,2048,1,0,0.0,0.0,140.0,140.0,3,0,0,189,0,0,0
train,0278-0004.svg,668,490,0,6,2048,1,0,0.0,0.0,140.0,140.0,0,0,0,668,0,0,0
train,0278-0006.svg,658,473,0,7,2048,1,0,0.0,0.0,140.0,140.0,2,0,0,656,0,0,0
train,0278-0008.svg,1298,981,0,12,2048,1,0,0.0,0.0,140.0,140.0,16,0,0,1282,0,0,0
train,0278-0009.svg,724,666,0,8,2048,1,0,0.0,0.0,140.0,140.0,0,0,0,724,0,0,0
train,0278-0011.svg,279,136,0,4,2048,1,0,0.0,0.0,140.0,140.0,0,0,0,279,0,0,0
train,0278-0013.svg,422,379,0,6,2048,1,0,0.0,0.0,140.0,140.0,0,0,0,422,0,0,0
train,0279-0001.svg,493,312,0,6,2048,1,0,0.0,0.0,140.0,140.0,0,0,0,493,0,0,0
train,0279-0002.svg,420,212,0,7,2048,1,0,0.0,0.0,140.0,140.0,2,4,0,414,0,0,0
train,0279-0007.svg,712,244,0,9,2048,1,0,0.0,0.0,140.0,140.0,23,1,0,688,0,0,0
train,0279-0010.svg,103,21,0,3,2048,1,0,0.0,0.0,140.0,140.0,0,0,0,103,0,0,0
train,0279-0011.svg,479,165,0,3,2048,1,0,0.0,0.0,140.0,140.0,15,0,0,464,0,0,0
train,0279-0012.svg,1076,517,0,10,2048,1,0,0.0,0.0,140.0,140.0,25,7,0,1044,0,0,0
train,0279-0017.svg,951,455,0,10,2048,1,0,0.0,0.0,140.0,140.0,24,8,0,919,0,0,0
train,0279-0019.svg,225,169,0,5,2048,1,0,0.0,0.0,140.0,140.0,0,0,0,225,0,0,0
train,0279-0021.svg,322,102,0,3,2048,1,0,0.0,0.0,140.0,140.0,9,0,0,313,0,0,0
train,0279-0029.svg,542,374,0,6,2048,1,0,0.0,0.0,140.0,140.0,3,4,0,535,0,0,0
train,0280-0010.svg,305,82,0,3,2048,1,0,0.0,0.0,140.0,140.0,2,0,0,303,0,0,0
train,0280-0017.svg,1772,1524,0,5,2048,1,0,0.0,0.0,140.0,140.0,14,0,0,1758,0,0,0
train,0280-0020.svg,1018,912,0,3,2048,1,0,0.0,0.0,140.0,140.0,0,0,0,1018,0,0,0
train,0280-0021.svg,448,221,0,4,2048,1,0,0.0,0.0,140.0,140.0,6,0,0,442,0,0,0
train,0280-0022.svg,7118,7008,0,5,2048,4,0,0.0,0.0,140.0,140.0,0,0,0,7118,0,0,0
train,0280-0025.svg,676,615,0,5,2048,1,0,0.0,0.0,140.0,140.0,6,0,0,670,0,0,0
train,0280-0026.svg,257,101,0,4,2048,1,0,0.0,0.0,140.0,140.0,2,0,0,255,0,0,0
train,0280-0028.svg,330,113,0,5,2048,1,0,0.0,0.0,140.0,140.0,3,0,0,327,0,0,0
train,0281-0001.svg,160,74,0,3,2048,1,0,0.0,0.0,140.0,140.0,0,0,0,160,0,0,0
train,0281-0002.svg,1480,1123,0,8,2048,1,0,0.0,0.0,140.0,140.0,17,0,0,1463,0,0,0
train,0281-0006.svg,176,7,0,2,2048,1,0,0.0,0.0,140.0,140.0,0,0,0,176,0,0,0
train,0281-0021.svg,596,220,0,6,2048,1,0,0.0,0.0,140.0,140.0,13,0,0,583,0,0,0
train,0282-0007.svg,4491,8,0,1,2048,3,0,0.0,0.0,140.0,140.0,21,0,0,4470,0,0,0
train,0282-0011.svg,271,102,0,4,2048,1,0,0.0,0.0,140.0,140.0,1,2,0,268,0,0,0
train,0282-0015.svg,505,337,0,6,2048,1,0,0.0,0.0,140.0,140.0,1,2,0,502,0,0,0
train,0282-0016.svg,629,454,0,5,2048,1,0,0.0,0.0,140.0,140.0,1,2,0,626,0,0,0
train,0282-0019.svg,1162,882,0,10,2048,1,0,0.0,0.0,140.0,140.0,20,0,0,1142,0,0,0
train,0282-0026.svg,601,483,0,5,2048,1,0,0.0,0.0,140.0,140.0,1,2,0,598,0,0,0
train,0282-0028.svg,350,281,0,5,2048,1,0,0.0,0.0,140.0,140.0,2,0,0,348,0,0,0
train,0282-0048.svg,434,155,0,4,2048,1,0,0.0,0.0,140.0,140.0,0,0,0,434,0,0,0
train,0283-0007.svg,613,457,0,6,2048,1,0,0.0,0.0,140.0,140.0,2,0,0,611,0,0,0
train,0283-0010.svg,899,803,0,6,2048,1,0,0.0,0.0,140.0,140.0,0,0,0,899,0,0,0
train,0283-0011.svg,1396,1341,0,5,2048,1,0,0.0,0.0,140.0,140.0,0,0,0,1396,0,0,0
train,0283-0015.svg,1209,1126,0,4,2048,1,0,0.0,0.0,140.0,140.0,2,0,0,1207,0,0,0
train,0283-0016.svg,649,571,0,3,2048,1,0,0.0,0.0,140.0,140.0,0,0,0,649,0,0,0
train,0283-0022.svg,889,357,0,10,2048,1,0,0.0,0.0,140.0,140.0,19,6,0,864,0,0,0
train,0283-0029.svg,175,138,0,4,2048,1,0,0.0,0.0,140.0,140.0,0,0,0,175,0,0,0
train,0284-0021.svg,784,177,0,4,2048,1,0,0.0,0.0,140.0,140.0,1,0,0,783,0,0,0
train,0284-0026.svg,1288,454,0,7,2048,1,0,0.0,0.0,140.0,140.0,3,0,0,1285,0,0,0
train,0284-0027.svg,745,324,0,5,2048,1,0,0.0,0.0,140.0,140.0,0,0,0,745,0,0,0
train,0284-0029.svg,608,155,0,4,2048,1,0,0.0,0.0,140.0,140.0,2,0,0,606,0,0,0
train,0284-0030.svg,470,8,0,1,2048,1,0,0.0,0.0,140.0,140.0,0,0,0,470,0,0,0
train,0284-0033.svg,328,269,0,6,2048,1,0,0.0,0.0,140.0,140.0,2,0,0,326,0,0,0
train,0284-0039.svg,179,111,0,3,2048,1,0,0.0,0.0,140.0,140.0,2,0,0,177,0,0,0
train,0285-0002.svg,164,115,0,6,2048,1,0,0.0,0.0,140.0,140.0,3,0,0,161,0,0,0
train,0285-0004.svg,532,267,0,7,2048,1,0,0.0,0.0,140.0,140.0,2,0,0,530,0,0,0
train,0285-0005.svg,265,68,0,3,2048,1,0,0.0,0.0,140.0,140.0,0,0,0,265,0,0,0
train,0285-0008.svg,182,138,0,4,2048,1,0,0.0,0.0,140.0,140.0,0,0,0,182,0,0,0
train,0286-0001.svg,239,182,0,1,2048,1,0,0.0,0.0,140.0,140.0,1,2,0,236,0,0,0
train,0286-0008.svg,227,155,0,4,2048,1,0,0.0,0.0,140.0,140.0,2,2,0,223,0,0,0
train,0286-0010.svg,97,52,0,1,2048,1,0,0.0,0.0,140.0,140.0,0,2,0,95,0,0,0
train,0286-0015.svg,169,92,0,4,2048,1,0,0.0,0.0,140.0,140.0,4,2,0,163,0,0,0
train,0286-0021.svg,181,107,0,3,2048,1,0,0.0,0.0,140.0,140.0,3,2,0,176,0,0,0
train,0286-0023.svg,1048,575,0,7,2048,1,0,0.0,0.0,140.0,140.0,0,0,0,1048,0,0,0
train,0286-0026.svg,1193,638,0,7,2048,1,0,0.0,0.0,140.0,140.0,2,0,0,1191,0,0,0
train,0286-0032.svg,543,409,0,4,2048,1,0,0.0,0.0,140.0,140.0,2,0,0,541,0,0,0
train,0287-0002.svg,2834,247,0,4,2048,2,0,0.0,0.0,140.0,140.0,12,0,0,2822,0,0,0
train,0287-0003.svg,706,61,0,3,2048,1,0,0.0,0.0,140.0,140.0,4,0,0,702,0,0,0
train,0287-0004.svg,239,57,0,2,2048,1,0,0.0,0.0,140.0,140.0,1,0,0,238,0,0,0
train,0287-0006.svg,337,41,0,3,2048,1,0,0.0,0.0,140.0,140.0,1,0,0,336,0,0,0
train,0287-0016.svg,405,181,0,4,2048,1,0,0.0,0.0,140.0,140.0,0,0,0,405,0,0,0
train,0287-0021.svg,203,125,0,5,2048,1,0,0.0,0.0,140.0,140.0,2,0,0,201,0,0,0
train,0287-0027.svg,39,33,0,1,2048,1,0,0.0,0.0,140.0,140.0,1,0,0,38,0,0,0
train,0287-0029.svg,118,54,0,2,2048,1,0,0.0,0.0,140.0,140.0,1,0,0,117,0,0,0
train,0288-0007.svg,155,69,0,3,2048,1,0,0.0,0.0,140.0,140.0,0,0,0,155,0,0,0
train,0288-0017.svg,859,561,0,8,2048,1,0,0.0,0.0,140.0,140.0,1,0,0,858,0,0,0
train,0288-0019.svg,420,239,0,4,2048,1,0,0.0,0.0,140.0,140.0,1,0,0,419,0,0,0
train,0288-0021.svg,545,440,0,6,2048,1,0,0.0,0.0,140.0,140.0,0,0,0,545,0,0,0
train,0289-0011.svg,41,5,0,1,2048,1,0,0.0,0.0,140.0,140.0,0,0,0,41,0,0,0
train,0289-0013.svg,209,91,0,3,2048,1,0,0.0,0.0,140.0,140.0,32,0,0,177,0,0,0
train,0289-0017.svg,374,131,0,3,2048,1,0,0.0,0.0,140.0,140.0,1,0,0,373,0,0,0
train,0289-0018.svg,831,211,0,5,2048,1,0,0.0,0.0,140.0,140.0,2,0,0,829,0,0,0
train,0289-0021.svg,682,259,0,5,2048,1,0,0.0,0.0,140.0,140.0,2,0,0,680,0,0,0
train,0289-0033.svg,591,390,0,6,2048,1,0,0.0,0.0,140.0,140.0,0,0,0,591,0,0,0
train,0289-0034.svg,914,684,0,7,2048,1,0,0.0,0.0,140.0,140.0,2,0,0,912,0,0,0
train,0289-0035.svg,799,538,0,6,2048,1,0,0.0,0.0,140.0,140.0,0,0,0,799,0,0,0
train,0289-0038.svg,763,668,0,6,2048,1,0,0.0,0.0,140.0,140.0,0,0,0,763,0,0,0
train,0289-0041.svg,195,141,0,6,2048,1,0,0.0,0.0,140.0,140.0,2,0,0,193,0,0,0
train,0289-0042.svg,210,146,0,2,2048,1,0,0.0,0.0,140.0,140.0,3,0,0,207,0,0,0
train,0289-0046.svg,382,321,0,5,2048,1,0,0.0,0.0,140.0,140.0,1,0,0,381,0,0,0
train,0289-0049.svg,394,340,0,8,2048,1,0,0.0,0.0,140.0,140.0,2,0,0,392,0,0,0
train,0290-0003.svg,84,66,0,2,2048,1,0,0.0,0.0,140.0,140.0,1,0,0,83,0,0,0
train,0290-0009.svg,1377,814,0,13,2048,1,0,0.0,0.0,140.0,140.0,47,0,0,1330,0,0,0
train,0290-0012.svg,89,62,0,2,2048,1,0,0.0,0.0,140.0,140.0,0,0,0,89,0,0,0
train,0290-0015.svg,1323,759,0,12,2048,1,0,0.0,0.0,140.0,140.0,44,0,0,1279,0,0,0
train,0290-0016.svg,145,116,0,1,2048,1,0,0.0,0.0,140.0,140.0,0,0,0,145,0,0,0
train,0290-0023.svg,85,64,0,2,2048,1,0,0.0,0.0,140.0,140.0,0,0,0,85,0,0,0
train,0290-0024.svg,79,61,0,1,2048,1,0,0.0,0.0,140.0,140.0,0,0,0,79,0,0,0
train,0290-0026.svg,286,197,0,4,2048,1,0,0.0,0.0,140.0,140.0,0,0,0,286,0,0,0
train,0290-0035.svg,461,413,0,6,2048,1,0,0.0,0.0,140.0,140.0,0,0,0,461,0,0,0
train,0290-0039.svg,811,412,0,11,2048,1,0,0.0,0.0,140.0,140.0,25,0,0,786,0,0,0
train,0290-0040.svg,284,202,0,3,2048,1,0,0.0,0.0,140.0,140.0,4,0,0,280,0,0,0
train,0291-0002.svg,752,659,0,7,2048,1,0,0.0,0.0,140.0,140.0,1,0,0,751,0,0,0
train,0291-0005.svg,588,462,0,5,2048,1,0,0.0,0.0,140.0,140.0,0,0,0,588,0,0,0
train,0291-0006.svg,675,506,0,7,2048,1,0,0.0,0.0,140.0,140.0,0,0,0,675,0,0,0
train,0291-0011.svg,381,307,0,5,2048,1,0,0.0,0.0,140.0,140.0,0,0,0,381,0,0,0
train,0291-0024.svg,374,292,0,3,2048,1,0,0.0,0.0,140.0,140.0,3,0,0,371,0,0,0
train,0291-0029.svg,111,78,0,1,2048,1,0,0.0,0.0,140.0,140.0,0,0,0,111,0,0,0
train,0291-0032.svg,233,153,0,3,2048,1,0,0.0,0.0,140.0,140.0,0,0,0,233,0,0,0
train,0291-0034.svg,375,290,0,5,2048,1,0,0.0,0.0,140.0,140.0,0,0,0,375,0,0,0
train,0291-0058.svg,740,643,0,1,2048,1,0,0.0,0.0,140.0,140.0,5,0,0,735,0,0,0
train,0291-0068.svg,392,148,0,2,2048,1,0,0.0,0.0,140.0,140.0,7,0,0,385,0,0,0
train,0291-0089.svg,864,415,0,6,2048,1,0,0.0,0.0,140.0,140.0,1,0,0,863,0,0,0
train,0291-0100.svg,698,152,0,6,2048,1,0,0.0,0.0,140.0,140.0,5,0,0,693,0,0,0
train,0292-0001.svg,1537,814,0,13,2048,1,0,0.0,0.0,140.0,140.0,37,0,0,1500,0,0,0
train,0292-0002.svg,505,413,0,7,2048,1,0,0.0,0.0,140.0,140.0,0,0,0,505,0,0,0
train,0292-0006.svg,105,88,0,2,2048,1,0,0.0,0.0,140.0,140.0,0,0,0,105,0,0,0
train,0292-0026.svg,27,5,0,1,2048,1,0,0.0,0.0,140.0,140.0,0,0,0,27,0,0,0
train,0292-0027.svg,16,3,0,1,2048,1,0,0.0,0.0,140.0,140.0,0,0,0,16,0,0,0
train,0292-0037.svg,407,347,0,6,2048,1,0,0.0,0.0,140.0,140.0,0,0,0,407,0,0,0
train,0292-0043.svg,273,240,0,5,2048,1,0,0.0,0.0,140.0,140.0,0,0,0,273,0,0,0
train,0292-0044.svg,99,73,0,4,2048,1,0,0.0,0.0,140.0,140.0,0,0,0,99,0,0,0
train,0292-0046.svg,174,136,0,4,2048,1,0,0.0,0.0,140.0,140.0,0,0,0,174,0,0,0
train,0292-0048.svg,94,74,0,2,2048,1,0,0.0,0.0,140.0,140.0,2,0,0,92,0,0,0
train,0293-0001.svg,545,438,0,7,2048,1,0,0.0,0.0,140.0,140.0,0,0,0,545,0,0,0
train,0293-0002.svg,1874,1330,0,13,2048,1,0,0.0,0.0,140.0,140.0,42,3,0,1829,0,0,0
train,0293-0003.svg,625,536,0,7,2048,1,0,0.0,0.0,140.0,140.0,1,0,0,624,0,0,0
train,0293-0004.svg,1253,688,0,8,2048,1,0,0.0,0.0,140.0,140.0,38,0,0,1215,0,0,0
train,0293-0009.svg,459,400,0,7,2048,1,0,0.0,0.0,140.0,140.0,0,0,0,459,0,0,0
train,0293-0022.svg,113,101,0,2,2048,1,0,0.0,0.0,140.0,140.0,0,0,0,113,0,0,0
train,0293-0035.svg,309,263,0,4,2048,1,0,0.0,0.0,140.0,140.0,0,0,0,309,0,0,0
train,0293-0037.svg,74,36,0,1,2048,1,0,0.0,0.0,140.0,140.0,0,0,0,74,0,0,0
train,0294-0001.svg,79,49,0,2,2048,1,0,0.0,0.0,140.0,140.0,2,0,0,77,0,0,0
train,0294-0020.svg,305,224,0,5,2048,1,0,0.0,0.0,140.0,140.0,0,0,0,305,0,0,0
train,0294-0031.svg,161,68,0,2,2048,1,0,0.0,0.0,140.0,140.0,0,0,0,161,0,0,0
train,0294-0034.svg,579,289,0,5,2048,1,0,0.0,0.0,140.0,140.0,0,0,0,579,0,0,0
train,0294-0035.svg,410,147,0,4,2048,1,0,0.0,0.0,140.0,140.0,0,0,0,410,0,0,0
train,0294-0039.svg,173,126,0,6,2048,1,0,0.0,0.0,140.0,140.0,0,0,0,173,0,0,0
train,0294-0046.svg,891,674,0,7,2048,1,0,0.0,0.0,140.0,140.0,1,0,0,890,0,0,0
train,0295-0002.svg,86,68,0,2,2048,1,0,0.0,0.0,140.0,140.0,1,0,0,85,0,0,0
train,0295-0019.svg,252,171,0,4,2048,1,0,0.0,0.0,140.0,140.0,0,0,0,252,0,0,0
train,0295-0020.svg,392,320,0,4,2048,1,0,0.0,0.0,140.0,140.0,0,0,0,392,0,0,0
train,0295-0028.svg,236,139,0,3,2048,1,0,0.0,0.0,140.0,140.0,0,0,0,236,0,0,0
train,0295-0029.svg,350,224,0,2,2048,1,0,0.0,0.0,140.0,140.0,0,0,0,350,0,0,0
train,0295-0030.svg,412,318,0,3,2048,1,0,0.0,0.0,140.0,140.0,2,0,0,410,0,0,0
train,0295-0033.svg,463,323,0,3,2048,1,0,0.0,0.0,140.0,140.0,0,0,0,463,0,0,0
train,0295-0042.svg,316,256,0,4,2048,1,0,0.0,0.0,140.0,140.0,0,0,0,316,0,0,0
train,0295-8466.svg,1956,12,0,1,2048,1,0,0.0,0.0,140.0,140.0,5,0,0,1951,0,0,0
train,0295-8557.svg,1560,1167,0,7,2048,1,0,0.0,0.0,140.0,140.0,2,0,0,1558,0,0,0
train,0295-8558.svg,1763,528,0,6,2048,1,0,0.0,0.0,140.0,140.0,4,0,0,1759,0,0,0
train,0296-0001.svg,386,229,0,7,2048,1,0,0.0,0.0,140.0,140.0,4,0,0,382,0,0,0
train,0296-0007.svg,1312,1045,0,10,2048,1,0,0.0,0.0,140.0,140.0,38,2,0,1272,0,0,0
train,0296-0010.svg,525,424,0,7,2048,1,0,0.0,0.0,140.0,140.0,2,0,0,523,0,0,0
train,0296-0012.svg,960,658,0,5,2048,1,0,0.0,0.0,140.0,140.0,0,0,0,960,0,0,0
train,0296-0013.svg,533,157,0,3,2048,1,0,0.0,0.0,140.0,140.0,14,0,0,519,0,0,0
train,0296-0015.svg,842,654,0,10,2048,1,0,0.0,0.0,140.0,140.0,6,0,0,836,0,0,0
train,0296-0018.svg,478,135,0,5,2048,1,0,0.0,0.0,140.0,140.0,14,0,0,464,0,0,0
train,0296-0022.svg,598,114,0,5,2048,1,0,0.0,0.0,140.0,140.0,0,0,0,598,0,0,0
train,0297-0001.svg,636,412,0,8,2048,1,0,0.0,0.0,140.0,140.0,2,2,0,632,0,0,0
train,0297-0003.svg,683,559,0,7,2048,1,0,0.0,0.0,140.0,140.0,15,2,0,666,0,0,0
train,0297-0005.svg,330,208,0,4,2048,1,0,0.0,0.0,140.0,140.0,2,4,0,324,0,0,0
train,0297-0009.svg,261,123,0,6,2048,1,0,0.0,0.0,140.0,140.0,3,2,0,256,0,0,0
train,0297-0013.svg,324,242,0,5,2048,1,0,0.0,0.0,140.0,140.0,2,2,0,320,0,0,0
train,0297-0014.svg,187,139,0,3,2048,1,0,0.0,0.0,140.0,140.0,0,0,0,187,0,0,0
train,0297-0017.svg,413,22,0,4,2048,1,0,0.0,0.0,140.0,140.0,3,0,0,410,0,0,0
train,0297-0026.svg,847,391,0,9,2048,1,0,0.0,0.0,140.0,140.0,1,2,0,844,0,0,0
train,0297-2035.svg,3038,2983,0,2,2048,2,0,0.0,0.0,140.0,140.0,1,0,0,3037,0,0,0
train,0297-2036.svg,3349,27,0,1,2048,2,0,0.0,0.0,140.0,140.0,0,0,0,3349,0,0,0
train,0297-2090.svg,3336,35,0,1,2048,2,0,0.0,0.0,140.0,140.0,0,0,0,3336,0,0,0
train,0297-2177.svg,3574,83,0,2,2048,2,0,0.0,0.0,140.0,140.0,0,0,0,3574,0,0,0
train,0297-2210.svg,3354,239,0,4,2048,2,0,0.0,0.0,140.0,140.0,1,0,0,3353,0,0,0
train,0297-2211.svg,4486,25,0,1,2048,3,0,0.0,0.0,140.0,140.0,1,0,0,4485,0,0,0
train,0297-2254.svg,4492,7,0,1,2048,3,0,0.0,0.0,140.0,140.0,0,0,0,4492,0,0,0
train,0297-2264.svg,983,213,0,4,2048,1,0,0.0,0.0,140.0,140.0,2,0,0,981,0,0,0
train,0297-2300.svg,5056,19,0,2,2048,3,0,0.0,0.0,140.0,140.0,0,0,0,5056,0,0,0
train,0297-2351.svg,204,111,0,3,2048,1,0,0.0,0.0,140.0,140.0,1,0,0,203,0,0,0
train,0297-2381.svg,4223,63,0,2,2048,3,0,0.0,0.0,140.0,140.0,1,0,0,4222,0,0,0
train,0297-2388.svg,3279,4,0,1,2048,2,0,0.0,0.0,140.0,140.0,0,0,0,3279,0,0,0
train,0297-2389.svg,3315,47,0,1,2048,2,0,0.0,0.0,140.0,140.0,0,0,0,3315,0,0,0
train,0298-0000.svg,145,71,0,3,2048,1,0,0.0,0.0,140.0,140.0,2,2,0,141,0,0,0
train,0298-0001.svg,1333,738,0,12,2048,1,0,0.0,0.0,140.0,140.0,38,0,0,1295,0,0,0
train,0298-0008.svg,115,50,0,4,2048,1,0,0.0,0.0,140.0,140.0,1,2,0,112,0,0,0
train,0298-0011.svg,433,279,0,5,2048,1,0,0.0,0.0,140.0,140.0,5,6,0,422,0,0,0
train,0298-0012.svg,677,349,0,9,2048,1,0,0.0,0.0,140.0,140.0,24,0,0,653,0,0,0
train,0298-0021.svg,1582,974,0,13,2048,1,0,0.0,0.0,140.0,140.0,45,0,0,1537,0,0,0
train,0298-0027.svg,571,215,0,9,2048,1,0,0.0,0.0,140.0,140.0,8,0,0,563,0,0,0
train,0299-0001.svg,338,33,0,3,2048,1,0,0.0,0.0,140.0,140.0,1,2,0,335,0,0,0
train,0299-0002.svg,420,131,0,5,2048,1,0,0.0,0.0,140.0,140.0,0,0,0,420,0,0,0
train,0299-0006.svg,134,50,0,4,2048,1,0,0.0,0.0,140.0,140.0,0,0,0,134,0,0,0
train,0299-0012.svg,155,52,0,2,2048,1,0,0.0,0.0,140.0,140.0,1,0,0,154,0,0,0
train,0299-0013.svg,141,51,0,2,2048,1,0,0.0,0.0,140.0,140.0,0,0,0,141,0,0,0
train,0299-0018.svg,45,22,0,3,2048,1,0,0.0,0.0,140.0,140.0,0,0,0,45,0,0,0
train,0299-0032.svg,100,24,0,1,2048,1,0,0.0,0.0,140.0,140.0,0,0,0,100,0,0,0
train,0300-0012.svg,695,484,0,8,2048,1,0,0.0,0.0,140.0,140.0,0,0,0,695,0,0,0
train,0300-0015.svg,754,645,0,7,2048,1,0,0.0,0.0,140.0,140.0,13,2,0,739,0,0,0
train,0300-0016.svg,887,601,0,7,2048,1,0,0.0,0.0,140.0,140.0,21,2,0,864,0,0,0
train,0300-0018.svg,646,467,0,4,2048,1,0,0.0,0.0,140.0,140.0,2,4,0,640,0,0,0
train,0300-0033.svg,547,255,0,4,2048,1,0,0.0,0.0,140.0,140.0,0,0,0,547,0,0,0
train,0300-0043.svg,561,307,0,5,2048,1,0,0.0,0.0,140.0,140.0,6,0,0,555,0,0,0
train,0300-0047.svg,1210,834,0,8,2048,1,0,0.0,0.0,140.0,140.0,18,0,0,1192,0,0,0
train,0300-0053.svg,906,270,0,5,2048,1,0,0.0,0.0,140.0,140.0,15,0,0,891,0,0,0
train,0300-0084.svg,227,124,0,4,2048,1,0,0.0,0.0,140.0,140.0,2,0,0,225,0,0,0
train,0300-0088.svg,1066,723,0,11,2048,1,0,0.0,0.0,140.0,140.0,45,0,0,1021,0,0,0
train,0300-0089.svg,161,49,0,2,2048,1,0,0.0,0.0,140.0,140.0,3,0,0,158,0,0,0
train,0301-0002.svg,64,15,0,2,2048,1,0,0.0,0.0,140.0,140.0,2,0,0,62,0,0,0
train,0301-0004.svg,207,167,0,4,2048,1,0,0.0,0.0,140.0,140.0,0,0,0,207,0,0,0
train,0301-0005.svg,788,290,0,4,2048,1,0,0.0,0.0,140.0,140.0,26,0,0,762,0,0,0
train,0301-0006.svg,401,213,0,5,2048,1,0,0.0,0.0,140.0,140.0,2,0,0,399,0,0,0
train,0301-0007.svg,753,514,0,5,2048,1,0,0.0,0.0,140.0,140.0,1,3,0,749,0,0,0
train,0301-0017.svg,745,319,0,4,2048,1,0,0.0,0.0,140.0,140.0,26,0,0,719,0,0,0
train,0301-0019.svg,130,54,0,3,2048,1,0,0.0,0.0,140.0,140.0,1,2,0,127,0,0,0
train,0301-0021.svg,682,318,0,4,2048,1,0,0.0,0.0,140.0,140.0,25,0,0,657,0,0,0
train,0302-0000.svg,87,61,0,1,2048,1,0,0.0,0.0,140.0,140.0,1,0,0,86,0,0,0
train,0302-0001.svg,96,69,0,2,2048,1,0,0.0,0.0,140.0,140.0,1,0,0,95,0,0,0
train,0302-0004.svg,1613,1167,0,13,2048,1,0,0.0,0.0,140.0,140.0,62,0,0,1551,0,0,0
train,0302-0005.svg,61,25,0,2,2048,1,0,0.0,0.0,140.0,140.0,3,0,0,58,0,0,0
train,0302-0028.svg,184,125,0,3,2048,1,0,0.0,0.0,140.0,140.0,0,0,0,184,0,0,0
train,0302-0031.svg,149,58,0,5,2048,1,0,0.0,0.0,140.0,140.0,0,0,0,149,0,0,0
train,0302-0032.svg,393,88,0,3,2048,1,0,0.0,0.0,140.0,140.0,0,0,0,393,0,0,0
train,0302-0040.svg,345,29,0,1,2048,1,0,0.0,0.0,140.0,140.0,0,62,0,283,0,0,0
train,0303-0010.svg,278,156,0,2,2048,1,0,0.0,0.0,140.0,140.0,0,0,0,278,0,0,0
train,0303-0011.svg,496,372,0,5,2048,1,0,0.0,0.0,140.0,140.0,0,0,0,496,0,0,0
train,0303-0014.svg,296,231,0,5,2048,1,0,0.0,0.0,140.0,140.0,0,0,0,296,0,0,0
train,0303-0015.svg,709,542,0,6,2048,1,0,0.0,0.0,140.0,140.0,0,0,0,709,0,0,0
train,0303-0020.svg,736,617,0,8,2048,1,0,0.0,0.0,140.0,140.0,0,0,0,736,0,0,0
train,0303-0023.svg,151,94,0,2,2048,1,0,0.0,0.0,140.0,140.0,0,0,0,151,0,0,0
train,0303-0024.svg,237,141,0,3,2048,1,0,0.0,0.0,140.0,140.0,4,0,0,233,0,0,0
train,0303-0033.svg,170,102,0,3,2048,1,0,0.0,0.0,140.0,140.0,0,0,0,170,0,0,0
train,0303-0051.svg,847,593,0,7,2048,1,0,0.0,0.0,140.0,140.0,10,0,0,837,0,0,0
train,0304-0005.svg,180,141,0,2,2048,1,0,0.0,0.0,140.0,140.0,0,0,0,180,0,0,0
train,0304-0017.svg,19,2,0,1,2048,1,0,0.0,0.0,140.0,140.0,2,0,0,17,0,0,0
train,0304-0040.svg,454,369,0,7,2048,1,0,0.0,0.0,140.0,140.0,0,0,0,454,0,0,0
train,0304-0043.svg,89,33,0,1,2048,1,0,0.0,0.0,140.0,140.0,0,0,0,89,0,0,0
train,0304-0046.svg,291,189,0,4,2048,1,0,0.0,0.0,140.0,140.0,10,0,0,281,0,0,0
train,0304-0048.svg,81,65,0,2,2048,1,0,0.0,0.0,140.0,140.0,1,0,0,80,0,0,0
train,0304-0050.svg,91,71,0,2,2048,1,0,0.0,0.0,140.0,140.0,2,0,0,89,0,0,0
train,0305-0008.svg,738,526,0,7,2048,1,0,0.0,0.0,140.0,140.0,10,0,0,728,0,0,0
train,0305-0010.svg,735,656,0,6,2048,1,0,0.0,0.0,140.0,140.0,1,0,0,734,0,0,0
train,0305-0019.svg,451,280,0,3,2048,1,0,0.0,0.0,140.0,140.0,10,0,0,441,0,0,0
train,0305-0026.svg,240,123,0,4,2048,1,0,0.0,0.0,140.0,140.0,0,0,0,240,0,0,0
train,0305-0031.svg,70,10,0,1,2048,1,0,0.0,0.0,140.0,140.0,0,0,0,70,0,0,0
train,0305-0032.svg,143,89,0,2,2048,1,0,0.0,0.0,140.0,140.0,0,0,0,143,0,0,0
train,0305-0033.svg,202,119,0,2,2048,1,0,0.0,0.0,140.0,140.0,0,0,0,202,0,0,0
train,0305-0037.svg,157,77,0,3,2048,1,0,0.0,0.0,140.0,140.0,0,0,0,157,0,0,0
train,0305-0038.svg,198,81,0,2,2048,1,0,0.0,0.0,140.0,140.0,0,0,0,198,0,0,0
train,0305-0107.svg,1235,38,0,2,2048,1,0,0.0,0.0,140.0,140.0,30,0,0,1205,0,0,0
train,0306-0014.svg,66,2,0,1,2048,1,0,0.0,0.0,140.0,140.0,0,0,0,66,0,0,0
train,0306-0021.svg,442,384,0,6,2048,1,0,0.0,0.0,140.0,140.0,0,0,0,442,0,0,0
train,0306-0022.svg,269,194,0,4,2048,1,0,0.0,0.0,140.0,140.0,2,0,0,267,0,0,0
train,0306-0023.svg,136,116,0,2,2048,1,0,0.0,0.0,140.0,140.0,1,0,0,135,0,0,0
train,0306-0025.svg,156,86,0,2,2048,1,0,0.0,0.0,140.0,140.0,0,0,0,156,0,0,0
train,0306-0043.svg,322,243,0,5,2048,1,0,0.0,0.0,140.0,140.0,0,0,0,322,0,0,0
train,0306-0045.svg,53,3,0,1,2048,1,0,0.0,0.0,140.0,140.0,1,0,0,52,0,0,0
train,0306-0046.svg,129,6,0,1,2048,1,0,0.0,0.0,140.0,140.0,18,0,0,111,0,0,0
train,0306-0047.svg,405,282,0,7,2048,1,0,0.0,0.0,140.0,140.0,20,0,0,385,0,0,0
train,0306-0051.svg,902,718,0,7,2048,1,0,0.0,0.0,140.0,140.0,1,0,0,901,0,0,0
train,0307-0002.svg,94,64,0,1,2048,1,0,0.0,0.0,140.0,140.0,3,0,0,91,0,0,0
train,0307-0003.svg,354,202,0,6,2048,1,0,0.0,0.0,140.0,140.0,3,0,0,351,0,0,0
train,0307-0004.svg,174,77,0,4,2048,1,0,0.0,0.0,140.0,140.0,2,0,0,172,0,0,0
train,0307-0006.svg,262,125,0,6,2048,1,0,0.0,0.0,140.0,140.0,3,0,0,259,0,0,0
train,0307-0010.svg,207,133,0,5,2048,1,0,0.0,0.0,140.0,140.0,2,0,0,205,0,0,0
train,0307-0015.svg,75,31,0,1,2048,1,0,0.0,0.0,140.0,140.0,0,0,0,75,0,0,0
train,0307-0017.svg,418,372,0,4,2048,1,0,0.0,0.0,140.0,140.0,0,0,0,418,0,0,0
train,0307-0020.svg,282,237,0,2,2048,1,0,0.0,0.0,140.0,140.0,0,0,0,282,0,0,0
train,0307-0022.svg,413,309,0,5,2048,1,0,0.0,0.0,140.0,140.0,0,0,0,413,0,0,0
train,0307-0024.svg,125,45,0,2,2048,1,0,0.0,0.0,140.0,140.0,0,0,0,125,0,0,0
train,0307-0026.svg,200,128,0,2,2048,1,0,0.0,0.0,140.0,140.0,4,0,0,196,0,0,0
train,0307-0030.svg,281,221,0,5,2048,1,0,0.0,0.0,140.0,140.0,0,0,0,281,0,0,0
train,0307-0041.svg,510,421,0,5,2048,1,0,0.0,0.0,140.0,140.0,0,0,0,510,0,0,0
train,0307-0059.svg,243,98,0,4,2048,1,0,0.0,0.0,140.0,140.0,3,0,0,240,0,0,0
train,0308-0005.svg,499,269,0,1,2048,1,0,0.0,0.0,140.0,140.0,1,0,0,498,0,0,0
train,0308-0012.svg,581,281,0,4,2048,1,0,0.0,0.0,140.0,140.0,2,0,0,579,0,0,0
train,0308-0018.svg,1270,827,0,7,2048,1,0,0.0,0.0,140.0,140.0,16,0,0,1254,0,0,0
train,0308-0021.svg,1930,1432,0,8,2048,1,0,0.0,0.0,140.0,140.0,21,0,0,1909,0,0,0
train,0308-0022.svg,945,503,0,7,2048,1,0,0.0,0.0,140.0,140.0,12,0,0,933,0,0,0
train,0308-0024.svg,329,232,0,2,2048,1,0,0.0,0.0,140.0,140.0,2,0,0,327,0,0,0
train,0308-0027.svg,563,394,0,5,2048,1,0,0.0,0.0,140.0,140.0,12,0,0,551,0,0,0
train,0308-0420.svg,4354,3545,0,22,2048,3,0,0.0,0.0,140.0,140.0,101,0,0,4253,0,0,0
train,0308-0449.svg,4825,3979,0,19,2048,3,0,0.0,0.0,140.0,140.0,94,0,0,4731,0,0,0
train,0309-0007.svg,288,68,0,3,2048,1,0,0.0,0.0,140.0,140.0,0,0,0,288,0,0,0
train,0309-0011.svg,195,87,0,2,2048,1,0,0.0,0.0,140.0,140.0,0,0,0,195,0,0,0
train,0309-0017.svg,140,37,0,3,2048,1,0,0.0,0.0,140.0,140.0,3,0,0,137,0,0,0
train,0309-0022.svg,303,69,0,3,2048,1,0,0.0,0.0,140.0,140.0,2,0,0,301,0,0,0
train,0309-0795.svg,254,64,0,1,2048,1,0,0.0,0.0,140.0,140.0,8,0,0,246,0,0,0
train,0309-0796.svg,342,51,0,1,2048,1,0,0.0,0.0,140.0,140.0,2,0,0,340,0,0,0
train,0309-0854.svg,529,97,0,1,2048,1,0,0.0,0.0,140.0,140.0,4,0,0,525,0,0,0
train,0309-0855.svg,642,98,0,2,2048,1,0,0.0,0.0,140.0,140.0,1,0,0,641,0,0,0
train,0309-0912.svg,114,14,0,1,2048,1,0,0.0,0.0,140.0,140.0,9,0,0,105,0,0,0
train,0309-0913.svg,318,140,0,2,2048,1,0,0.0,0.0,140.0,140.0,2,0,0,316,0,0,0
train,0309-0914.svg,691,163,0,4,2048,1,0,0.0,0.0,140.0,140.0,1,0,0,690,0,0,0
train,0309-0972.svg,294,139,0,2,2048,1,0,0.0,0.0,140.0,140.0,3,0,0,291,0,0,0
train,0310-0013.svg,573,159,0,3,2048,1,0,0.0,0.0,140.0,140.0,15,0,0,558,0,0,0
train,0310-0016.svg,1252,57,0,5,2048,1,0,0.0,0.0,140.0,140.0,1,0,0,1251,0,0,0
train,0310-0390.svg,984,261,0,7,2048,1,0,0.0,0.0,140.0,140.0,6,0,0,978,0,0,0
train,0310-0419.svg,1085,458,0,9,2048,1,0,0.0,0.0,140.0,140.0,17,0,0,1068,0,0,0
train,0310-0420.svg,4863,3785,0,23,2048,3,0,0.0,0.0,140.0,140.0,104,0,0,4759,0,0,0
train,0310-0448.svg,951,229,0,7,2048,1,0,0.0,0.0,140.0,140.0,11,0,0,940,0,0,0
train,0310-0449.svg,5434,4126,0,18,2048,3,0,0.0,0.0,140.0,140.0,98,0,0,5336,0,0,0
train,0310-0478.svg,4299,2473,0,18,2048,3,0,0.0,0.0,140.0,140.0,70,0,0,4229,0,0,0
train,0311-0002.svg,4740,3826,0,16,2048,3,0,0.0,0.0,140.0,140.0,114,5,0,4621,0,0,0
train,0311-0006.svg,827,399,0,10,2048,1,0,0.0,0.0,140.0,140.0,35,0,0,792,0,0,0
train,0311-0013.svg,1491,968,0,14,2048,1,0,0.0,0.0,140.0,140.0,30,1,0,1460,0,0,0
train,0311-0016.svg,1830,1421,0,14,2048,1,0,0.0,0.0,140.0,140.0,59,5,0,1766,0,0,0
train,0311-0391.svg,3225,2558,0,19,2048,2,0,0.0,0.0,140.0,140.0,68,0,0,3157,0,0,0
train,0311-0420.svg,4326,3568,0,23,2048,3,0,0.0,0.0,140.0,140.0,101,0,0,4225,0,0,0
train,0311-0449.svg,4825,3518,0,23,2048,3,0,0.0,0.0,140.0,140.0,94,0,0,4731,0,0,0
train,0311-0478.svg,3262,2565,0,19,2048,2,0,0.0,0.0,140.0,140.0,68,0,0,3194,0,0,0
train,0312-0391.svg,3117,2610,0,20,2048,2,0,0.0,0.0,140.0,140.0,68,0,0,3049,0,0,0
train,0312-0449.svg,4826,4154,0,22,2048,3,0,0.0,0.0,140.0,140.0,94,0,0,4732,0,0,0
train,0313-0004.svg,2035,1482,0,15,2048,1,0,0.0,0.0,140.0,140.0,58,0,0,1977,0,0,0
train,0313-0420.svg,743,463,0,5,2048,1,0,0.0,0.0,140.0,140.0,1,0,0,742,0,0,0
train,0313-0449.svg,429,332,0,3,2048,1,0,0.0,0.0,140.0,140.0,0,0,0,429,0,0,0
train,0313-0450.svg,106,45,0,1,2048,1,0,0.0,0.0,140.0,140.0,4,0,0,102,0,0,0
train,0313-0477.svg,202,92,0,3,2048,1,0,0.0,0.0,140.0,140.0,4,0,0,198,0,0,0
train,0313-0478.svg,561,408,0,3,2048,1,0,0.0,0.0,140.0,140.0,0,0,0,561,0,0,0
train,0314-0004.svg,1933,1256,0,14,2048,1,0,0.0,0.0,140.0,140.0,50,0,0,1883,0,0,0
train,0314-0005.svg,447,118,0,5,2048,1,0,0.0,0.0,140.0,140.0,17,0,0,430,0,0,0
train,0314-0012.svg,1044,725,0,14,2048,1,0,0.0,0.0,140.0,140.0,32,0,0,1012,0,0,0
train,0314-0015.svg,948,632,0,14,2048,1,0,0.0,0.0,140.0,140.0,20,0,0,928,0,0,0
train,0314-0392.svg,695,371,0,9,2048,1,0,0.0,0.0,140.0,140.0,21,0,0,674,0,0,0
train,0314-0420.svg,4401,3541,0,23,2048,3,0,0.0,0.0,140.0,140.0,101,0,0,4300,0,0,0
train,0314-0449.svg,4858,3759,0,23,2048,3,0,0.0,0.0,140.0,140.0,94,0,0,4764,0,0,0
train,0314-0450.svg,1893,1521,0,15,2048,1,0,0.0,0.0,140.0,140.0,35,0,0,1858,0,0,0
train,0314-0478.svg,3201,2528,0,18,2048,2,0,0.0,0.0,140.0,140.0,68,0,0,3133,0,0,0
train,0315-0796.svg,359,64,0,2,2048,1,0,0.0,0.0,140.0,140.0,2,0,0,357,0,0,0
train,0315-0854.svg,836,371,0,7,2048,1,0,0.0,0.0,140.0,140.0,8,0,0,828,0,0,0
train,0315-0855.svg,681,179,0,5,2048,1,0,0.0,0.0,140.0,140.0,1,0,0,680,0,0,0
train,0315-0913.svg,516,283,0,5,2048,1,0,0.0,0.0,140.0,140.0,4,0,0,512,0,0,0
train,0315-0914.svg,705,180,0,4,2048,1,0,0.0,0.0,140.0,140.0,1,0,0,704,0,0,0
train,0315-0973.svg,361,55,0,1,2048,1,0,0.0,0.0,140.0,140.0,2,0,0,359,0,0,0
train,0316-0007.svg,1099,632,0,11,2048,1,0,0.0,0.0,140.0,140.0,38,7,0,1054,0,0,0
train,0316-0013.svg,486,172,0,3,2048,1,0,0.0,0.0,140.0,140.0,5,0,0,481,0,0,0
train,0316-0021.svg,751,239,0,8,2048,1,0,0.0,0.0,140.0,140.0,31,0,0,720,0,0,0
train,0316-0022.svg,1217,608,0,11,2048,1,0,0.0,0.0,140.0,140.0,46,8,0,1163,0,0,0
train,0316-0023.svg,534,268,0,5,2048,1,0,0.0,0.0,140.0,140.0,6,0,0,528,0,0,0
train,0316-0027.svg,744,280,0,8,2048,1,0,0.0,0.0,140.0,140.0,32,2,0,710,0,0,0
train,0316-0390.svg,473,265,0,7,2048,1,0,0.0,0.0,140.0,140.0,5,0,0,468,0,0,0
train,0316-0391.svg,3277,2547,0,21,2048,2,0,0.0,0.0,140.0,140.0,70,0,0,3207,0,0,0
train,0316-0420.svg,4718,3775,0,22,2048,3,0,0.0,0.0,140.0,140.0,104,0,0,4614,0,0,0
train,0316-0449.svg,5200,4456,0,23,2048,3,0,0.0,0.0,140.0,140.0,98,0,0,5102,0,0,0
train,0316-0478.svg,3281,2586,0,19,2048,2,0,0.0,0.0,140.0,140.0,70,0,0,3211,0,0,0
train,0316-0479.svg,995,492,0,10,2048,1,0,0.0,0.0,140.0,140.0,34,0,0,961,0,0,0
train,0317-0000.svg,271,44,0,1,2048,1,0,0.0,0.0,140.0,140.0,6,0,0,265,0,0,0
train,0317-0004.svg,1175,857,0,8,2048,1,0,0.0,0.0,140.0,140.0,8,0,0,1167,0,0,0
train,0317-0012.svg,402,168,0,3,2048,1,0,0.0,0.0,140.0,140.0,2,0,0,400,0,0,0
train,0317-0015.svg,321,140,0,4,2048,1,0,0.0,0.0,140.0,140.0,16,0,0,305,0,0,0
train,0317-0017.svg,373,179,0,3,2048,1,0,0.0,0.0,140.0,140.0,0,0,0,373,0,0,0
train,0318-0000.svg,289,136,0,4,2048,1,0,0.0,0.0,140.0,140.0,2,0,0,287,0,0,0
train,0318-0001.svg,489,316,0,7,2048,1,0,0.0,0.0,140.0,140.0,4,0,0,485,0,0,0
train,0318-0002.svg,479,66,0,3,2048,1,0,0.0,0.0,140.0,140.0,2,0,0,477,0,0,0
train,0318-0007.svg,1268,946,0,8,2048,1,0,0.0,0.0,140.0,140.0,35,0,0,1233,0,0,0
train,0318-0016.svg,559,386,0,6,2048,1,0,0.0,0.0,140.0,140.0,6,0,0,553,0,0,0
train,0319-0004.svg,1194,870,0,9,2048,1,0,0.0,0.0,140.0,140.0,8,0,0,1186,0,0,0
train,0319-0008.svg,539,221,0,5,2048,1,0,0.0,0.0,140.0,140.0,10,0,0,529,0,0,0
train,0319-0011.svg,451,297,0,10,2048,1,0,0.0,0.0,140.0,140.0,16,2,0,433,0,0,0
train,0319-0013.svg,359,118,0,2,2048,1,0,0.0,0.0,140.0,140.0,1,0,0,358,0,0,0
train,0319-0014.svg,419,169,0,3,2048,1,0,0.0,0.0,140.0,140.0,4,0,0,415,0,0,0
train,0319-0019.svg,515,374,0,7,2048,1,0,0.0,0.0,140.0,140.0,3,0,0,512,0,0,0
train,0319-0022.svg,3830,2406,0,20,2048,2,0,0.0,0.0,140.0,140.0,57,4,0,3769,0,0,0
train,0319-0027.svg,2858,779,0,12,2048,2,0,0.0,0.0,140.0,140.0,48,9,0,2801,0,0,0
train,0320-0004.svg,418,255,0,5,2048,1,0,0.0,0.0,140.0,140.0,1,0,0,417,0,0,0
train,0320-0010.svg,74,28,0,2,2048,1,0,0.0,0.0,140.0,140.0,0,0,0,74,0,0,0
train,0320-0016.svg,582,332,0,5,2048,1,0,0.0,0.0,140.0,140.0,6,0,0,576,0,0,0
train,0320-0017.svg,305,118,0,4,2048,1,0,0.0,0.0,140.0,140.0,4,0,0,301,0,0,0
train,0320-0024.svg,2425,1492,0,9,2048,2,0,0.0,0.0,140.0,140.0,38,5,0,2382,0,0,0
train,0320-0029.svg,677,252,0,4,2048,1,0,0.0,0.0,140.0,140.0,9,0,0,668,0,0,0
train,0320-0037.svg,1687,1171,0,11,2048,1,0,0.0,0.0,140.0,140.0,23,3,0,1661,0,0,0
train,0320-0044.svg,2139,1260,0,12,2048,2,0,0.0,0.0,140.0,140.0,27,1,0,2111,0,0,0
train,0320-0046.svg,771,291,0,4,2048,1,0,0.0,0.0,140.0,140.0,12,0,0,759,0,0,0
train,0321-0007.svg,1200,816,0,10,2048,1,0,0.0,0.0,140.0,140.0,46,0,0,1154,0,0,0
train,0321-0012.svg,260,155,0,3,2048,1,0,0.0,0.0,140.0,140.0,4,0,0,256,0,0,0
train,0321-0016.svg,566,300,0,5,2048,1,0,0.0,0.0,140.0,140.0,13,0,0,553,0,0,0
train,0322-0001.svg,1017,634,0,8,2048,1,0,0.0,0.0,140.0,140.0,33,6,0,978,0,0,0
train,0322-0005.svg,137,31,0,2,2048,1,0,0.0,0.0,140.0,140.0,3,0,0,134,0,0,0
train,0322-0011.svg,139,37,0,2,2048,1,0,0.0,0.0,140.0,140.0,3,0,0,136,0,0,0
train,0322-0012.svg,845,592,0,10,2048,1,0,0.0,0.0,140.0,140.0,26,4,0,815,0,0,0
train,0323-0000.svg,1312,770,0,7,2048,1,0,0.0,0.0,140.0,140.0,45,12,0,1255,0,0,0
train,0323-0002.svg,1674,859,0,8,2048,1,0,0.0,0.0,140.0,140.0,60,10,0,1604,0,0,0
train,0323-0003.svg,1166,524,0,10,2048,1,0,0.0,0.0,140.0,140.0,37,0,0,1129,0,0,0
train,0323-0012.svg,1394,801,0,9,2048,1,0,0.0,0.0,140.0,140.0,46,14,0,1334,0,0,0
train,0324-0005.svg,4760,561,0,9,2048,3,0,0.0,0.0,140.0,140.0,28,6,0,4726,0,0,0
train,0324-0010.svg,2013,1176,0,8,2048,1,0,0.0,0.0,140.0,140.0,78,2,0,1933,0,0,0
train,0324-0015.svg,407,123,0,5,2048,1,0,0.0,0.0,140.0,140.0,7,0,0,400,0,0,0
train,0324-0020.svg,139,8,0,1,2048,1,0,0.0,0.0,140.0,140.0,2,0,0,137,0,0,0
train,0324-0031.svg,75,7,0,1,2048,1,0,0.0,0.0,140.0,140.0,2,0,0,73,0,0,0
train,0324-0037.svg,97,3,0,1,2048,1,0,0.0,0.0,140.0,140.0,1,0,0,96,0,0,0
train,0325-0002.svg,645,378,0,6,2048,1,0,0.0,0.0,140.0,140.0,0,0,0,645,0,0,0
train,0325-0003.svg,1179,861,0,8,2048,1,0,0.0,0.0,140.0,140.0,9,0,0,1170,0,0,0
train,0326-0020.svg,162,45,0,5,2048,1,0,0.0,0.0,140.0,140.0,12,0,0,150,0,0,0
train,0326-0035.svg,100,20,0,2,2048,1,0,0.0,0.0,140.0,140.0,2,0,0,98,0,0,0
train,0326-0038.svg,141,20,0,2,2048,1,0,0.0,0.0,140.0,140.0,4,0,0,137,0,0,0
train,0326-0040.svg,258,116,0,5,2048,1,0,0.0,0.0,140.0,140.0,16,0,0,242,0,0,0
train,0326-0055.svg,225,98,0,5,2048,1,0,0.0,0.0,140.0,140.0,9,0,0,216,0,0,0
train,0326-0057.svg,366,141,0,6,2048,1,0,0.0,0.0,140.0,140.0,8,0,0,358,0,0,0
train,0326-0060.svg,263,78,0,5,2048,1,0,0.0,0.0,140.0,140.0,21,0,0,242,0,0,0
train,0326-0082.svg,259,116,0,6,2048,1,0,0.0,0.0,140.0,140.0,15,0,0,244,0,0,0
train,0326-0096.svg,349,119,0,4,2048,1,0,0.0,0.0,140.0,140.0,9,0,0,340,0,0,0
train,0326-0100.svg,269,101,0,5,2048,1,0,0.0,0.0,140.0,140.0,18,0,0,251,0,0,0
train,0326-0102.svg,371,131,0,7,2048,1,0,0.0,0.0,140.0,140.0,8,0,0,363,0,0,0
train,0326-0103.svg,142,6,0,1,2048,1,0,0.0,0.0,140.0,140.0,5,0,0,137,0,0,0
train,0326-0106.svg,210,84,0,6,2048,1,0,0.0,0.0,140.0,140.0,14,0,0,196,0,0,0
train,0326-0121.svg,512,294,0,7,2048,1,0,0.0,0.0,140.0,140.0,30,1,0,481,0,0,0
train,0326-0123.svg,237,55,0,3,2048,1,0,0.0,0.0,140.0,140.0,11,0,0,226,0,0,0
train,0326-0124.svg,289,109,0,4,2048,1,0,0.0,0.0,140.0,140.0,13,0,0,276,0,0,0
train,0326-0126.svg,431,219,0,9,2048,1,0,0.0,0.0,140.0,140.0,24,0,0,407,0,0,0
train,0326-0129.svg,350,190,0,5,2048,1,0,0.0,0.0,140.0,140.0,9,0,0,341,0,0,0
train,0326-0137.svg,317,146,0,5,2048,1,0,0.0,0.0,140.0,140.0,11,0,0,306,0,0,0
train,0326-0141.svg,282,122,0,5,2048,1,0,0.0,0.0,140.0,140.0,23,0,0,259,0,0,0
train,0326-0147.svg,363,124,0,6,2048,1,0,0.0,0.0,140.0,140.0,14,0,0,349,0,0,0
train,0326-0148.svg,387,143,0,6,2048,1,0,0.0,0.0,140.0,140.0,12,0,0,375,0,0,0
train,0326-0149.svg,419,162,0,5,2048,1,0,0.0,0.0,140.0,140.0,11,0,0,408,0,0,0
train,0326-0151.svg,3079,2787,0,6,2048,2,0,0.0,0.0,140.0,140.0,57,4,0,3018,0,0,0
train,0326-0153.svg,151,20,0,1,2048,1,0,0.0,0.0,140.0,140.0,2,0,0,149,0,0,0
train,0326-0158.svg,306,136,0,7,2048,1,0,0.0,0.0,140.0,140.0,9,0,0,297,0,0,0
train,0326-0173.svg,514,367,0,9,2048,1,0,0.0,0.0,140.0,140.0,17,2,0,495,0,0,0
train,0326-0175.svg,180,33,0,3,2048,1,0,0.0,0.0,140.0,140.0,9,0,0,171,0,0,0
train,0326-0177.svg,345,205,0,9,2048,1,0,0.0,0.0,140.0,140.0,17,1,0,327,0,0,0
train,0327-0003.svg,4254,2533,0,18,2048,3,0,0.0,0.0,140.0,140.0,70,0,0,4184,0,0,0
train,0327-0004.svg,3671,2452,0,19,2048,2,0,0.0,0.0,140.0,140.0,53,0,0,3618,0,0,0
train,0328-0003.svg,4030,2519,0,19,2048,2,0,0.0,0.0,140.0,140.0,60,0,0,3970,0,0,0
train,0328-0032.svg,1112,576,0,7,2048,1,0,0.0,0.0,140.0,140.0,56,0,0,1056,0,0,0
train,0328-0036.svg,571,316,0,8,2048,1,0,0.0,0.0,140.0,140.0,54,0,0,517,0,0,0
train,0328-0037.svg,1339,824,0,9,2048,1,0,0.0,0.0,140.0,140.0,64,0,0,1275,0,0,0
train,0328-0038.svg,835,513,0,6,2048,1,0,0.0,0.0,140.0,140.0,36,0,0,799,0,0,0
train,0328-0063.svg,965,503,0,7,2048,1,0,0.0,0.0,140.0,140.0,31,0,0,934,0,0,0
train,0328-0093.svg,682,622,0,5,2048,1,0,0.0,0.0,140.0,140.0,0,0,0,682,0,0,0
train,0328-0097.svg,1172,817,0,6,2048,1,0,0.0,0.0,140.0,140.0,20,0,0,1152,0,0,0
train,0328-0128.svg,435,255,0,4,2048,1,0,0.0,0.0,140.0,140.0,7,0,0,428,0,0,0
train,0328-0153.svg,753,267,0,4,2048,1,0,0.0,0.0,140.0,140.0,14,0,0,739,0,0,0
train,0328-0155.svg,631,19,0,1,2048,1,0,0.0,0.0,140.0,140.0,9,0,0,622,0,0,0
train,0328-0158.svg,985,701,0,8,2048,1,0,0.0,0.0,140.0,140.0,12,0,0,973,0,0,0
train,0328-0183.svg,149,52,0,2,2048,1,0,0.0,0.0,140.0,140.0,4,0,0,145,0,0,0
train,0328-0245.svg,490,187,0,7,2048,1,0,0.0,0.0,140.0,140.0,8,0,0,482,0,0,0
train,0328-0274.svg,529,351,0,8,2048,1,0,0.0,0.0,140.0,140.0,12,0,0,517,0,0,0
train,0328-0275.svg,567,233,0,6,2048,1,0,0.0,0.0,140.0,140.0,4,0,0,563,0,0,0
train,0328-0277.svg,534,192,0,4,2048,1,0,0.0,0.0,140.0,140.0,13,0,0,521,0,0,0
train,0328-0308.svg,260,134,0,4,2048,1,0,0.0,0.0,140.0,140.0,7,0,0,253,0,0,0
train,0329-0001.svg,2151,444,0,6,2048,2,0,0.0,0.0,140.0,140.0,20,0,0,2131,0,0,0
train,0329-0004.svg,1068,137,0,3,2048,1,0,0.0,0.0,140.0,140.0,2,0,0,1066,0,0,0
train,0329-0005.svg,882,512,0,7,2048,1,0,0.0,0.0,140.0,140.0,9,0,0,873,0,0,0
train,0329-0007.svg,870,481,0,7,2048,1,0,0.0,0.0,140.0,140.0,5,0,0,865,0,0,0
train,0329-0009.svg,535,91,0,4,2048,1,0,0.0,0.0,140.0,140.0,5,0,0,530,0,0,0
train,0330-0007.svg,3460,1933,0,21,2048,2,0,0.0,0.0,140.0,140.0,44,1,0,3415,0,0,0
train,0330-0008.svg,222,65,0,5,2048,1,0,0.0,0.0,140.0,140.0,8,1,0,213,0,0,0
train,0330-0023.svg,301,74,0,4,2048,1,0,0.0,0.0,140.0,140.0,6,3,0,292,0,0,0
train,0331-0004.svg,1137,554,0,9,2048,1,0,0.0,0.0,140.0,140.0,15,0,0,1122,0,0,0
train,0331-0009.svg,13992,374,0,6,2048,7,0,0.0,0.0,140.0,140.0,1,0,0,13991,0,0,0
train,0331-0010.svg,1638,1107,0,10,2048,1,0,0.0,0.0,140.0,140.0,7,0,0,1631,0,0,0
train,0332-0512.svg,62,47,0,1,2048,1,0,0.0,0.0,140.0,140.0,0,0,0,62,0,0,0
train,0332-0544.svg,547,175,0,5,2048,1,0,0.0,0.0,140.0,140.0,2,0,0,545,0,0,0
train,0332-0546.svg,703,400,0,5,2048,1,0,0.0,0.0,140.0,140.0,12,0,0,691,0,0,0
train,0332-0547.svg,729,143,0,4,2048,1,0,0.0,0.0,140.0,140.0,9,0,0,720,0,0,0
train,0332-0577.svg,1179,135,0,4,2048,1,0,0.0,0.0,140.0,140.0,24,0,0,1155,0,0,0
train,0332-0578.svg,1305,87,0,3,2048,1,0,0.0,0.0,140.0,140.0,12,0,0,1293,0,0,0
train,0332-0609.svg,912,101,0,3,2048,1,0,0.0,0.0,140.0,140.0,4,0,0,908,0,0,0
train,0332-0612.svg,298,74,0,1,2048,1,0,0.0,0.0,140.0,140.0,2,0,0,296,0,0,0
train,0332-0641.svg,651,46,0,2,2048,1,0,0.0,0.0,140.0,140.0,6,0,0,645,0,0,0
train,0332-0708.svg,945,251,0,5,2048,1,0,0.0,0.0,140.0,140.0,23,0,0,922,0,0,0
train,0332-0710.svg,1059,264,0,5,2048,1,0,0.0,0.0,140.0,140.0,14,0,0,1045,0,0,0
train,0333-0010.svg,2961,19,0,1,2048,2,0,0.0,0.0,140.0,140.0,0,0,0,2961,0,0,0
train,0333-0016.svg,1291,10,0,1,2048,1,0,0.0,0.0,140.0,140.0,0,0,0,1291,0,0,0
train,0333-0019.svg,922,53,0,3,2048,1,0,0.0,0.0,140.0,140.0,0,0,0,922,0,0,0
train,0333-0020.svg,1529,35,0,2,2048,1,0,0.0,0.0,140.0,140.0,0,0,0,1529,0,0,0
train,0333-0026.svg,1718,8,0,1,2048,1,0,0.0,0.0,140.0,140.0,0,0,0,1718,0,0,0
train,0334-0004.svg,1367,16,0,2,2048,1,0,0.0,0.0,140.0,140.0,0,0,0,1367,0,0,0
train,0334-0022.svg,1945,9,0,1,2048,1,0,0.0,0.0,140.0,140.0,0,0,0,1945,0,0,0
train,0334-0025.svg,646,10,0,1,2048,1,0,0.0,0.0,140.0,140.0,1,0,0,645,0,0,0
train,0334-0026.svg,1095,7,0,1,2048,1,0,0.0,0.0,140.0,140.0,0,0,0,1095,0,0,0
train,0334-0028.svg,1331,34,0,1,2048,1,0,0.0,0.0,140.0,140.0,0,0,0,1331,0,0,0
train,0334-0029.svg,473,10,0,1,2048,1,0,0.0,0.0,140.0,140.0,0,0,0,473,0,0,0
train,0335-0001.svg,39,8,0,1,2048,1,0,0.0,0.0,140.0,140.0,0,0,0,39,0,0,0
train,0335-0003.svg,60,20,0,2,2048,1,0,0.0,0.0,140.0,140.0,0,0,0,60,0,0,0
train,0335-0004.svg,3605,291,0,8,2048,2,0,0.0,0.0,140.0,140.0,8,0,0,3597,0,0,0
train,0335-0006.svg,136,51,0,3,2048,1,0,0.0,0.0,140.0,140.0,1,0,0,135,0,0,0
train,0335-0007.svg,70,17,0,2,2048,1,0,0.0,0.0,140.0,140.0,0,0,0,70,0,0,0
train,0335-0008.svg,3533,238,0,6,2048,2,0,0.0,0.0,140.0,140.0,4,0,0,3529,0,0,0
train,0335-0009.svg,3042,125,0,4,2048,2,0,0.0,0.0,140.0,140.0,2,0,0,3040,0,0,0
train,0335-0010.svg,108,64,0,2,2048,1,0,0.0,0.0,140.0,140.0,0,0,0,108,0,0,0
train,0335-0011.svg,44,16,0,1,2048,1,0,0.0,0.0,140.0,140.0,0,0,0,44,0,0,0
train,0335-0016.svg,1841,165,0,5,2048,1,0,0.0,0.0,140.0,140.0,20,0,0,1821,0,0,0
train,0335-0022.svg,1858,68,0,3,2048,1,0,0.0,0.0,140.0,140.0,8,0,0,1850,0,0,0
train,0335-0025.svg,40,16,0,1,2048,1,0,0.0,0.0,140.0,140.0,0,0,0,40,0,0,0
train,0335-0028.svg,3533,473,0,5,2048,2,0,0.0,0.0,140.0,140.0,2,0,0,3531,0,0,0
train,0335-0030.svg,49,24,0,1,2048,1,0,0.0,0.0,140.0,140.0,0,0,0,49,0,0,0
train,0335-0039.svg,55,18,0,2,2048,1,0,0.0,0.0,140.0,140.0,0,0,0,55,0,0,0
train,0336-0020.svg,2292,35,0,2,2048,2,0,0.0,0.0,140.0,140.0,8,0,0,2284,0,0,0
train,0337-0022.svg,998,363,0,8,2048,1,0,0.0,0.0,140.0,140.0,16,7,0,975,0,0,0
train,0337-0092.svg,733,87,0,2,2048,1,0,0.0,0.0,140.0,140.0,6,0,0,727,0,0,0
train,0337-0093.svg,732,107,0,2,2048,1,0,0.0,0.0,140.0,140.0,0,0,0,732,0,0,0
train,0337-0094.svg,283,65,0,2,2048,1,0,0.0,0.0,140.0,140.0,2,0,0,281,0,0,0
train,0337-0098.svg,147,96,0,1,2048,1,0,0.0,0.0,140.0,140.0,4,0,0,143,0,0,0
train,0337-0100.svg,410,44,0,2,2048,1,0,0.0,0.0,140.0,140.0,2,0,0,408,0,0,0
train,0337-0101.svg,520,19,0,1,2048,1,0,0.0,0.0,140.0,140.0,0,0,0,520,0,0,0
train,0337-0107.svg,874,102,0,3,2048,1,0,0.0,0.0,140.0,140.0,14,0,0,860,0,0,0
train,0337-0109.svg,2328,214,0,5,2048,2,0,0.0,0.0,140.0,140.0,6,0,0,2322,0,0,0
train,0337-0115.svg,1627,307,0,7,2048,1,0,0.0,0.0,140.0,140.0,6,0,0,1621,0,0,0
train,0338-0007.svg,1460,104,0,4,2048,1,0,0.0,0.0,140.0,140.0,5,0,0,1455,0,0,0
train,0338-0010.svg,1596,191,0,4,2048,1,0,0.0,0.0,140.0,140.0,2,0,0,1594,0,0,0
train,0338-0014.svg,1813,233,0,5,2048,1,0,0.0,0.0,140.0,140.0,4,0,0,1809,0,0,0
train,0338-0019.svg,1951,74,0,3,2048,1,0,0.0,0.0,140.0,140.0,25,0,0,1926,0,0,0
train,0338-0022.svg,1733,112,0,1,2048,1,0,0.0,0.0,140.0,140.0,2,0,0,1731,0,0,0
train,0338-0026.svg,1650,64,0,2,2048,1,0,0.0,0.0,140.0,140.0,0,0,0,1650,0,0,0
train,0338-0032.svg,1731,139,0,4,2048,1,0,0.0,0.0,140.0,140.0,0,0,0,1731,0,0,0
train,0339-0007.svg,767,8,0,1,2048,1,0,0.0,0.0,140.0,140.0,0,0,0,767,0,0,0
train,0339-0013.svg,1244,30,0,1,2048,1,0,0.0,0.0,140.0,140.0,0,0,0,1244,0,0,0
train,0339-0019.svg,1841,32,0,2,2048,1,0,0.0,0.0,140.0,140.0,9,0,0,1832,0,0,0
train,0339-0020.svg,3501,464,0,3,2048,2,0,0.0,0.0,140.0,140.0,45,0,0,3456,0,0,0
train,0339-0025.svg,693,42,0,1,2048,1,0,0.0,0.0,140.0,140.0,4,0,0,689,0,0,0
train,0339-0026.svg,1893,274,0,3,2048,1,0,0.0,0.0,140.0,140.0,27,0,0,1866,0,0,0
train,0340-0006.svg,234,78,0,5,2048,1,0,0.0,0.0,140.0,140.0,7,0,0,227,0,0,0
train,0340-0610.svg,367,153,0,2,2048,1,0,0.0,0.0,140.0,140.0,4,0,0,363,0,0,0
train,0340-0612.svg,324,264,0,4,2048,1,0,0.0,0.0,140.0,140.0,4,0,0,320,0,0,0
train,0340-0613.svg,815,87,0,2,2048,1,0,0.0,0.0,140.0,140.0,0,0,0,815,0,0,0
train,0340-0647.svg,390,179,0,2,2048,1,0,0.0,0.0,140.0,140.0,10,0,0,380,0,0,0
train,0340-0650.svg,922,60,0,1,2048,1,0,0.0,0.0,140.0,140.0,11,0,0,911,0,0,0
train,0340-0686.svg,235,137,0,3,2048,1,0,0.0,0.0,140.0,140.0,9,0,0,226,0,0,0
train,0340-0720.svg,637,158,0,2,2048,1,0,0.0,0.0,140.0,140.0,0,0,0,637,0,0,0
train,0340-0723.svg,736,305,0,5,2048,1,0,0.0,0.0,140.0,140.0,14,0,0,722,0,0,0
train,0340-0757.svg,837,223,0,3,2048,1,0,0.0,0.0,140.0,140.0,7,0,0,830,0,0,0
train,0340-0759.svg,749,197,0,6,2048,1,0,0.0,0.0,140.0,140.0,31,0,0,718,0,0,0
train,0340-0797.svg,596,168,0,3,2048,1,0,0.0,0.0,140.0,140.0,38,0,0,558,0,0,0
train,0341-0001.svg,887,124,0,4,2048,1,0,0.0,0.0,140.0,140.0,0,0,0,887,0,0,0
train,0341-0002.svg,1815,1212,0,14,2048,1,0,0.0,0.0,140.0,140.0,47,0,0,1768,0,0,0
train,0341-0004.svg,1527,261,0,5,2048,1,0,0.0,0.0,140.0,140.0,6,0,0,1521,0,0,0
train,0341-0010.svg,2645,268,0,3,2048,2,0,0.0,0.0,140.0,140.0,2,0,0,2643,0,0,0
train,0341-0014.svg,2287,108,0,4,2048,2,0,0.0,0.0,140.0,140.0,7,0,0,2280,0,0,0
train,0341-0016.svg,2800,239,0,6,2048,2,0,0.0,0.0,140.0,140.0,11,0,0,2789,0,0,0
train,0341-0020.svg,1772,285,0,3,2048,1,0,0.0,0.0,140.0,140.0,17,0,0,1755,0,0,0
train,0341-0022.svg,2143,319,0,8,2048,2,0,0.0,0.0,140.0,140.0,27,0,0,2116,0,0,0
train,0342-0007.svg,3555,2809,0,15,2048,2,0,0.0,0.0,140.0,140.0,77,5,0,3473,0,0,0
train,0342-0014.svg,680,292,0,6,2048,1,0,0.0,0.0,140.0,140.0,26,0,0,654,0,0,0
train,0342-0017.svg,1497,972,0,12,2048,1,0,0.0,0.0,140.0,140.0,38,5,0,1454,0,0,0
train,0342-0497.svg,885,79,0,1,2048,1,0,0.0,0.0,140.0,140.0,27,0,0,858,0,0,0
train,0342-0498.svg,805,100,0,2,2048,1,0,0.0,0.0,140.0,140.0,0,0,0,805,0,0,0
train,0342-0528.svg,771,91,0,2,2048,1,0,0.0,0.0,140.0,140.0,5,0,0,766,0,0,0
train,0342-0532.svg,706,63,0,2,2048,1,0,0.0,0.0,140.0,140.0,14,0,0,692,0,0,0
train,0342-0560.svg,721,202,0,3,2048,1,0,0.0,0.0,140.0,140.0,0,0,0,721,0,0,0
train,0342-0562.svg,288,160,0,2,2048,1,0,0.0,0.0,140.0,140.0,1,0,0,287,0,0,0
train,0342-0625.svg,669,241,0,6,2048,1,0,0.0,0.0,140.0,140.0,21,0,0,648,0,0,0
train,0342-0626.svg,351,161,0,2,2048,1,0,0.0,0.0,140.0,140.0,7,0,0,344,0,0,0
train,0342-0658.svg,340,131,0,2,2048,1,0,0.0,0.0,140.0,140.0,4,0,0,336,0,0,0
train,0342-0660.svg,929,160,0,5,2048,1,0,0.0,0.0,140.0,140.0,24,0,0,905,0,0,0
train,0343-0000.svg,1390,792,0,13,2048,1,0,0.0,0.0,140.0,140.0,39,0,0,1351,0,0,0
train,0343-0008.svg,1273,719,0,12,2048,1,0,0.0,0.0,140.0,140.0,40,0,0,1233,0,0,0
train,0343-0611.svg,442,229,0,3,2048,1,0,0.0,0.0,140.0,140.0,4,0,0,438,0,0,0
train,0343-0612.svg,331,138,0,1,2048,1,0,0.0,0.0,140.0,140.0,4,0,0,327,0,0,0
train,0343-0647.svg,407,115,0,5,2048,1,0,0.0,0.0,140.0,140.0,9,0,0,398,0,0,0
train,0343-0649.svg,384,108,0,2,2048,1,0,0.0,0.0,140.0,140.0,20,0,0,364,0,0,0
train,0343-0684.svg,471,189,0,4,2048,1,0,0.0,0.0,140.0,140.0,4,0,0,467,0,0,0
train,0343-0685.svg,669,258,0,6,2048,1,0,0.0,0.0,140.0,140.0,22,0,0,647,0,0,0
train,0343-0723.svg,596,342,0,6,2048,1,0,0.0,0.0,140.0,140.0,20,0,0,576,0,0,0
train,0343-0758.svg,246,134,0,2,2048,1,0,0.0,0.0,140.0,140.0,12,0,0,234,0,0,0
train,0343-0759.svg,792,215,0,3,2048,1,0,0.0,0.0,140.0,140.0,13,0,0,779,0,0,0
train,0343-0760.svg,690,112,0,3,2048,1,0,0.0,0.0,140.0,140.0,11,0,0,679,0,0,0
train,0343-0797.svg,706,138,0,4,2048,1,0,0.0,0.0,140.0,140.0,15,0,0,691,0,0,0
train,0344-0001.svg,1203,18,0,1,2048,1,0,0.0,0.0,140.0,140.0,0,0,0,1203,0,0,0
train,0344-0013.svg,1027,27,0,3,2048,1,0,0.0,0.0,140.0,140.0,0,0,0,1027,0,0,0
train,0344-0019.svg,1012,6,0,1,2048,1,0,0.0,0.0,140.0,140.0,0,0,0,1012,0,0,0
train,0344-0023.svg,1033,2,0,1,2048,1,0,0.0,0.0,140.0,140.0,0,0,0,1033,0,0,0
train,0345-0004.svg,2889,137,0,3,2048,2,0,0.0,0.0,140.0,140.0,8,0,0,2881,0,0,0
train,0345-0007.svg,1533,111,0,2,2048,1,0,0.0,0.0,140.0,140.0,12,0,0,1521,0,0,0
train,0345-0010.svg,983,62,0,2,2048,1,0,0.0,0.0,140.0,140.0,4,0,0,979,0,0,0
train,0345-0015.svg,1638,94,0,5,2048,1,0,0.0,0.0,140.0,140.0,14,0,0,1624,0,0,0
train,0345-0021.svg,2986,307,0,6,2048,2,0,0.0,0.0,140.0,140.0,15,0,0,2971,0,0,0
train,0345-0026.svg,1948,67,0,2,2048,1,0,0.0,0.0,140.0,140.0,17,0,0,1931,0,0,0
train,0345-0027.svg,1982,152,0,4,2048,1,0,0.0,0.0,140.0,140.0,8,0,0,1974,0,0,0
train,0345-0028.svg,1666,46,0,2,2048,1,0,0.0,0.0,140.0,140.0,12,0,0,1654,0,0,0
train,0346-0012.svg,172,94,0,3,2048,1,0,0.0,0.0,140.0,140.0,0,0,0,172,0,0,0
train,0346-0015.svg,2032,1466,0,9,2048,1,0,0.0,0.0,140.0,140.0,31,0,0,2001,0,0,0
train,0346-0016.svg,1385,978,0,5,2048,1,0,0.0,0.0,140.0,140.0,35,0,0,1350,0,0,0
train,0346-0019.svg,210,118,0,1,2048,1,0,0.0,0.0,140.0,140.0,0,0,0,210,0,0,0
train,0346-0026.svg,990,599,0,6,2048,1,0,0.0,0.0,140.0,140.0,9,0,0,981,0,0,0
train,0346-0029.svg,242,238,0,3,2048,1,0,0.0,0.0,140.0,140.0,0,0,0,242,0,0,0
train,0346-0034.svg,236,136,0,1,2048,1,0,0.0,0.0,140.0,140.0,0,0,0,236,0,0,0
train,0346-0039.svg,248,196,0,2,2048,1,0,0.0,0.0,140.0,140.0,0,0,0,248,0,0,0
train,0346-0049.svg,385,132,0,3,2048,1,0,0.0,0.0,140.0,140.0,18,0,0,367,0,0,0
train,0346-0221.svg,298,46,0,2,2048,1,0,0.0,0.0,140.0,140.0,3,0,0,295,0,0,0
train,0346-0264.svg,179,45,0,1,2048,1,0,0.0,0.0,140.0,140.0,0,0,0,179,0,0,0
train,0346-0303.svg,169,19,0,2,2048,1,0,0.0,0.0,140.0,140.0,1,0,0,168,0,0,0
train,0346-0304.svg,341,106,0,3,2048,1,0,0.0,0.0,140.0,140.0,6,0,0,335,0,0,0
train,0346-0341.svg,445,190,0,3,2048,1,0,0.0,0.0,140.0,140.0,1,0,0,444,0,0,0
train,0346-0343.svg,127,35,0,1,2048,1,0,0.0,0.0,140.0,140.0,0,0,0,127,0,0,0
train,0346-0345.svg,283,8,0,1,2048,1,0,0.0,0.0,140.0,140.0,0,0,0,283,0,0,0
train,0346-0347.svg,219,27,0,1,2048,1,0,0.0,0.0,140.0,140.0,1,0,0,218,0,0,0
train,0346-0389.svg,238,41,0,1,2048,1,0,0.0,0.0,140.0,140.0,0,0,0,238,0,0,0
train,0346-0425.svg,324,27,0,3,2048,1,0,0.0,0.0,140.0,140.0,1,0,0,323,0,0,0
train,0346-0473.svg,323,75,0,2,2048,1,0,0.0,0.0,140.0,140.0,0,0,0,323,0,0,0
train,0346-0475.svg,190,56,0,4,2048,1,0,0.0,0.0,140.0,140.0,4,0,0,186,0,0,0
train,0346-0476.svg,164,75,0,4,2048,1,0,0.0,0.0,140.0,140.0,1,0,0,163,0,0,0
train,0346-0515.svg,375,93,0,4,2048,1,0,0.0,0.0,140.0,140.0,1,0,0,374,0,0,0
train,0346-0559.svg,215,63,0,3,2048,1,0,0.0,0.0,140.0,140.0,4,0,0,211,0,0,0
train,0346-0561.svg,149,87,0,2,2048,1,0,0.0,0.0,140.0,140.0,0,0,0,149,0,0,0
train,0346-0637.svg,102,70,0,2,2048,1,0,0.0,0.0,140.0,140.0,0,0,0,102,0,0,0
train,0346-0640.svg,570,112,0,4,2048,1,0,0.0,0.0,140.0,140.0,11,0,0,559,0,0,0
train,0346-0644.svg,175,67,0,4,2048,1,0,0.0,0.0,140.0,140.0,2,0,0,173,0,0,0
train,0346-0685.svg,193,63,0,5,2048,1,0,0.0,0.0,140.0,140.0,2,0,0,191,0,0,0
train,0346-0686.svg,208,74,0,4,2048,1,0,0.0,0.0,140.0,140.0,1,0,0,207,0,0,0
train,0346-0720.svg,294,177,0,5,2048,1,0,0.0,0.0,140.0,140.0,0,0,0,294,0,0,0
train,0346-0728.svg,292,170,0,5,2048,1,0,0.0,0.0,140.0,140.0,3,0,0,289,0,0,0
train,0346-0845.svg,438,58,0,4,2048,1,0,0.0,0.0,140.0,140.0,1,0,0,437,0,0,0
train,0346-0850.svg,438,154,0,5,2048,1,0,0.0,0.0,140.0,140.0,8,0,0,430,0,0,0
train,0346-0851.svg,481,133,0,4,2048,1,0,0.0,0.0,140.0,140.0,6,0,0,475,0,0,0
train,0346-0889.svg,93,73,0,1,2048,1,0,0.0,0.0,140.0,140.0,0,0,0,93,0,0,0
train,0346-0890.svg,117,73,0,1,2048,1,0,0.0,0.0,140.0,140.0,1,0,0,116,0,0,0
train,0346-0893.svg,389,129,0,5,2048,1,0,0.0,0.0,140.0,140.0,2,0,0,387,0,0,0
train,0346-0975.svg,273,96,0,4,2048,1,0,0.0,0.0,140.0,140.0,1,0,0,272,0,0,0
train,0346-0981.svg,158,86,0,2,2048,1,0,0.0,0.0,140.0,140.0,0,0,0,158,0,0,0
train,0346-1020.svg,182,92,0,1,2048,1,0,0.0,0.0,140.0,140.0,0,0,0,182,0,0,0
train,0346-1098.svg,675,268,0,5,2048,1,0,0.0,0.0,140.0,140.0,5,0,0,670,0,0,0
train,0346-1099.svg,142,42,0,2,2048,1,0,0.0,0.0,140.0,140.0,0,0,0,142,0,0,0
train,0346-1102.svg,136,54,0,1,2048,1,0,0.0,0.0,140.0,140.0,0,0,0,136,0,0,0
train,0346-1144.svg,990,595,0,7,2048,1,0,0.0,0.0,140.0,140.0,30,0,0,960,0,0,0
train,0347-0002.svg,1298,911,0,12,2048,1,0,0.0,0.0,140.0,140.0,34,1,0,1263,0,0,0
train,0347-0004.svg,1109,625,0,12,2048,1,0,0.0,0.0,140.0,140.0,23,0,0,1086,0,0,0
train,0347-0008.svg,1110,250,0,6,2048,1,0,0.0,0.0,140.0,140.0,29,0,0,1081,0,0,0
train,0347-0019.svg,990,689,0,7,2048,1,0,0.0,0.0,140.0,140.0,4,0,0,986,0,0,0
train,0347-0025.svg,811,572,0,5,2048,1,0,0.0,0.0,140.0,140.0,7,0,0,804,0,0,0
train,0347-0027.svg,225,134,0,1,2048,1,0,0.0,0.0,140.0,140.0,0,0,0,225,0,0,0
train,0347-0029.svg,237,134,0,1,2048,1,0,0.0,0.0,140.0,140.0,0,0,0,237,0,0,0
train,0347-0031.svg,1380,978,0,7,2048,1,0,0.0,0.0,140.0,140.0,7,0,0,1373,0,0,0
train,0347-0035.svg,201,196,0,3,2048,1,0,0.0,0.0,140.0,140.0,0,0,0,201,0,0,0
train,0347-0043.svg,354,282,0,3,2048,1,0,0.0,0.0,140.0,140.0,7,0,0,347,0,0,0
train,0347-0045.svg,322,126,0,2,2048,1,0,0.0,0.0,140.0,140.0,0,0,0,322,0,0,0
train,0348-0012.svg,1309,775,0,7,2048,1,0,0.0,0.0,140.0,140.0,31,0,0,1278,0,0,0
train,0348-0013.svg,389,12,0,1,2048,1,0,0.0,0.0,140.0,140.0,2,0,0,387,0,0,0
train,0348-0014.svg,406,68,0,2,2048,1,0,0.0,0.0,140.0,140.0,1,0,0,405,0,0,0
train,0348-0020.svg,1336,743,0,8,2048,1,0,0.0,0.0,140.0,140.0,30,0,0,1306,0,0,0
train,0348-0024.svg,1214,720,0,7,2048,1,0,0.0,0.0,140.0,140.0,30,0,0,1184,0,0,0
train,0348-0026.svg,183,132,0,1,2048,1,0,0.0,0.0,140.0,140.0,0,0,0,183,0,0,0
train,0348-0028.svg,961,641,0,7,2048,1,0,0.0,0.0,140.0,140.0,7,0,0,954,0,0,0
train,0348-0032.svg,1558,753,0,8,2048,1,0,0.0,0.0,140.0,140.0,35,0,0,1523,0,0,0
train,0348-0034.svg,322,126,0,3,2048,1,0,0.0,0.0,140.0,140.0,0,0,0,322,0,0,0
train,0348-0038.svg,366,102,0,2,2048,1,0,0.0,0.0,140.0,140.0,12,0,0,354,0,0,0
train,0349-0009.svg,721,199,0,3,2048,1,0,0.0,0.0,140.0,140.0,34,0,0,687,0,0,0
train,0349-0022.svg,762,457,0,7,2048,1,0,0.0,0.0,140.0,140.0,13,0,0,749,0,0,0
train,0349-0023.svg,728,578,0,7,2048,1,0,0.0,0.0,140.0,140.0,8,0,0,720,0,0,0
train,0349-0026.svg,760,577,0,7,2048,1,0,0.0,0.0,140.0,140.0,9,0,0,751,0,0,0
train,0349-0028.svg,562,162,0,3,2048,1,0,0.0,0.0,140.0,140.0,24,0,0,538,0,0,0
train,0349-0029.svg,645,283,0,5,2048,1,0,0.0,0.0,140.0,140.0,33,0,0,612,0,0,0
train,0349-0538.svg,402,211,0,3,2048,1,0,0.0,0.0,140.0,140.0,3,0,0,399,0,0,0
train,0349-0539.svg,325,163,0,4,2048,1,0,0.0,0.0,140.0,140.0,4,0,0,321,0,0,0
train,0349-0553.svg,254,137,0,5,2048,1,0,0.0,0.0,140.0,140.0,1,0,0,253,0,0,0
train,0349-0554.svg,459,205,0,5,2048,1,0,0.0,0.0,140.0,140.0,7,0,0,452,0,0,0
train,0349-0561.svg,143,70,0,4,2048,1,0,0.0,0.0,140.0,140.0,1,0,0,142,0,0,0
train,0349-0582.svg,202,84,0,3,2048,1,0,0.0,0.0,140.0,140.0,0,0,0,202,0,0,0
train,0349-0583.svg,239,158,0,3,2048,1,0,0.0,0.0,140.0,140.0,0,0,0,239,0,0,0
train,0349-0601.svg,131,44,0,3,2048,1,0,0.0,0.0,140.0,140.0,1,0,0,130,0,0,0
train,0349-0603.svg,136,64,0,4,2048,1,0,0.0,0.0,140.0,140.0,1,0,0,135,0,0,0
train,0349-0625.svg,48,12,0,1,2048,1,0,0.0,0.0,140.0,140.0,0,0,0,48,0,0,0
train,0349-0628.svg,110,12,0,1,2048,1,0,0.0,0.0,140.0,140.0,2,0,0,108,0,0,0
train,0349-0641.svg,292,179,0,4,2048,1,0,0.0,0.0,140.0,140.0,0,0,0,292,0,0,0
train,0349-0642.svg,155,106,0,3,2048,1,0,0.0,0.0,140.0,140.0,0,0,0,155,0,0,0
train,0349-0644.svg,100,52,0,3,2048,1,0,0.0,0.0,140.0,140.0,0,0,0,100,0,0,0
train,0349-0649.svg,755,589,0,6,2048,1,0,0.0,0.0,140.0,140.0,14,0,0,741,0,0,0
train,0349-0650.svg,97,8,0,1,2048,1,0,0.0,0.0,140.0,140.0,0,0,0,97,0,0,0
train,0349-0651.svg,41,16,0,2,2048,1,0,0.0,0.0,140.0,140.0,1,0,0,40,0,0,0
train,0349-0670.svg,1090,826,0,8,2048,1,0,0.0,0.0,140.0,140.0,18,0,0,1072,0,0,0
train,0349-0673.svg,177,66,0,3,2048,1,0,0.0,0.0,140.0,140.0,5,0,0,172,0,0,0
train,0349-0674.svg,57,17,0,2,2048,1,0,0.0,0.0,140.0,140.0,2,0,0,55,0,0,0
train,0349-0686.svg,309,190,0,4,2048,1,0,0.0,0.0,140.0,140.0,1,0,0,308,0,0,0
train,0349-0687.svg,161,70,0,4,2048,1,0,0.0,0.0,140.0,140.0,1,0,0,160,0,0,0
train,0349-0688.svg,168,82,0,4,2048,1,0,0.0,0.0,140.0,140.0,1,0,0,167,0,0,0
train,0349-0691.svg,556,307,0,3,2048,1,0,0.0,0.0,140.0,140.0,3,0,0,553,0,0,0
train,0349-0710.svg,106,54,0,3,2048,1,0,0.0,0.0,140.0,140.0,0,0,0,106,0,0,0
train,0349-0713.svg,765,395,0,4,2048,1,0,0.0,0.0,140.0,140.0,6,0,0,759,0,0,0
train,0349-0729.svg,198,85,0,3,2048,1,0,0.0,0.0,140.0,140.0,3,0,0,195,0,0,0
train,0349-0731.svg,151,69,0,2,2048,1,0,0.0,0.0,140.0,140.0,1,0,0,150,0,0,0
train,0349-0751.svg,438,229,0,4,2048,1,0,0.0,0.0,140.0,140.0,3,0,0,435,0,0,0
train,0349-0761.svg,166,52,0,4,2048,1,0,0.0,0.0,140.0,140.0,2,0,0,164,0,0,0
train,0349-0774.svg,291,159,0,5,2048,1,0,0.0,0.0,140.0,140.0,2,0,0,289,0,0,0
train,0349-0801.svg,164,53,0,3,2048,1,0,0.0,0.0,140.0,140.0,6,0,0,158,0,0,0
train,0349-0823.svg,626,345,0,3,2048,1,0,0.0,0.0,140.0,140.0,5,0,0,621,0,0,0
train,0349-0849.svg,571,312,0,3,2048,1,0,0.0,0.0,140.0,140.0,1,0,0,570,0,0,0
train,0349-0865.svg,36,4,0,1,2048,1,0,0.0,0.0,140.0,140.0,0,0,0,36,0,0,0
train,0349-0867.svg,743,404,0,5,2048,1,0,0.0,0.0,140.0,140.0,3,0,0,740,0,0,0
train,0349-0871.svg,123,42,0,3,2048,1,0,0.0,0.0,140.0,140.0,3,0,0,120,0,0,0
train,0349-0906.svg,395,221,0,3,2048,1,0,0.0,0.0,140.0,140.0,2,0,0,393,0,0,0
train,0349-0908.svg,149,63,0,4,2048,1,0,0.0,0.0,140.0,140.0,1,0,0,148,0,0,0
train,0349-0910.svg,182,60,0,2,2048,1,0,0.0,0.0,140.0,140.0,3,0,0,179,0,0,0
train,0349-0911.svg,227,74,0,2,2048,1,0,0.0,0.0,140.0,140.0,6,0,0,221,0,0,0
train,0349-0915.svg,537,294,0,4,2048,1,0,0.0,0.0,140.0,140.0,4,0,0,533,0,0,0
train,0349-0927.svg,281,159,0,4,2048,1,0,0.0,0.0,140.0,140.0,0,0,0,281,0,0,0
train,0349-0929.svg,103,54,0,3,2048,1,0,0.0,0.0,140.0,140.0,0,0,0,103,0,0,0
train,0349-0930.svg,128,62,0,4,2048,1,0,0.0,0.0,140.0,140.0,1,0,0,127,0,0,0
train,0349-0934.svg,28,6,0,1,2048,1,0,0.0,0.0,140.0,140.0,0,0,0,28,0,0,0
train,0349-0955.svg,131,58,0,4,2048,1,0,0.0,0.0,140.0,140.0,1,0,0,130,0,0,0
train,0349-0958.svg,130,65,0,4,2048,1,0,0.0,0.0,140.0,140.0,0,0,0,130,0,0,0
train,0349-0959.svg,133,69,0,4,2048,1,0,0.0,0.0,140.0,140.0,1,0,0,132,0,0,0
train,0349-0979.svg,206,141,0,5,2048,1,0,0.0,0.0,140.0,140.0,1,0,0,205,0,0,0
train,0349-0980.svg,128,59,0,4,2048,1,0,0.0,0.0,140.0,140.0,1,0,0,127,0,0,0
train,0349-0994.svg,1230,753,0,9,2048,1,0,0.0,0.0,140.0,140.0,25,0,0,1205,0,0,0
train,0349-1021.svg,457,236,0,4,2048,1,0,0.0,0.0,140.0,140.0,6,0,0,451,0,0,0
train,0349-1022.svg,414,222,0,4,2048,1,0,0.0,0.0,140.0,140.0,4,0,0,410,0,0,0
train,0349-1023.svg,355,188,0,4,2048,1,0,0.0,0.0,140.0,140.0,4,0,0,351,0,0,0
train,0350-0000.svg,1439,495,0,7,2048,1,0,0.0,0.0,140.0,140.0,61,0,0,1378,0,0,0
train,0350-0003.svg,1794,735,0,8,2048,1,0,0.0,0.0,140.0,140.0,67,0,0,1727,0,0,0
train,0350-0004.svg,953,368,0,5,2048,1,0,0.0,0.0,140.0,140.0,36,0,0,917,0,0,0
train,0350-0006.svg,1702,914,0,10,2048,1,0,0.0,0.0,140.0,140.0,65,0,0,1637,0,0,0
train,0351-0005.svg,858,666,0,9,2048,1,0,0.0,0.0,140.0,140.0,6,0,0,852,0,0,0
train,0351-0013.svg,955,699,0,9,2048,1,0,0.0,0.0,140.0,140.0,7,0,0,948,0,0,0
train,0351-0026.svg,704,288,0,5,2048,1,0,0.0,0.0,140.0,140.0,6,0,0,698,0,0,0
train,0351-0031.svg,1452,835,0,8,2048,1,0,0.0,0.0,140.0,140.0,5,0,0,1447,0,0,0
train,0351-0032.svg,799,303,0,5,2048,1,0,0.0,0.0,140.0,140.0,3,0,0,796,0,0,0
train,0351-0033.svg,497,72,0,1,2048,1,0,0.0,0.0,140.0,140.0,26,0,0,471,0,0,0
train,0351-0035.svg,409,80,0,3,2048,1,0,0.0,0.0,140.0,140.0,24,0,0,385,0,0,0
train,0351-0038.svg,414,289,0,4,2048,1,0,0.0,0.0,140.0,140.0,3,0,0,411,0,0,0
train,0351-0043.svg,1343,719,0,8,2048,1,0,0.0,0.0,140.0,140.0,6,0,0,1337,0,0,0
train,0351-0049.svg,1605,1461,0,8,2048,1,0,0.0,0.0,140.0,140.0,9,0,0,1596,0,0,0
train,0351-0051.svg,220,72,0,1,2048,1,0,0.0,0.0,140.0,140.0,0,0,0,220,0,0,0
train,0351-0057.svg,192,69,0,3,2048,1,0,0.0,0.0,140.0,140.0,0,0,0,192,0,0,0
train,0352-0000.svg,429,121,0,2,2048,1,0,0.0,0.0,140.0,140.0,26,0,0,403,0,0,0
train,0352-0002.svg,296,170,0,5,2048,1,0,0.0,0.0,140.0,140.0,2,0,0,294,0,0,0
train,0352-0010.svg,364,223,0,7,2048,1,0,0.0,0.0,140.0,140.0,12,0,0,352,0,0,0
train,0352-0014.svg,401,234,0,5,2048,1,0,0.0,0.0,140.0,140.0,16,0,0,385,0,0,0
train,0352-0022.svg,266,12,0,1,2048,1,0,0.0,0.0,140.0,140.0,0,0,0,266,0,0,0
train,0352-0024.svg,1498,33,0,2,2048,1,0,0.0,0.0,140.0,140.0,28,0,0,1470,0,0,0
train,0352-0026.svg,200,10,0,1,2048,1,0,0.0,0.0,140.0,140.0,2,0,0,198,0,0,0
train,0352-0032.svg,265,106,0,3,2048,1,0,0.0,0.0,140.0,140.0,8,0,0,257,0,0,0
train,0352-0033.svg,257,76,0,2,2048,1,0,0.0,0.0,140.0,140.0,8,0,0,249,0,0,0
train,0353-0004.svg,1198,943,0,7,2048,1,0,0.0,0.0,140.0,140.0,33,0,0,1165,0,0,0
train,0353-0008.svg,1195,744,0,7,2048,1,0,0.0,0.0,140.0,140.0,35,0,0,1160,0,0,0
train,0353-0011.svg,801,151,0,2,2048,1,0,0.0,0.0,140.0,140.0,52,0,0,749,0,0,0
train,0353-0013.svg,503,201,0,4,2048,1,0,0.0,0.0,140.0,140.0,2,0,0,501,0,0,0
train,0353-0020.svg,1729,720,0,9,2048,1,0,0.0,0.0,140.0,140.0,26,0,0,1703,0,0,0
train,0353-0021.svg,1130,591,0,5,2048,1,0,0.0,0.0,140.0,140.0,28,0,0,1102,0,0,0
train,0353-0025.svg,725,366,0,5,2048,1,0,0.0,0.0,140.0,140.0,0,0,0,725,0,0,0
train,0353-0030.svg,643,64,0,2,2048,1,0,0.0,0.0,140.0,140.0,50,0,0,593,0,0,0
train,0353-0032.svg,411,111,0,3,2048,1,0,0.0,0.0,140.0,140.0,14,0,0,397,0,0,0
train,0354-0001.svg,652,212,0,4,2048,1,0,0.0,0.0,140.0,140.0,27,0,0,625,0,0,0
train,0354-0005.svg,1035,561,0,7,2048,1,0,0.0,0.0,140.0,140.0,21,0,0,1014,0,0,0
train,0354-0017.svg,1185,792,0,8,2048,1,0,0.0,0.0,140.0,140.0,7,0,0,1178,0,0,0
train,0354-0020.svg,152,134,0,1,2048,1,0,0.0,0.0,140.0,140.0,0,0,0,152,0,0,0
train,0354-0021.svg,1275,740,0,9,2048,1,0,0.0,0.0,140.0,140.0,10,0,0,1265,0,0,0
train,0355-0008.svg,1208,872,0,7,2048,1,0,0.0,0.0,140.0,140.0,15,0,0,1193,0,0,0
train,0355-0009.svg,359,290,0,3,2048,1,0,0.0,0.0,140.0,140.0,9,0,0,350,0,0,0
train,0355-0020.svg,566,524,0,1,2048,1,0,0.0,0.0,140.0,140.0,2,0,0,564,0,0,0
train,0355-0021.svg,1820,255,0,4,2048,1,0,0.0,0.0,140.0,140.0,36,0,0,1784,0,0,0
train,0355-0022.svg,1386,78,0,3,2048,1,0,0.0,0.0,140.0,140.0,26,0,0,1360,0,0,0
train,0355-0030.svg,1377,564,0,8,2048,1,0,0.0,0.0,140.0,140.0,3,0,0,1374,0,0,0
train,0355-0037.svg,792,322,0,6,2048,1,0,0.0,0.0,140.0,140.0,5,0,0,787,0,0,0
train,0356-0000.svg,1156,670,0,12,2048,1,0,0.0,0.0,140.0,140.0,44,0,0,1112,0,0,0
train,0356-0003.svg,1027,625,0,8,2048,1,0,0.0,0.0,140.0,140.0,9,0,0,1018,0,0,0
train,0356-0006.svg,953,677,0,7,2048,1,0,0.0,0.0,140.0,140.0,9,0,0,944,0,0,0
train,0356-0017.svg,166,151,0,4,2048,1,0,0.0,0.0,140.0,140.0,0,0,0,166,0,0,0
train,0356-0018.svg,1459,1115,0,10,2048,1,0,0.0,0.0,140.0,140.0,18,0,0,1441,0,0,0
train,0356-0020.svg,776,191,0,4,2048,1,0,0.0,0.0,140.0,140.0,26,0,0,750,0,0,0
train,0357-0005.svg,202,114,0,1,2048,1,0,0.0,0.0,140.0,140.0,0,0,0,202,0,0,0
train,0357-0007.svg,1502,1277,0,7,2048,1,0,0.0,0.0,140.0,140.0,2,0,0,1500,0,0,0
train,0357-0011.svg,831,278,0,7,2048,1,0,0.0,0.0,140.0,140.0,31,0,0,800,0,0,0
train,0357-0012.svg,1150,579,0,10,2048,1,0,0.0,0.0,140.0,140.0,49,5,0,1096,0,0,0
train,0357-0013.svg,1612,1263,0,7,2048,1,0,0.0,0.0,140.0,140.0,2,0,0,1610,0,0,0
train,0357-0016.svg,703,248,0,9,2048,1,0,0.0,0.0,140.0,140.0,27,0,0,676,0,0,0
train,0357-0019.svg,1634,1342,0,7,2048,1,0,0.0,0.0,140.0,140.0,2,0,0,1632,0,0,0
train,0357-0027.svg,395,87,0,2,2048,1,0,0.0,0.0,140.0,140.0,5,0,0,390,0,0,0
train,0357-0028.svg,297,93,0,4,2048,1,0,0.0,0.0,140.0,140.0,5,0,0,292,0,0,0
train,0357-0038.svg,268,115,0,3,2048,1,0,0.0,0.0,140.0,140.0,6,0,0,262,0,0,0
train,0357-0039.svg,263,80,0,3,2048,1,0,0.0,0.0,140.0,140.0,11,0,0,252,0,0,0
train,0357-0041.svg,492,69,0,2,2048,1,0,0.0,0.0,140.0,140.0,36,0,0,456,0,0,0
train,0358-0003.svg,8288,522,0,3,2048,5,0,0.0,0.0,140.0,140.0,3,4,0,8281,0,0,0
train,0358-0009.svg,7019,488,0,5,2048,4,0,0.0,0.0,140.0,140.0,0,8,0,7011,0,0,0
train,0358-0013.svg,1491,197,0,6,2048,1,0,0.0,0.0,140.0,140.0,2,0,0,1489,0,0,0
train,0358-0014.svg,7165,77,0,2,2048,4,0,0.0,0.0,140.0,140.0,2,0,0,7163,0,0,0
train,0358-0015.svg,6281,494,0,7,2048,4,0,0.0,0.0,140.0,140.0,0,6,0,6275,0,0,0
train,0358-0016.svg,1330,566,0,7,2048,1,0,0.0,0.0,140.0,140.0,0,6,0,1324,0,0,0
train,0358-0023.svg,7266,77,0,2,2048,4,0,0.0,0.0,140.0,140.0,0,0,0,7266,0,0,0
train,0358-0049.svg,6778,107,0,6,2048,4,0,0.0,0.0,140.0,140.0,0,0,0,6778,0,0,0
train,0358-0050.svg,7585,38,0,3,2048,4,0,0.0,0.0,140.0,140.0,0,0,0,7585,0,0,0
train,0359-0003.svg,7159,348,0,2,2048,4,0,0.0,0.0,140.0,140.0,0,8,0,7151,0,0,0
train,0359-0004.svg,3755,1369,0,5,2048,2,0,0.0,0.0,140.0,140.0,7,4,0,3744,0,0,0
train,0359-0005.svg,6414,370,0,4,2048,4,0,0.0,0.0,140.0,140.0,0,8,0,6406,0,0,0
train,0359-0008.svg,6557,364,0,2,2048,4,0,0.0,0.0,140.0,140.0,0,8,0,6549,0,0,0
train,0360-0004.svg,3765,697,0,8,2048,2,0,0.0,0.0,140.0,140.0,7,4,0,3754,0,0,0
train,0360-0005.svg,7189,368,0,4,2048,4,0,0.0,0.0,140.0,140.0,0,8,0,7181,0,0,0
train,0361-0004.svg,5806,209,0,5,2048,3,0,0.0,0.0,140.0,140.0,7,4,0,5795,0,0,0
train,0361-0010.svg,1549,587,0,7,2048,1,0,0.0,0.0,140.0,140.0,0,8,0,1541,0,0,0
train,0361-0016.svg,1327,534,0,5,2048,1,0,0.0,0.0,140.0,140.0,0,6,0,1321,0,0,0
train,0361-0022.svg,3919,1096,0,4,2048,2,0,0.0,0.0,140.0,140.0,7,6,0,3906,0,0,0
train,0361-0028.svg,3059,55,0,3,2048,2,0,0.0,0.0,140.0,140.0,0,1,0,3058,0,0,0
train,0361-0042.svg,1140,8,0,1,2048,1,0,0.0,0.0,140.0,140.0,0,0,0,1140,0,0,0
train,0362-0009.svg,7025,495,0,6,2048,4,0,0.0,0.0,140.0,140.0,0,8,0,7017,0,0,0
train,0362-0016.svg,1327,575,0,7,2048,1,0,0.0,0.0,140.0,140.0,0,6,0,1321,0,0,0
train,0362-0022.svg,3919,1098,0,5,2048,2,0,0.0,0.0,140.0,140.0,7,6,0,3906,0,0,0
train,0362-0026.svg,5224,87,0,4,2048,3,0,0.0,0.0,140.0,140.0,0,0,0,5224,0,0,0
train,0362-0042.svg,6324,51,0,3,2048,4,0,0.0,0.0,140.0,140.0,0,0,0,6324,0,0,0
train,0362-0043.svg,61,42,0,2,2048,1,0,0.0,0.0,140.0,140.0,0,0,0,61,0,0,0
train,0362-0048.svg,5897,2701,0,4,2048,3,0,0.0,0.0,140.0,140.0,0,0,0,5897,0,0,0
train,0363-0002.svg,1663,137,0,2,2048,1,0,0.0,0.0,140.0,140.0,8,0,0,1655,0,0,0
train,0363-0003.svg,5709,66,0,3,2048,3,0,0.0,0.0,140.0,140.0,3,0,0,5706,0,0,0
train,0363-0009.svg,4323,307,0,8,2048,3,0,0.0,0.0,140.0,140.0,0,0,0,4323,0,0,0
train,0363-0020.svg,298,231,0,7,2048,1,0,0.0,0.0,140.0,140.0,0,0,0,298,0,0,0
train,0363-0028.svg,321,11,0,1,2048,1,0,0.0,0.0,140.0,140.0,0,0,0,321,0,0,0
train,0363-0029.svg,160,8,0,1,2048,1,0,0.0,0.0,140.0,140.0,0,0,0,160,0,0,0
train,0363-0042.svg,578,110,0,3,2048,1,0,0.0,0.0,140.0,140.0,0,0,0,578,0,0,0
train,0363-0049.svg,2670,88,0,4,2048,2,0,0.0,0.0,140.0,140.0,0,0,0,2670,0,0,0
train,0364-0006.svg,1206,818,0,15,2048,1,0,0.0,0.0,140.0,140.0,22,0,0,1184,0,0,0
train,0364-0013.svg,2309,333,0,7,2048,2,0,0.0,0.0,140.0,140.0,0,0,0,2309,0,0,0
train,0364-0017.svg,1347,795,0,12,2048,1,0,0.0,0.0,140.0,140.0,54,0,0,1293,0,0,0
train,0364-0019.svg,1503,441,0,7,2048,1,0,0.0,0.0,140.0,140.0,0,0,0,1503,0,0,0
train,0364-0028.svg,1238,162,0,4,2048,1,0,0.0,0.0,140.0,140.0,2,0,0,1236,0,0,0
train,0364-0038.svg,19744,132,0,3,2048,10,0,0.0,0.0,140.0,140.0,0,0,0,19744,0,0,0
train,0364-0042.svg,706,410,0,5,2048,1,0,0.0,0.0,140.0,140.0,0,0,0,706,0,0,0
train,0364-0044.svg,11623,52,0,1,2048,6,0,0.0,0.0,140.0,140.0,0,0,0,11623,0,0,0
train,0364-0048.svg,374,46,0,2,2048,1,0,0.0,0.0,140.0,140.0,0,0,0,374,0,0,0
train,0364-0049.svg,1003,119,0,5,2048,1,0,0.0,0.0,140.0,140.0,0,0,0,1003,0,0,0
train,0365-0004.svg,18724,4,0,1,2048,10,0,0.0,0.0,140.0,140.0,0,0,0,18724,0,0,0
train,0365-0005.svg,14759,29,0,2,2048,8,0,0.0,0.0,140.0,140.0,0,0,0,14759,0,0,0
train,0365-0012.svg,2013,1387,0,15,2048,1,0,0.0,0.0,140.0,140.0,51,0,0,1962,0,0,0
train,0365-0015.svg,16572,312,0,4,2048,9,0,0.0,0.0,140.0,140.0,0,0,0,16572,0,0,0
train,0365-0016.svg,28945,137,0,5,2048,15,0,0.0,0.0,140.0,140.0,0,0,0,28945,0,0,0
train,0365-0018.svg,14940,99,0,4,2048,8,0,0.0,0.0,140.0,140.0,0,0,0,14940,0,0,0
train,0365-0023.svg,658,204,0,6,2048,1,0,0.0,0.0,140.0,140.0,19,0,0,639,0,0,0
train,0365-0028.svg,344,90,0,5,2048,1,0,0.0,0.0,140.0,140.0,11,0,0,333,0,0,0
train,0366-0000.svg,372,7,0,1,2048,1,0,0.0,0.0,140.0,140.0,0,0,0,372,0,0,0
train,0366-0004.svg,15161,30,0,2,2048,8,0,0.0,0.0,140.0,140.0,0,0,0,15161,0,0,0
train,0366-0008.svg,11457,24,0,2,2048,6,0,0.0,0.0,140.0,140.0,0,0,0,11457,0,0,0
train,0366-0009.svg,3291,917,0,5,2048,2,0,0.0,0.0,140.0,140.0,8,0,0,3283,0,0,0
train,0366-0019.svg,21909,247,0,8,2048,11,0,0.0,0.0,140.0,140.0,0,0,0,21909,0,0,0
train,0366-0022.svg,11974,47,0,1,2048,6,0,0.0,0.0,140.0,140.0,51,0,0,11923,0,0,0
train,0367-0000.svg,2858,11,0,2,2048,2,0,0.0,0.0,140.0,140.0,0,0,0,2858,0,0,0
train,0367-0001.svg,470,60,0,2,2048,1,0,0.0,0.0,140.0,140.0,13,0,0,457,0,0,0
train,0367-0005.svg,207,189,0,3,2048,1,0,0.0,0.0,140.0,140.0,0,0,0,207,0,0,0
train,0367-0007.svg,226,21,0,2,2048,1,0,0.0,0.0,140.0,140.0,1,0,0,225,0,0,0
train,0367-0012.svg,684,56,0,3,2048,1,0,0.0,0.0,140.0,140.0,0,0,0,684,0,0,0
train,0367-0015.svg,904,212,0,3,2048,1,0,0.0,0.0,140.0,140.0,0,0,0,904,0,0,0
train,0367-0017.svg,218,157,0,5,2048,1,0,0.0,0.0,140.0,140.0,0,0,0,218,0,0,0
train,0367-0019.svg,1044,239,0,8,2048,1,0,0.0,0.0,140.0,140.0,0,0,0,1044,0,0,0
train,0367-0026.svg,430,13,0,1,2048,1,0,0.0,0.0,140.0,140.0,0,0,0,430,0,0,0
train,0368-0001.svg,427,93,0,5,2048,1,0,0.0,0.0,140.0,140.0,0,0,0,427,0,0,0
train,0368-0002.svg,293,9,0,1,2048,1,0,0.0,0.0,140.0,140.0,0,0,0,293,0,0,0
train,0368-0005.svg,576,238,0,4,2048,1,0,0.0,0.0,140.0,140.0,0,0,0,576,0,0,0
train,0368-0008.svg,714,48,0,3,2048,1,0,0.0,0.0,140.0,140.0,0,0,0,714,0,0,0
train,0368-0011.svg,201,4,0,1,2048,1,0,0.0,0.0,140.0,140.0,0,0,0,201,0,0,0
train,0368-0015.svg,865,203,0,3,2048,1,0,0.0,0.0,140.0,140.0,0,0,0,865,0,0,0
train,0368-0019.svg,980,251,0,7,2048,1,0,0.0,0.0,140.0,140.0,0,0,0,980,0,0,0
train,0368-0024.svg,125,12,0,1,2048,1,0,0.0,0.0,140.0,140.0,0,0,0,125,0,0,0
train,0369-0004.svg,3119,2485,0,12,2048,2,0,0.0,0.0,140.0,140.0,54,5,0,3060,0,0,0
train,0369-0005.svg,1569,39,0,2,2048,1,0,0.0,0.0,140.0,140.0,12,0,0,1557,0,0,0
train,0369-0006.svg,1383,892,0,13,2048,1,0,0.0,0.0,140.0,140.0,45,6,0,1332,0,0,0
train,0369-0009.svg,895,459,0,9,2048,1,0,0.0,0.0,140.0,140.0,28,3,0,864,0,0,0
train,0369-0018.svg,188,5,0,1,2048,1,0,0.0,0.0,140.0,140.0,0,0,0,188,0,0,0
train,0369-0020.svg,696,491,0,6,2048,1,0,0.0,0.0,140.0,140.0,0,0,0,696,0,0,0
train,0369-0021.svg,655,212,0,7,2048,1,0,0.0,0.0,140.0,140.0,4,0,0,651,0,0,0
train,0369-0029.svg,163,80,0,1,2048,1,0,0.0,0.0,140.0,140.0,0,0,0,163,0,0,0
train,0369-0030.svg,58,11,0,1,2048,1,0,0.0,0.0,140.0,140.0,2,0,0,56,0,0,0
train,0369-0041.svg,299,136,0,3,2048,1,0,0.0,0.0,140.0,140.0,2,0,0,297,0,0,0
train,0369-0042.svg,281,118,0,3,2048,1,0,0.0,0.0,140.0,140.0,1,0,0,280,0,0,0
train,0369-0049.svg,678,307,0,6,2048,1,0,0.0,0.0,140.0,140.0,0,0,0,678,0,0,0
train,0369-0052.svg,70,28,0,3,2048,1,0,0.0,0.0,140.0,140.0,0,0,0,70,0,0,0
train,0370-0007.svg,1965,262,0,4,2048,1,0,0.0,0.0,140.0,140.0,12,0,0,1953,0,0,0
train,0370-0009.svg,221,75,0,2,2048,1,0,0.0,0.0,140.0,140.0,0,0,0,221,0,0,0
train,0370-0014.svg,579,276,0,5,2048,1,0,0.0,0.0,140.0,140.0,5,0,0,574,0,0,0
train,0370-0015.svg,662,298,0,5,2048,1,0,0.0,0.0,140.0,140.0,3,0,0,659,0,0,0
train,0370-0018.svg,1764,83,0,2,2048,1,0,0.0,0.0,140.0,140.0,1,0,0,1763,0,0,0
train,0370-0020.svg,689,163,0,3,2048,1,0,0.0,0.0,140.0,140.0,2,0,0,687,0,0,0
train,0370-0021.svg,2682,116,0,2,2048,2,0,0.0,0.0,140.0,140.0,2,0,0,2680,0,0,0
train,0370-0035.svg,245,15,0,1,2048,1,0,0.0,0.0,140.0,140.0,0,0,0,245,0,0,0
train,0370-0040.svg,232,62,0,4,2048,1,0,0.0,0.0,140.0,140.0,0,0,0,232,0,0,0
train,0370-0049.svg,994,753,0,5,2048,1,0,0.0,0.0,140.0,140.0,2,0,0,992,0,0,0
train,0370-0055.svg,3132,624,0,5,2048,2,0,0.0,0.0,140.0,140.0,27,27,0,3078,0,0,0
train,0370-0056.svg,4324,362,0,3,2048,3,0,0.0,0.0,140.0,140.0,53,45,0,4226,0,0,0
train,0370-0066.svg,966,64,0,2,2048,1,0,0.0,0.0,140.0,140.0,2,0,0,964,0,0,0
train,0370-0074.svg,212,58,0,2,2048,1,0,0.0,0.0,140.0,140.0,0,0,0,212,0,0,0
train,0370-0084.svg,93,18,0,1,2048,1,0,0.0,0.0,140.0,140.0,1,0,0,92,0,0,0
train,0370-0086.svg,685,69,0,2,2048,1,0,0.0,0.0,140.0,140.0,2,0,0,683,0,0,0
train,0370-0087.svg,123,30,0,3,2048,1,0,0.0,0.0,140.0,140.0,2,0,0,121,0,0,0
train,0370-0090.svg,25,14,0,2,2048,1,0,0.0,0.0,140.0,140.0,0,0,0,25,0,0,0
train,0370-0097.svg,123,88,0,1,2048,1,0,0.0,0.0,140.0,140.0,3,0,0,120,0,0,0
train,0370-0098.svg,201,164,0,2,2048,1,0,0.0,0.0,140.0,140.0,2,0,0,199,0,0,0
train,0371-0006.svg,550,237,0,8,2048,1,0,0.0,0.0,140.0,140.0,11,0,0,539,0,0,0
train,0371-0020.svg,696,487,0,3,2048,1,0,0.0,0.0,140.0,140.0,0,0,0,696,0,0,0
train,0371-0021.svg,655,204,0,5,2048,1,0,0.0,0.0,140.0,140.0,4,0,0,651,0,0,0
train,0371-0022.svg,470,270,0,5,2048,1,0,0.0,0.0,140.0,140.0,2,0,0,468,0,0,0
train,0371-0029.svg,163,92,0,2,2048,1,0,0.0,0.0,140.0,140.0,0,0,0,163,0,0,0
train,0371-0041.svg,299,120,0,3,2048,1,0,0.0,0.0,140.0,140.0,2,0,0,297,0,0,0
train,0371-0042.svg,281,139,0,2,2048,1,0,0.0,0.0,140.0,140.0,1,0,0,280,0,0,0
train,0371-0047.svg,658,6,0,1,2048,1,0,0.0,0.0,140.0,140.0,0,0,0,658,0,0,0
train,0371-0049.svg,678,527,0,6,2048,1,0,0.0,0.0,140.0,140.0,0,0,0,678,0,0,0
train,0371-0058.svg,549,183,0,4,2048,1,0,0.0,0.0,140.0,140.0,2,0,0,547,0,0,0
train,0371-0070.svg,275,82,0,5,2048,1,0,0.0,0.0,140.0,140.0,2,0,0,273,0,0,0
train,0372-0005.svg,104,33,0,2,2048,1,0,0.0,0.0,140.0,140.0,1,0,0,103,0,0,0
train,0372-0010.svg,524,272,0,3,2048,1,0,0.0,0.0,140.0,140.0,4,0,0,520,0,0,0
train,0372-0011.svg,2271,1101,0,7,2048,2,0,0.0,0.0,140.0,140.0,7,0,0,2264,0,0,0
train,0372-0012.svg,11496,2985,0,13,2048,6,0,0.0,0.0,140.0,140.0,51,1,0,11444,0,0,0
train,0372-0013.svg,7765,1391,0,9,2048,4,0,0.0,0.0,140.0,140.0,28,1,0,7736,0,0,0
train,0372-0015.svg,3300,45,0,2,2048,2,0,0.0,0.0,140.0,140.0,26,0,0,3274,0,0,0
train,0372-0021.svg,649,443,0,7,2048,1,0,0.0,0.0,140.0,140.0,3,0,0,646,0,0,0
train,0372-0022.svg,521,329,0,5,2048,1,0,0.0,0.0,140.0,140.0,3,0,0,518,0,0,0
train,0372-0023.svg,350,179,0,5,2048,1,0,0.0,0.0,140.0,140.0,4,0,0,346,0,0,0
train,0372-0024.svg,1698,115,0,4,2048,1,0,0.0,0.0,140.0,140.0,14,0,0,1684,0,0,0
train,0372-0025.svg,977,635,0,5,2048,1,0,0.0,0.0,140.0,140.0,18,0,0,959,0,0,0
train,0372-0038.svg,207,139,0,2,2048,1,0,0.0,0.0,140.0,140.0,0,0,0,207,0,0,0
train,0372-0043.svg,1096,834,0,5,2048,1,0,0.0,0.0,140.0,140.0,15,0,0,1081,0,0,0
train,0372-0046.svg,260,104,0,4,2048,1,0,0.0,0.0,140.0,140.0,1,0,0,259,0,0,0
train,0372-0052.svg,259,126,0,5,2048,1,0,0.0,0.0,140.0,140.0,4,0,0,255,0,0,0
train,0372-0057.svg,552,345,0,5,2048,1,0,0.0,0.0,140.0,140.0,1,0,0,551,0,0,0
train,0372-0065.svg,652,271,0,9,2048,1,0,0.0,0.0,140.0,140.0,2,0,0,650,0,0,0
train,0372-0066.svg,657,250,0,8,2048,1,0,0.0,0.0,140.0,140.0,4,0,0,653,0,0,0
train,0373-0001.svg,751,524,0,3,2048,1,0,0.0,0.0,140.0,140.0,7,0,0,744,0,0,0
train,0373-0006.svg,715,357,0,6,2048,1,0,0.0,0.0,140.0,140.0,7,0,0,708,0,0,0
train,0373-0009.svg,332,65,0,2,2048,1,0,0.0,0.0,140.0,140.0,1,0,0,331,0,0,0
train,0373-0010.svg,1948,757,0,8,2048,1,0,0.0,0.0,140.0,140.0,3,0,0,1945,0,0,0
train,0373-0011.svg,342,107,0,5,2048,1,0,0.0,0.0,140.0,140.0,0,0,0,342,0,0,0
train,0373-0015.svg,85,42,0,2,2048,1,0,0.0,0.0,140.0,140.0,0,0,0,85,0,0,0
train,0373-0025.svg,220,30,0,2,2048,1,0,0.0,0.0,140.0,140.0,0,0,0,220,0,0,0
train,0373-0029.svg,888,445,0,9,2048,1,0,0.0,0.0,140.0,140.0,25,0,0,863,0,0,0
train,0373-0030.svg,586,383,0,8,2048,1,0,0.0,0.0,140.0,140.0,0,0,0,586,0,0,0
train,0373-0038.svg,334,133,0,4,2048,1,0,0.0,0.0,140.0,140.0,0,0,0,334,0,0,0
train,0374-0001.svg,803,483,0,7,2048,1,0,0.0,0.0,140.0,140.0,19,3,0,781,0,0,0
train,0374-0004.svg,2441,1686,0,9,2048,2,0,0.0,0.0,140.0,140.0,90,5,0,2346,0,0,0
train,0374-0008.svg,528,120,0,4,2048,1,0,0.0,0.0,140.0,140.0,1,0,0,527,0,0,0
train,0374-0009.svg,594,426,0,5,2048,1,0,0.0,0.0,140.0,140.0,3,0,0,591,0,0,0
train,0374-0010.svg,509,195,0,8,2048,1,0,0.0,0.0,140.0,140.0,3,0,0,506,0,0,0
train,0374-0012.svg,698,74,0,3,2048,1,0,0.0,0.0,140.0,140.0,4,0,0,694,0,0,0
train,0374-0014.svg,243,68,0,4,2048,1,0,0.0,0.0,140.0,140.0,0,0,0,243,0,0,0
train,0374-0016.svg,377,98,0,3,2048,1,0,0.0,0.0,140.0,140.0,0,0,0,377,0,0,0
train,0374-0018.svg,225,82,0,4,2048,1,0,0.0,0.0,140.0,140.0,4,0,0,221,0,0,0
train,0374-0019.svg,237,50,0,4,2048,1,0,0.0,0.0,140.0,140.0,0,0,0,237,0,0,0
train,0375-0000.svg,250,155,0,7,2048,1,0,0.0,0.0,140.0,140.0,5,0,0,245,0,0,0
train,0375-0005.svg,181,28,0,1,2048,1,0,0.0,0.0,140.0,140.0,1,0,0,180,0,0,0
train,0375-0011.svg,1856,1490,0,10,2048,1,0,0.0,0.0,140.0,140.0,11,0,0,1845,0,0,0
train,0375-0012.svg,418,233,0,7,2048,1,0,0.0,0.0,140.0,140.0,3,0,0,415,0,0,0
train,0375-0020.svg,569,317,0,6,2048,1,0,0.0,0.0,140.0,140.0,2,0,0,567,0,0,0
train,0375-0029.svg,622,398,0,6,2048,1,0,0.0,0.0,140.0,140.0,2,0,0,620,0,0,0
train,0375-0031.svg,770,534,0,7,2048,1,0,0.0,0.0,140.0,140.0,1,0,0,769,0,0,0
train,0375-0032.svg,3867,916,0,8,2048,2,0,0.0,0.0,140.0,140.0,27,12,0,3828,0,0,0
train,0375-0040.svg,483,70,0,2,2048,1,0,0.0,0.0,140.0,140.0,0,0,0,483,0,0,0
train,0375-0043.svg,649,47,0,3,2048,1,0,0.0,0.0,140.0,140.0,2,0,0,647,0,0,0
train,0376-0000.svg,1086,575,0,11,2048,1,0,0.0,0.0,140.0,140.0,31,0,0,1055,0,0,0
train,0376-0008.svg,1251,678,0,11,2048,1,0,0.0,0.0,140.0,140.0,45,0,0,1206,0,0,0
train,0376-0012.svg,576,284,0,4,2048,1,0,0.0,0.0,140.0,140.0,1,0,0,575,0,0,0
train,0376-0013.svg,3423,305,0,4,2048,2,0,0.0,0.0,140.0,140.0,3,0,0,3420,0,0,0
train,0376-0014.svg,10424,2895,0,6,2048,6,0,0.0,0.0,140.0,140.0,77,1,0,10346,0,0,0
train,0376-0015.svg,10106,2129,0,5,2048,5,0,0.0,0.0,140.0,140.0,47,2,0,10057,0,0,0
train,0376-0022.svg,2899,1821,0,7,2048,2,0,0.0,0.0,140.0,140.0,4,0,0,2895,0,0,0
train,0376-0023.svg,3047,1491,0,8,2048,2,0,0.0,0.0,140.0,140.0,29,1,0,3017,0,0,0
train,0376-0030.svg,625,289,0,5,2048,1,0,0.0,0.0,140.0,140.0,1,0,0,624,0,0,0
train,0376-0037.svg,145,16,0,2,2048,1,0,0.0,0.0,140.0,140.0,3,0,0,142,0,0,0
train,0376-0039.svg,194,21,0,2,2048,1,0,0.0,0.0,140.0,140.0,4,0,0,190,0,0,0
train,0376-0041.svg,204,33,0,2,2048,1,0,0.0,0.0,140.0,140.0,0,0,0,204,0,0,0
train,0376-0045.svg,462,122,0,3,2048,1,0,0.0,0.0,140.0,140.0,3,0,0,459,0,0,0
train,0376-0051.svg,579,372,0,7,2048,1,0,0.0,0.0,140.0,140.0,3,0,0,576,0,0,0
train,0376-0076.svg,522,86,0,3,2048,1,0,0.0,0.0,140.0,140.0,4,0,0,518,0,0,0
train,0376-0087.svg,304,169,0,4,2048,1,0,0.0,0.0,140.0,140.0,1,0,0,303,0,0,0
train,0376-0095.svg,1078,83,0,4,2048,1,0,0.0,0.0,140.0,140.0,3,0,0,1075,0,0,0
train,0376-0119.svg,156,50,0,3,2048,1,0,0.0,0.0,140.0,140.0,1,0,0,155,0,0,0
train,0377-0011.svg,114,29,0,3,2048,1,0,0.0,0.0,140.0,140.0,0,0,0,114,0,0,0
train,0377-0016.svg,426,71,0,4,2048,1,0,0.0,0.0,140.0,140.0,1,0,0,425,0,0,0
train,0377-0017.svg,665,144,0,4,2048,1,0,0.0,0.0,140.0,140.0,1,0,0,664,0,0,0
train,0377-0021.svg,320,80,0,4,2048,1,0,0.0,0.0,140.0,140.0,0,0,0,320,0,0,0
train,0377-0027.svg,488,181,0,6,2048,1,0,0.0,0.0,140.0,140.0,0,0,0,488,0,0,0
train,0377-0029.svg,207,55,0,4,2048,1,0,0.0,0.0,140.0,140.0,0,0,0,207,0,0,0
train,0377-0031.svg,460,97,0,6,2048,1,0,0.0,0.0,140.0,140.0,3,0,0,457,0,0,0
train,0377-0033.svg,484,202,0,5,2048,1,0,0.0,0.0,140.0,140.0,1,0,0,483,0,0,0
train,0377-0045.svg,438,69,0,5,2048,1,0,0.0,0.0,140.0,140.0,4,0,0,434,0,0,0
train,0378-0001.svg,234,68,0,5,2048,1,0,0.0,0.0,140.0,140.0,1,0,0,233,0,0,0
train,0378-0010.svg,373,107,0,4,2048,1,0,0.0,0.0,140.0,140.0,2,0,0,371,0,0,0
train,0378-0013.svg,539,156,0,6,2048,1,0,0.0,0.0,140.0,140.0,1,0,0,538,0,0,0
train,0378-0015.svg,305,203,0,3,2048,1,0,0.0,0.0,140.0,140.0,2,0,0,303,0,0,0
train,0378-0016.svg,542,220,0,5,2048,1,0,0.0,0.0,140.0,140.0,3,0,0,539,0,0,0
train,0378-0020.svg,389,201,0,6,2048,1,0,0.0,0.0,140.0,140.0,2,0,0,387,0,0,0
train,0378-0024.svg,33,12,0,2,2048,1,0,0.0,0.0,140.0,140.0,0,0,0,33,0,0,0
train,0378-0027.svg,180,70,0,1,2048,1,0,0.0,0.0,140.0,140.0,0,0,0,180,0,0,0
train,0378-0111.svg,125,19,0,1,2048,1,0,0.0,0.0,140.0,140.0,1,0,0,124,0,0,0
train,0379-0001.svg,148,33,0,1,2048,1,0,0.0,0.0,140.0,140.0,2,0,0,146,0,0,0
train,0379-0004.svg,5463,825,0,4,2048,3,0,0.0,0.0,140.0,140.0,13,0,0,5450,0,0,0
train,0379-0013.svg,7765,3629,0,11,2048,4,0,0.0,0.0,140.0,140.0,28,1,0,7736,0,0,0
train,0379-0016.svg,324,2,0,1,2048,1,0,0.0,0.0,140.0,140.0,12,0,0,312,0,0,0
train,0379-0019.svg,175,4,0,2,2048,1,0,0.0,0.0,140.0,140.0,8,0,0,167,0,0,0
train,0379-0021.svg,649,418,0,7,2048,1,0,0.0,0.0,140.0,140.0,3,0,0,646,0,0,0
train,0379-0022.svg,249,19,0,1,2048,1,0,0.0,0.0,140.0,140.0,4,0,0,245,0,0,0
train,0379-0023.svg,475,29,0,1,2048,1,0,0.0,0.0,140.0,140.0,14,0,0,461,0,0,0
train,0379-0033.svg,272,92,0,4,2048,1,0,0.0,0.0,140.0,140.0,2,0,0,270,0,0,0
train,0379-0037.svg,815,28,0,1,2048,1,0,0.0,0.0,140.0,140.0,16,0,0,799,0,0,0
train,0379-0038.svg,207,136,0,2,2048,1,0,0.0,0.0,140.0,140.0,0,0,0,207,0,0,0
train,0379-0047.svg,191,106,0,2,2048,1,0,0.0,0.0,140.0,140.0,1,0,0,190,0,0,0
train,0379-0053.svg,873,29,0,2,2048,1,0,0.0,0.0,140.0,140.0,10,0,0,863,0,0,0
train,0379-0057.svg,552,265,0,7,2048,1,0,0.0,0.0,140.0,140.0,1,0,0,551,0,0,0
train,0379-0065.svg,652,264,0,8,2048,1,0,0.0,0.0,140.0,140.0,2,0,0,650,0,0,0
train,0380-0012.svg,205,9,0,1,2048,1,0,0.0,0.0,140.0,140.0,2,0,0,203,0,0,0
train,0380-0016.svg,129,10,0,3,2048,1,0,0.0,0.0,140.0,140.0,1,0,0,128,0,0,0
train,0380-0023.svg,113,25,0,2,2048,1,0,0.0,0.0,140.0,140.0,3,0,0,110,0,0,0
train,0380-0025.svg,392,157,0,7,2048,1,0,0.0,0.0,140.0,140.0,3,0,0,389,0,0,0
train,0380-0026.svg,364,176,0,6,2048,1,0,0.0,0.0,140.0,140.0,1,0,0,363,0,0,0
train,0380-0027.svg,352,80,0,5,2048,1,0,0.0,0.0,140.0,140.0,1,0,0,351,0,0,0
train,0380-0031.svg,344,138,0,5,2048,1,0,0.0,0.0,140.0,140.0,2,0,0,342,0,0,0
train,0380-0044.svg,39,14,0,2,2048,1,0,0.0,0.0,140.0,140.0,0,0,0,39,0,0,0
train,0381-0000.svg,855,587,0,9,2048,1,0,0.0,0.0,140.0,140.0,37,0,0,818,0,0,0
train,0381-0001.svg,1160,815,0,9,2048,1,0,0.0,0.0,140.0,140.0,26,0,0,1134,0,0,0
train,0381-0003.svg,97,32,0,2,2048,1,0,0.0,0.0,140.0,140.0,0,0,0,97,0,0,0
train,0381-0006.svg,1495,533,0,10,2048,1,0,0.0,0.0,140.0,140.0,58,0,0,1437,0,0,0
train,0381-0015.svg,111,36,0,2,2048,1,0,0.0,0.0,140.0,140.0,0,0,0,111,0,0,0
train,0381-0017.svg,288,149,0,7,2048,1,0,0.0,0.0,140.0,140.0,0,0,0,288,0,0,0
train,0381-0018.svg,246,131,0,7,2048,1,0,0.0,0.0,140.0,140.0,0,0,0,246,0,0,0
train,0381-0027.svg,151,83,0,3,2048,1,0,0.0,0.0,140.0,140.0,0,0,0,151,0,0,0
train,0381-0028.svg,276,154,0,5,2048,1,0,0.0,0.0,140.0,140.0,9,0,0,267,0,0,0
train,0381-0031.svg,415,281,0,5,2048,1,0,0.0,0.0,140.0,140.0,15,0,0,400,0,0,0
train,0381-0032.svg,127,53,0,4,2048,1,0,0.0,0.0,140.0,140.0,4,0,0,123,0,0,0
train,0381-0039.svg,267,125,0,3,2048,1,0,0.0,0.0,140.0,140.0,0,0,0,267,0,0,0
train,0381-0040.svg,550,346,0,7,2048,1,0,0.0,0.0,140.0,140.0,16,0,0,534,0,0,0
train,0381-0043.svg,421,255,0,6,2048,1,0,0.0,0.0,140.0,140.0,12,0,0,409,0,0,0
train,0381-0044.svg,586,392,0,6,2048,1,0,0.0,0.0,140.0,140.0,22,0,0,564,0,0,0
train,0381-0050.svg,293,142,0,3,2048,1,0,0.0,0.0,140.0,140.0,1,0,0,292,0,0,0
train,0381-0052.svg,375,287,0,8,2048,1,0,0.0,0.0,140.0,140.0,11,0,0,364,0,0,0
train,0381-0053.svg,61,31,0,2,2048,1,0,0.0,0.0,140.0,140.0,2,0,0,59,0,0,0
train,0381-0066.svg,145,77,0,4,2048,1,0,0.0,0.0,140.0,140.0,2,0,0,143,0,0,0
train,0381-0068.svg,118,54,0,2,2048,1,0,0.0,0.0,140.0,140.0,0,0,0,118,0,0,0
train,0381-0078.svg,226,108,0,3,2048,1,0,0.0,0.0,140.0,140.0,1,0,0,225,0,0,0
train,0381-0091.svg,189,116,0,2,2048,1,0,0.0,0.0,140.0,140.0,3,0,0,186,0,0,0
train,0381-0099.svg,138,85,0,2,2048,1,0,0.0,0.0,140.0,140.0,2,0,0,136,0,0,0
train,0381-0102.svg,392,293,0,5,2048,1,0,0.0,0.0,140.0,140.0,0,0,0,392,0,0,0
train,0381-0103.svg,1006,878,0,8,2048,1,0,0.0,0.0,140.0,140.0,27,0,0,979,0,0,0
train,0381-0114.svg,526,380,0,7,2048,1,0,0.0,0.0,140.0,140.0,3,0,0,523,0,0,0
train,0382-0008.svg,202,25,0,2,2048,1,0,0.0,0.0,140.0,140.0,8,0,0,194,0,0,0
train,0382-0010.svg,177,44,0,2,2048,1,0,0.0,0.0,140.0,140.0,4,0,0,173,0,0,0
train,0382-0022.svg,387,80,0,2,2048,1,0,0.0,0.0,140.0,140.0,11,0,0,376,0,0,0
train,0382-0027.svg,257,175,0,5,2048,1,0,0.0,0.0,140.0,140.0,3,0,0,254,0,0,0
train,0382-0028.svg,523,333,0,7,2048,1,0,0.0,0.0,140.0,140.0,2,0,0,521,0,0,0
train,0382-0031.svg,190,97,0,1,2048,1,0,0.0,0.0,140.0,140.0,1,0,0,189,0,0,0
train,0382-0032.svg,250,191,0,6,2048,1,0,0.0,0.0,140.0,140.0,4,0,0,246,0,0,0
train,0382-0033.svg,398,310,0,6,2048,1,0,0.0,0.0,140.0,140.0,1,0,0,397,0,0,0
train,0382-0034.svg,350,211,0,3,2048,1,0,0.0,0.0,140.0,140.0,9,0,0,341,0,0,0
train,0382-0035.svg,68,29,0,2,2048,1,0,0.0,0.0,140.0,140.0,5,0,0,63,0,0,0
train,0382-0037.svg,563,239,0,7,2048,1,0,0.0,0.0,140.0,140.0,12,0,0,551,0,0,0
train,0382-0038.svg,134,82,0,2,2048,1,0,0.0,0.0,140.0,140.0,3,0,0,131,0,0,0
train,0382-0044.svg,63,50,0,1,2048,1,0,0.0,0.0,140.0,140.0,2,0,0,61,0,0,0
train,0382-0050.svg,188,131,0,1,2048,1,0,0.0,0.0,140.0,140.0,3,0,0,185,0,0,0
train,0382-0052.svg,345,70,0,1,2048,1,0,0.0,0.0,140.0,140.0,10,0,0,335,0,0,0
train,0382-0056.svg,228,164,0,4,2048,1,0,0.0,0.0,140.0,140.0,2,0,0,226,0,0,0
train,0382-0059.svg,124,24,0,3,2048,1,0,0.0,0.0,140.0,140.0,1,0,0,123,0,0,0
train,0382-0061.svg,364,162,0,4,2048,1,0,0.0,0.0,140.0,140.0,7,0,0,357,0,0,0
train,0382-0066.svg,146,82,0,2,2048,1,0,0.0,0.0,140.0,140.0,1,0,0,145,0,0,0
train,0382-0067.svg,162,65,0,3,2048,1,0,0.0,0.0,140.0,140.0,1,0,0,161,0,0,0
train,0382-0068.svg,179,111,0,4,2048,1,0,0.0,0.0,140.0,140.0,0,0,0,179,0,0,0
train,0383-0002.svg,210,88,0,2,2048,1,0,0.0,0.0,140.0,140.0,8,0,0,202,0,0,0
train,0383-0049.svg,432,339,0,7,2048,1,0,0.0,0.0,140.0,140.0,1,0,0,431,0,0,0
train,0383-0064.svg,403,250,0,5,2048,1,0,0.0,0.0,140.0,140.0,2,0,0,401,0,0,0
train,0383-0075.svg,312,130,0,4,2048,1,0,0.0,0.0,140.0,140.0,5,0,0,307,0,0,0
train,0383-0077.svg,87,31,0,3,2048,1,0,0.0,0.0,140.0,140.0,0,0,0,87,0,0,0
train,0383-0078.svg,352,205,0,6,2048,1,0,0.0,0.0,140.0,140.0,4,0,0,348,0,0,0
train,0383-0079.svg,676,269,0,6,2048,1,0,0.0,0.0,140.0,140.0,13,0,0,663,0,0,0
train,0383-0080.svg,239,137,0,3,2048,1,0,0.0,0.0,140.0,140.0,1,0,0,238,0,0,0
train,0383-0090.svg,189,84,0,2,2048,1,0,0.0,0.0,140.0,140.0,1,0,0,188,0,0,0
train,0383-0095.svg,384,197,0,5,2048,1,0,0.0,0.0,140.0,140.0,4,0,0,380,0,0,0
train,0383-0105.svg,388,165,0,4,2048,1,0,0.0,0.0,140.0,140.0,10,0,0,378,0,0,0
train,0383-0106.svg,523,106,0,3,2048,1,0,0.0,0.0,140.0,140.0,13,0,0,510,0,0,0
train,0383-0107.svg,236,169,0,4,2048,1,0,0.0,0.0,140.0,140.0,1,0,0,235,0,0,0
train,0383-0109.svg,387,79,0,2,2048,1,0,0.0,0.0,140.0,140.0,14,0,0,373,0,0,0
train,0383-0119.svg,684,148,0,3,2048,1,0,0.0,0.0,140.0,140.0,19,0,0,665,0,0,0
train,0383-0120.svg,260,109,0,3,2048,1,0,0.0,0.0,140.0,140.0,5,0,0,255,0,0,0
train,0383-0132.svg,445,104,0,2,2048,1,0,0.0,0.0,140.0,140.0,14,0,0,431,0,0,0
train,0383-0136.svg,359,72,0,1,2048,1,0,0.0,0.0,140.0,140.0,13,0,0,346,0,0,0
train,0383-0141.svg,39,23,0,1,2048,1,0,0.0,0.0,140.0,140.0,0,0,0,39,0,0,0
train,0383-0144.svg,179,132,0,4,2048,1,0,0.0,0.0,140.0,140.0,1,0,0,178,0,0,0
train,0383-0145.svg,144,102,0,2,2048,1,0,0.0,0.0,140.0,140.0,2,0,0,142,0,0,0
train,0383-0147.svg,253,126,0,4,2048,1,0,0.0,0.0,140.0,140.0,3,0,0,250,0,0,0
train,0383-0161.svg,344,232,0,4,2048,1,0,0.0,0.0,140.0,140.0,3,0,0,341,0,0,0
train,0383-0162.svg,295,210,0,6,2048,1,0,0.0,0.0,140.0,140.0,4,0,0,291,0,0,0
train,0384-0010.svg,21,2,0,1,2048,1,0,0.0,0.0,140.0,140.0,1,0,0,20,0,0,0
train,0384-0012.svg,213,172,0,4,2048,1,0,0.0,0.0,140.0,140.0,0,0,0,213,0,0,0
train,0384-0020.svg,156,103,0,6,2048,1,0,0.0,0.0,140.0,140.0,0,0,0,156,0,0,0
train,0384-0021.svg,190,153,0,4,2048,1,0,0.0,0.0,140.0,140.0,0,0,0,190,0,0,0
train,0384-0025.svg,391,297,0,3,2048,1,0,0.0,0.0,140.0,140.0,0,0,0,391,0,0,0
train,0384-0033.svg,882,691,0,7,2048,1,0,0.0,0.0,140.0,140.0,20,0,0,862,0,0,0
train,0384-0041.svg,1703,1508,0,8,2048,1,0,0.0,0.0,140.0,140.0,23,0,0,1680,0,0,0
train,0384-0042.svg,1147,1093,0,3,2048,1,0,0.0,0.0,140.0,140.0,0,0,0,1147,0,0,0
train,0384-0049.svg,1080,971,0,3,2048,1,0,0.0,0.0,140.0,140.0,0,0,0,1080,0,0,0
train,0384-0050.svg,1749,1697,0,4,2048,1,0,0.0,0.0,140.0,140.0,0,0,0,1749,0,0,0
train,0384-0051.svg,177,158,0,4,2048,1,0,0.0,0.0,140.0,140.0,0,0,0,177,0,0,0
train,0384-0052.svg,277,193,0,3,2048,1,0,0.0,0.0,140.0,140.0,0,0,0,277,0,0,0
train,0384-0057.svg,245,157,0,4,2048,1,0,0.0,0.0,140.0,140.0,0,0,0,245,0,0,0
train,0384-0058.svg,197,105,0,2,2048,1,0,0.0,0.0,140.0,140.0,0,0,0,197,0,0,0
train,0385-0000.svg,280,186,0,6,2048,1,0,0.0,0.0,140.0,140.0,2,0,0,278,0,0,0
train,0385-0005.svg,447,345,0,6,2048,1,0,0.0,0.0,140.0,140.0,0,0,0,447,0,0,0
train,0385-0009.svg,181,108,0,5,2048,1,0,0.0,0.0,140.0,140.0,0,0,0,181,0,0,0
train,0385-0010.svg,101,59,0,4,2048,1,0,0.0,0.0,140.0,140.0,0,0,0,101,0,0,0
train,0385-0014.svg,120,41,0,4,2048,1,0,0.0,0.0,140.0,140.0,0,0,0,120,0,0,0
train,0385-0019.svg,237,132,0,4,2048,1,0,0.0,0.0,140.0,140.0,0,0,0,237,0,0,0
train,0385-0024.svg,100,69,0,4,2048,1,0,0.0,0.0,140.0,140.0,0,0,0,100,0,0,0
train,0385-0027.svg,183,115,0,3,2048,1,0,0.0,0.0,140.0,140.0,0,0,0,183,0,0,0
train,0385-0028.svg,158,67,0,1,2048,1,0,0.0,0.0,140.0,140.0,0,0,0,158,0,0,0
train,0385-0033.svg,278,235,0,3,2048,1,0,0.0,0.0,140.0,140.0,0,0,0,278,0,0,0
train,0385-0036.svg,1268,1006,0,8,2048,1,0,0.0,0.0,140.0,140.0,41,2,0,1225,0,0,0
train,0385-0038.svg,234,159,0,4,2048,1,0,0.0,0.0,140.0,140.0,0,0,0,234,0,0,0
train,0386-0015.svg,233,84,0,2,2048,1,0,0.0,0.0,140.0,140.0,1,0,0,232,0,0,0
train,0386-0016.svg,215,103,0,5,2048,1,0,0.0,0.0,140.0,140.0,0,0,0,215,0,0,0
train,0386-0017.svg,234,83,0,3,2048,1,0,0.0,0.0,140.0,140.0,0,0,0,234,0,0,0
train,0386-0022.svg,369,149,0,5,2048,1,0,0.0,0.0,140.0,140.0,2,0,0,367,0,0,0
train,0386-0023.svg,274,38,0,2,2048,1,0,0.0,0.0,140.0,140.0,0,0,0,274,0,0,0
train,0386-0027.svg,374,237,0,6,2048,1,0,0.0,0.0,140.0,140.0,10,0,0,364,0,0,0
train,0386-0028.svg,830,199,0,5,2048,1,0,0.0,0.0,140.0,140.0,6,0,0,824,0,0,0
train,0386-0029.svg,261,56,0,1,2048,1,0,0.0,0.0,140.0,140.0,13,0,0,248,0,0,0
train,0386-0038.svg,406,177,0,4,2048,1,0,0.0,0.0,140.0,140.0,4,0,0,402,0,0,0
train,0386-0040.svg,528,348,0,5,2048,1,0,0.0,0.0,140.0,140.0,34,0,0,494,0,0,0
train,0386-0048.svg,142,91,0,2,2048,1,0,0.0,0.0,140.0,140.0,1,0,0,141,0,0,0
train,0386-0074.svg,382,82,0,2,2048,1,0,0.0,0.0,140.0,140.0,2,0,0,380,0,0,0
train,0386-0079.svg,580,165,0,4,2048,1,0,0.0,0.0,140.0,140.0,14,0,0,566,0,0,0
train,0386-0081.svg,552,370,0,7,2048,1,0,0.0,0.0,140.0,140.0,5,0,0,547,0,0,0
train,0386-0093.svg,1257,1232,0,2,2048,1,0,0.0,0.0,140.0,140.0,135,0,0,1122,0,0,0
train,0386-0094.svg,920,684,0,8,2048,1,0,0.0,0.0,140.0,140.0,47,0,0,873,0,0,0
train,0386-0095.svg,2296,1762,0,7,2048,2,0,0.0,0.0,140.0,140.0,40,2,0,2254,0,0,0
train,0386-0096.svg,326,43,0,2,2048,1,0,0.0,0.0,140.0,140.0,3,0,0,323,0,0,0
train,0386-0101.svg,181,111,0,5,2048,1,0,0.0,0.0,140.0,140.0,4,0,0,177,0,0,0
train,0386-0102.svg,1148,960,0,6,2048,1,0,0.0,0.0,140.0,140.0,142,0,0,1006,0,0,0
train,0386-0103.svg,1892,1779,0,1,2048,1,0,0.0,0.0,140.0,140.0,274,0,0,1618,0,0,0
train,0386-0104.svg,1820,1779,0,2,2048,1,0,0.0,0.0,140.0,140.0,268,0,0,1552,0,0,0
train,0386-0105.svg,1157,864,0,7,2048,1,0,0.0,0.0,140.0,140.0,107,0,0,1050,0,0,0
train,0386-0111.svg,85,39,0,2,2048,1,0,0.0,0.0,140.0,140.0,0,0,0,85,0,0,0
train,0386-0113.svg,516,277,0,5,2048,1,0,0.0,0.0,140.0,140.0,16,0,0,500,0,0,0
train,0386-0114.svg,979,828,0,6,2048,1,0,0.0,0.0,140.0,140.0,107,0,0,872,0,0,0
train,0386-0124.svg,131,53,0,3,2048,1,0,0.0,0.0,140.0,140.0,2,0,0,129,0,0,0
train,0386-0125.svg,216,95,0,3,2048,1,0,0.0,0.0,140.0,140.0,2,0,0,214,0,0,0
train,0387-0006.svg,631,297,0,5,2048,1,0,0.0,0.0,140.0,140.0,27,0,0,604,0,0,0
train,0387-0017.svg,1067,572,0,10,2048,1,0,0.0,0.0,140.0,140.0,40,6,0,1021,0,0,0
train,0387-0024.svg,819,664,0,11,2048,1,0,0.0,0.0,140.0,140.0,8,0,0,811,0,0,0
train,0387-0028.svg,157,67,0,4,2048,1,0,0.0,0.0,140.0,140.0,0,0,0,157,0,0,0
train,0387-0039.svg,7907,6671,0,6,2048,4,0,0.0,0.0,140.0,140.0,0,0,0,7907,0,0,0
train,0387-0040.svg,4376,4098,0,9,2048,3,0,0.0,0.0,140.0,140.0,25,0,0,4351,0,0,0
train,0387-0050.svg,32416,32273,0,1,2048,16,0,0.0,0.0,140.0,140.0,0,0,0,32416,0,0,0
train,0387-0051.svg,23275,22736,0,6,2048,12,0,0.0,0.0,140.0,140.0,3,0,0,23272,0,0,0
train,0387-0052.svg,1419,723,0,8,2048,1,0,0.0,0.0,140.0,140.0,4,0,0,1415,0,0,0
train,0387-0055.svg,703,345,0,4,2048,1,0,0.0,0.0,140.0,140.0,7,1,0,695,0,0,0
train,0387-0056.svg,3401,2665,0,4,2048,2,0,0.0,0.0,140.0,140.0,11,1,0,3389,0,0,0
train,0387-0057.svg,1477,1044,0,3,2048,1,0,0.0,0.0,140.0,140.0,3,0,0,1474,0,0,0
train,0387-0061.svg,29097,28152,0,3,2048,15,0,0.0,0.0,140.0,140.0,12,0,0,29085,0,0,0
train,0387-0067.svg,2340,2081,0,3,2048,2,0,0.0,0.0,140.0,140.0,2,2,0,2336,0,0,0
train,0387-0068.svg,2011,1329,0,4,2048,1,0,0.0,0.0,140.0,140.0,11,1,0,1999,0,0,0
train,0387-0083.svg,4803,4553,0,7,2048,3,0,0.0,0.0,140.0,140.0,5,0,0,4798,0,0,0
train,0387-0088.svg,112,55,0,2,2048,1,0,0.0,0.0,140.0,140.0,1,0,0,111,0,0,0
train,0387-0092.svg,6262,6020,0,7,2048,4,0,0.0,0.0,140.0,140.0,33,0,0,6229,0,0,0
train,0387-0093.svg,5998,5811,0,5,2048,3,0,0.0,0.0,140.0,140.0,2,0,0,5996,0,0,0
train,0388-0037.svg,281,212,0,5,2048,1,0,0.0,0.0,140.0,140.0,3,0,0,278,0,0,0
train,0388-0041.svg,288,205,0,5,2048,1,0,0.0,0.0,140.0,140.0,3,0,0,285,0,0,0
train,0388-0042.svg,363,204,0,5,2048,1,0,0.0,0.0,140.0,140.0,1,0,0,362,0,0,0
train,0388-0043.svg,161,84,0,2,2048,1,0,0.0,0.0,140.0,140.0,2,0,0,159,0,0,0
train,0388-0046.svg,450,343,0,6,2048,1,0,0.0,0.0,140.0,140.0,2,0,0,448,0,0,0
train,0388-0047.svg,110,78,0,2,2048,1,0,0.0,0.0,140.0,140.0,0,0,0,110,0,0,0
train,0388-0048.svg,203,147,0,2,2048,1,0,0.0,0.0,140.0,140.0,1,0,0,202,0,0,0
train,0388-0049.svg,168,145,0,2,2048,1,0,0.0,0.0,140.0,140.0,0,0,0,168,0,0,0
train,0388-0052.svg,220,180,0,2,2048,1,0,0.0,0.0,140.0,140.0,3,0,0,217,0,0,0
train,0388-0074.svg,177,154,0,4,2048,1,0,0.0,0.0,140.0,140.0,1,0,0,176,0,0,0
train,0388-0082.svg,492,382,0,4,2048,1,0,0.0,0.0,140.0,140.0,0,0,0,492,0,0,0
train,0388-0083.svg,362,297,0,5,2048,1,0,0.0,0.0,140.0,140.0,0,0,0,362,0,0,0
train,0388-0086.svg,57,39,0,2,2048,1,0,0.0,0.0,140.0,140.0,0,0,0,57,0,0,0
train,0389-0019.svg,185,135,0,2,2048,1,0,0.0,0.0,140.0,140.0,1,0,0,184,0,0,0
train,0389-0033.svg,191,114,0,3,2048,1,0,0.0,0.0,140.0,140.0,2,0,0,189,0,0,0
train,0389-0035.svg,226,118,0,2,2048,1,0,0.0,0.0,140.0,140.0,0,0,0,226,0,0,0
train,0389-0047.svg,218,133,0,3,2048,1,0,0.0,0.0,140.0,140.0,3,0,0,215,0,0,0
train,0389-0048.svg,251,107,0,3,2048,1,0,0.0,0.0,140.0,140.0,3,0,0,248,0,0,0
train,0389-0063.svg,157,93,0,3,2048,1,0,0.0,0.0,140.0,140.0,3,0,0,154,0,0,0
train,0389-0064.svg,244,176,0,6,2048,1,0,0.0,0.0,140.0,140.0,2,0,0,242,0,0,0
train,0389-0068.svg,30,10,0,1,2048,1,0,0.0,0.0,140.0,140.0,2,0,0,28,0,0,0
train,0389-0073.svg,48,20,0,1,2048,1,0,0.0,0.0,140.0,140.0,1,0,0,47,0,0,0
train,0389-0075.svg,356,222,0,6,2048,1,0,0.0,0.0,140.0,140.0,2,0,0,354,0,0,0
train,0389-0078.svg,272,176,0,3,2048,1,0,0.0,0.0,140.0,140.0,3,0,0,269,0,0,0
train,0389-0081.svg,333,91,0,3,2048,1,0,0.0,0.0,140.0,140.0,5,0,0,328,0,0,0
train,0389-0088.svg,203,44,0,2,2048,1,0,0.0,0.0,140.0,140.0,0,0,0,203,0,0,0
train,0389-0091.svg,307,217,0,5,2048,1,0,0.0,0.0,140.0,140.0,3,0,0,304,0,0,0
train,0389-0094.svg,333,84,0,2,2048,1,0,0.0,0.0,140.0,140.0,7,0,0,326,0,0,0
train,0389-0101.svg,377,258,0,3,2048,1,0,0.0,0.0,140.0,140.0,1,0,0,376,0,0,0
train,0389-0102.svg,419,203,0,4,2048,1,0,0.0,0.0,140.0,140.0,4,0,0,415,0,0,0
train,0389-0108.svg,380,78,0,2,2048,1,0,0.0,0.0,140.0,140.0,12,0,0,368,0,0,0
train,0389-0115.svg,317,185,0,6,2048,1,0,0.0,0.0,140.0,140.0,5,0,0,312,0,0,0
train,0389-0119.svg,206,123,0,4,2048,1,0,0.0,0.0,140.0,140.0,0,0,0,206,0,0,0
train,0389-0121.svg,383,94,0,2,2048,1,0,0.0,0.0,140.0,140.0,11,0,0,372,0,0,0
train,0389-0127.svg,245,172,0,4,2048,1,0,0.0,0.0,140.0,140.0,2,0,0,243,0,0,0
train,0389-0129.svg,117,60,0,2,2048,1,0,0.0,0.0,140.0,140.0,3,0,0,114,0,0,0
train,0389-0133.svg,304,199,0,5,2048,1,0,0.0,0.0,140.0,140.0,4,0,0,300,0,0,0
train,0389-0134.svg,316,218,0,5,2048,1,0,0.0,0.0,140.0,140.0,4,0,0,312,0,0,0
train,0389-0135.svg,170,26,0,2,2048,1,0,0.0,0.0,140.0,140.0,4,0,0,166,0,0,0
train,0389-0144.svg,133,85,0,2,2048,1,0,0.0,0.0,140.0,140.0,0,0,0,133,0,0,0
train,0389-0147.svg,261,117,0,3,2048,1,0,0.0,0.0,140.0,140.0,4,0,0,257,0,0,0
train,0389-0154.svg,83,10,0,1,2048,1,0,0.0,0.0,140.0,140.0,1,0,0,82,0,0,0
train,0389-0157.svg,176,80,0,2,2048,1,0,0.0,0.0,140.0,140.0,1,0,0,175,0,0,0
train,0389-0171.svg,219,128,0,3,2048,1,0,0.0,0.0,140.0,140.0,2,0,0,217,0,0,0
train,0389-0187.svg,353,233,0,5,2048,1,0,0.0,0.0,140.0,140.0,5,0,0,348,0,0,0
train,0390-0016.svg,253,117,0,3,2048,1,0,0.0,0.0,140.0,140.0,0,0,0,253,0,0,0
train,0390-0026.svg,150,43,0,2,2048,1,0,0.0,0.0,140.0,140.0,1,0,0,149,0,0,0
train,0390-0036.svg,1427,502,0,4,2048,1,0,0.0,0.0,140.0,140.0,82,0,0,1345,0,0,0
train,0390-0037.svg,105,59,0,2,2048,1,0,0.0,0.0,140.0,140.0,2,0,0,103,0,0,0
train,0390-0038.svg,405,217,0,4,2048,1,0,0.0,0.0,140.0,140.0,3,0,0,402,0,0,0
train,0390-0040.svg,215,107,0,3,2048,1,0,0.0,0.0,140.0,140.0,2,0,0,213,0,0,0
train,0390-0041.svg,1708,1366,0,6,2048,1,0,0.0,0.0,140.0,140.0,47,0,0,1661,0,0,0
train,0390-0046.svg,866,521,0,6,2048,1,0,0.0,0.0,140.0,140.0,4,0,0,862,0,0,0
train,0390-0052.svg,245,180,0,6,2048,1,0,0.0,0.0,140.0,140.0,0,0,0,245,0,0,0
train,0390-0067.svg,328,160,0,3,2048,1,0,0.0,0.0,140.0,140.0,2,0,0,326,0,0,0
train,0390-0068.svg,424,58,0,2,2048,1,0,0.0,0.0,140.0,140.0,2,0,0,422,0,0,0
train,0390-0080.svg,2299,1821,0,8,2048,2,0,0.0,0.0,140.0,140.0,57,2,0,2240,0,0,0
train,0390-0081.svg,359,218,0,6,2048,1,0,0.0,0.0,140.0,140.0,1,0,0,358,0,0,0
train,0390-0086.svg,90,12,0,2,2048,1,0,0.0,0.0,140.0,140.0,0,0,0,90,0,0,0
train,0390-0091.svg,492,298,0,7,2048,1,0,0.0,0.0,140.0,140.0,28,0,0,464,0,0,0
train,0390-0101.svg,230,155,0,6,2048,1,0,0.0,0.0,140.0,140.0,4,0,0,226,0,0,0
train,0390-0105.svg,708,426,0,8,2048,1,0,0.0,0.0,140.0,140.0,42,0,0,666,0,0,0
train,0390-0106.svg,1707,1343,0,7,2048,1,0,0.0,0.0,140.0,140.0,74,0,0,1633,0,0,0
train,0390-0112.svg,63,16,0,3,2048,1,0,0.0,0.0,140.0,140.0,1,0,0,62,0,0,0
train,0390-0114.svg,1059,920,0,4,2048,1,0,0.0,0.0,140.0,140.0,132,0,0,927,0,0,0
train,0390-0115.svg,1051,855,0,4,2048,1,0,0.0,0.0,140.0,140.0,120,0,0,931,0,0,0
train,0390-0116.svg,407,214,0,6,2048,1,0,0.0,0.0,140.0,140.0,21,0,0,386,0,0,0
train,0390-0125.svg,227,91,0,4,2048,1,0,0.0,0.0,140.0,140.0,2,0,0,225,0,0,0
train,0391-0002.svg,648,440,0,10,2048,1,0,0.0,0.0,140.0,140.0,22,0,0,626,0,0,0
train,0391-0007.svg,1459,983,0,15,2048,1,0,0.0,0.0,140.0,140.0,27,0,0,1432,0,0,0
train,0391-0010.svg,86,21,0,2,2048,1,0,0.0,0.0,140.0,140.0,5,0,0,81,0,0,0
train,0391-0011.svg,800,462,0,11,2048,1,0,0.0,0.0,140.0,140.0,15,0,0,785,0,0,0
train,0391-0012.svg,470,348,0,3,2048,1,0,0.0,0.0,140.0,140.0,38,0,0,432,0,0,0
train,0391-0013.svg,679,505,0,5,2048,1,0,0.0,0.0,140.0,140.0,65,0,0,614,0,0,0
train,0391-0014.svg,191,125,0,3,2048,1,0,0.0,0.0,140.0,140.0,0,0,0,191,0,0,0
train,0391-0016.svg,723,415,0,11,2048,1,0,0.0,0.0,140.0,140.0,19,0,0,704,0,0,0
train,0391-0017.svg,2148,1502,0,14,2048,2,0,0.0,0.0,140.0,140.0,64,0,0,2084,0,0,0
train,0391-0020.svg,593,463,0,4,2048,1,0,0.0,0.0,140.0,140.0,73,0,0,520,0,0,0
train,0391-0022.svg,2115,1475,0,15,2048,2,0,0.0,0.0,140.0,140.0,54,0,0,2061,0,0,0
train,0391-0027.svg,1371,949,0,14,2048,1,0,0.0,0.0,140.0,140.0,37,0,0,1334,0,0,0
train,0391-0028.svg,441,326,0,4,2048,1,0,0.0,0.0,140.0,140.0,0,0,0,441,0,0,0
train,0391-0047.svg,3226,3094,0,3,2048,2,0,0.0,0.0,140.0,140.0,0,0,0,3226,0,0,0
train,0391-0049.svg,518,414,0,4,2048,1,0,0.0,0.0,140.0,140.0,67,0,0,451,0,0,0
train,0391-0050.svg,542,411,0,4,2048,1,0,0.0,0.0,140.0,140.0,66,0,0,476,0,0,0
train,0391-0053.svg,205,160,0,2,2048,1,0,0.0,0.0,140.0,140.0,0,0,0,205,0,0,0
train,0391-0058.svg,313,232,0,3,2048,1,0,0.0,0.0,140.0,140.0,0,0,0,313,0,0,0
train,0391-0059.svg,973,673,0,7,2048,1,0,0.0,0.0,140.0,140.0,23,0,0,950,0,0,0
train,0391-0064.svg,258,164,0,5,2048,1,0,0.0,0.0,140.0,140.0,0,0,0,258,0,0,0
train,0391-0065.svg,279,171,0,5,2048,1,0,0.0,0.0,140.0,140.0,0,0,0,279,0,0,0
train,0392-0005.svg,199,0,0,0,2048,1,0,0.0,0.0,140.0,140.0,0,0,0,199,0,0,0
train,0392-0013.svg,291,230,0,3,2048,1,0,0.0,0.0,140.0,140.0,1,0,0,290,0,0,0
train,0392-0016.svg,255,200,0,5,2048,1,0,0.0,0.0,140.0,140.0,1,0,0,254,0,0,0
train,0392-0019.svg,289,221,0,7,2048,1,0,0.0,0.0,140.0,140.0,0,0,0,289,0,0,0
train,0392-0020.svg,248,208,0,6,2048,1,0,0.0,0.0,140.0,140.0,0,0,0,248,0,0,0
train,0392-0023.svg,173,129,0,6,2048,1,0,0.0,0.0,140.0,140.0,1,0,0,172,0,0,0
train,0392-0031.svg,244,124,0,5,2048,1,0,0.0,0.0,140.0,140.0,1,0,0,243,0,0,0
train,0392-0038.svg,171,114,0,5,2048,1,0,0.0,0.0,140.0,140.0,1,0,0,170,0,0,0
train,0392-0047.svg,266,227,0,3,2048,1,0,0.0,0.0,140.0,140.0,0,0,0,266,0,0,0
train,0392-0049.svg,312,263,0,4,2048,1,0,0.0,0.0,140.0,140.0,0,0,0,312,0,0,0
train,0392-0050.svg,1284,1027,0,8,2048,1,0,0.0,0.0,140.0,140.0,41,2,0,1241,0,0,0
train,0392-0051.svg,691,505,0,7,2048,1,0,0.0,0.0,140.0,140.0,14,0,0,677,0,0,0
train,0392-0052.svg,239,168,0,4,2048,1,0,0.0,0.0,140.0,140.0,0,0,0,239,0,0,0
train,0392-0055.svg,325,231,0,5,2048,1,0,0.0,0.0,140.0,140.0,0,0,0,325,0,0,0
train,0392-0056.svg,139,77,0,2,2048,1,0,0.0,0.0,140.0,140.0,0,0,0,139,0,0,0
train,0393-0008.svg,1273,724,0,13,2048,1,0,0.0,0.0,140.0,140.0,40,0,0,1233,0,0,0
train,0393-0011.svg,85,44,0,3,2048,1,0,0.0,0.0,140.0,140.0,3,0,0,82,0,0,0
train,0393-0012.svg,108,76,0,4,2048,1,0,0.0,0.0,140.0,140.0,1,0,0,107,0,0,0
train,0393-0016.svg,199,167,0,5,2048,1,0,0.0,0.0,140.0,140.0,0,0,0,199,0,0,0
train,0393-0033.svg,176,133,0,4,2048,1,0,0.0,0.0,140.0,140.0,0,0,0,176,0,0,0
train,0393-0042.svg,269,198,0,4,2048,1,0,0.0,0.0,140.0,140.0,0,0,0,269,0,0,0
train,0393-0045.svg,187,93,0,4,2048,1,0,0.0,0.0,140.0,140.0,1,0,0,186,0,0,0
train,0393-0046.svg,202,120,0,4,2048,1,0,0.0,0.0,140.0,140.0,1,0,0,201,0,0,0
train,0394-0016.svg,89,40,0,2,2048,1,0,0.0,0.0,140.0,140.0,0,0,0,89,0,0,0
train,0394-0018.svg,352,101,0,4,2048,1,0,0.0,0.0,140.0,140.0,2,0,0,350,0,0,0
train,0394-0052.svg,196,125,0,4,2048,1,0,0.0,0.0,140.0,140.0,3,0,0,193,0,0,0
train,0394-0056.svg,176,126,0,2,2048,1,0,0.0,0.0,140.0,140.0,0,0,0,176,0,0,0
train,0394-0058.svg,108,94,0,2,2048,1,0,0.0,0.0,140.0,140.0,1,0,0,107,0,0,0
train,0394-0064.svg,203,116,0,3,2048,1,0,0.0,0.0,140.0,140.0,2,0,0,201,0,0,0
train,0394-0067.svg,206,131,0,2,2048,1,0,0.0,0.0,140.0,140.0,1,0,0,205,0,0,0
train,0394-0070.svg,115,81,0,2,2048,1,0,0.0,0.0,140.0,140.0,0,0,0,115,0,0,0
train,0394-0075.svg,375,271,0,6,2048,1,0,0.0,0.0,140.0,140.0,4,0,0,371,0,0,0
train,0394-0076.svg,367,130,0,3,2048,1,0,0.0,0.0,140.0,140.0,3,0,0,364,0,0,0
train,0394-0079.svg,244,88,0,3,2048,1,0,0.0,0.0,140.0,140.0,2,0,0,242,0,0,0
train,0394-0082.svg,121,97,0,2,2048,1,0,0.0,0.0,140.0,140.0,1,0,0,120,0,0,0
train,0394-0087.svg,383,215,0,3,2048,1,0,0.0,0.0,140.0,140.0,6,0,0,377,0,0,0
train,0394-0089.svg,142,54,0,1,2048,1,0,0.0,0.0,140.0,140.0,0,0,0,142,0,0,0
train,0394-0093.svg,157,109,0,2,2048,1,0,0.0,0.0,140.0,140.0,0,0,0,157,0,0,0
train,0394-0104.svg,180,86,0,4,2048,1,0,0.0,0.0,140.0,140.0,1,0,0,179,0,0,0
train,0394-0110.svg,95,51,0,2,2048,1,0,0.0,0.0,140.0,140.0,0,0,0,95,0,0,0
train,0394-0123.svg,300,183,0,3,2048,1,0,0.0,0.0,140.0,140.0,1,0,0,299,0,0,0
train,0394-0124.svg,251,149,0,2,2048,1,0,0.0,0.0,140.0,140.0,2,0,0,249,0,0,0
train,0394-0125.svg,156,123,0,1,2048,1,0,0.0,0.0,140.0,140.0,0,0,0,156,0,0,0
train,0394-0134.svg,174,111,0,3,2048,1,0,0.0,0.0,140.0,140.0,2,0,0,172,0,0,0
train,0394-0137.svg,160,149,0,3,2048,1,0,0.0,0.0,140.0,140.0,0,0,0,160,0,0,0
train,0394-0148.svg,106,49,0,3,2048,1,0,0.0,0.0,140.0,140.0,1,0,0,105,0,0,0
train,0394-0149.svg,288,185,0,6,2048,1,0,0.0,0.0,140.0,140.0,2,0,0,286,0,0,0
train,0395-0023.svg,121,69,0,2,2048,1,0,0.0,0.0,140.0,140.0,1,0,0,120,0,0,0
train,0395-0024.svg,129,113,0,2,2048,1,0,0.0,0.0,140.0,140.0,0,0,0,129,0,0,0
train,0395-0029.svg,183,126,0,3,2048,1,0,0.0,0.0,140.0,140.0,1,0,0,182,0,0,0
train,0395-0033.svg,220,194,0,2,2048,1,0,0.0,0.0,140.0,140.0,0,0,0,220,0,0,0
train,0395-0037.svg,164,124,0,3,2048,1,0,0.0,0.0,140.0,140.0,1,0,0,163,0,0,0
train,0395-0042.svg,176,89,0,3,2048,1,0,0.0,0.0,140.0,140.0,2,0,0,174,0,0,0
train,0395-0046.svg,284,197,0,2,2048,1,0,0.0,0.0,140.0,140.0,0,0,0,284,0,0,0
train,0395-0047.svg,279,199,0,2,2048,1,0,0.0,0.0,140.0,140.0,0,0,0,279,0,0,0
train,0395-0051.svg,240,156,0,4,2048,1,0,0.0,0.0,140.0,140.0,2,0,0,238,0,0,0
train,0395-0061.svg,227,201,0,3,2048,1,0,0.0,0.0,140.0,140.0,0,0,0,227,0,0,0
train,0395-0066.svg,283,235,0,5,2048,1,0,0.0,0.0,140.0,140.0,1,0,0,282,0,0,0
train,0395-0068.svg,378,332,0,4,2048,1,0,0.0,0.0,140.0,140.0,0,0,0,378,0,0,0
train,0395-0069.svg,409,336,0,6,2048,1,0,0.0,0.0,140.0,140.0,1,0,0,408,0,0,0
train,0396-0016.svg,296,181,0,8,2048,1,0,0.0,0.0,140.0,140.0,2,0,0,294,0,0,0
train,0396-0038.svg,522,389,0,7,2048,1,0,0.0,0.0,140.0,140.0,34,0,0,488,0,0,0
train,0396-0041.svg,1650,1010,0,7,2048,1,0,0.0,0.0,140.0,140.0,41,0,0,1609,0,0,0
train,0396-0069.svg,284,167,0,4,2048,1,0,0.0,0.0,140.0,140.0,2,0,0,282,0,0,0
train,0396-0074.svg,238,200,0,6,2048,1,0,0.0,0.0,140.0,140.0,7,0,0,231,0,0,0
train,0396-0079.svg,510,306,0,7,2048,1,0,0.0,0.0,140.0,140.0,25,0,0,485,0,0,0
train,0396-0081.svg,479,322,0,6,2048,1,0,0.0,0.0,140.0,140.0,10,0,0,469,0,0,0
train,0396-0092.svg,1409,1277,0,2,2048,1,0,0.0,0.0,140.0,140.0,181,0,0,1228,0,0,0
train,0396-0095.svg,1931,1584,0,7,2048,1,0,0.0,0.0,140.0,140.0,43,0,0,1888,0,0,0
train,0396-0103.svg,676,616,0,1,2048,1,0,0.0,0.0,140.0,140.0,95,0,0,581,0,0,0
train,0396-0104.svg,1130,1078,0,1,2048,1,0,0.0,0.0,140.0,140.0,169,0,0,961,0,0,0
train,0396-0106.svg,883,620,0,5,2048,1,0,0.0,0.0,140.0,140.0,39,0,0,844,0,0,0
train,0396-0107.svg,277,214,0,4,2048,1,0,0.0,0.0,140.0,140.0,2,0,0,275,0,0,0
train,0396-0115.svg,166,67,0,3,2048,1,0,0.0,0.0,140.0,140.0,2,0,0,164,0,0,0
train,0396-0136.svg,391,273,0,3,2048,1,0,0.0,0.0,140.0,140.0,2,0,0,389,0,0,0
train,0396-0138.svg,367,306,0,8,2048,1,0,0.0,0.0,140.0,140.0,13,0,0,354,0,0,0
train,0396-0145.svg,76,42,0,3,2048,1,0,0.0,0.0,140.0,140.0,2,0,0,74,0,0,0
train,0396-0147.svg,127,61,0,1,2048,1,0,0.0,0.0,140.0,140.0,2,0,0,125,0,0,0
train,0397-0017.svg,197,88,0,4,2048,1,0,0.0,0.0,140.0,140.0,0,0,0,197,0,0,0
train,0397-0039.svg,151,68,0,4,2048,1,0,0.0,0.0,140.0,140.0,0,0,0,151,0,0,0
train,0397-0044.svg,2454,735,0,7,2048,2,0,0.0,0.0,140.0,140.0,42,0,0,2412,0,0,0
train,0397-0045.svg,522,275,0,5,2048,1,0,0.0,0.0,140.0,140.0,16,0,0,506,0,0,0
train,0397-0050.svg,218,117,0,3,2048,1,0,0.0,0.0,140.0,140.0,0,0,0,218,0,0,0
train,0397-0057.svg,5628,4940,0,9,2048,3,0,0.0,0.0,140.0,140.0,21,0,0,5607,0,0,0
train,0397-0058.svg,458,254,0,9,2048,1,0,0.0,0.0,140.0,140.0,6,0,0,452,0,0,0
train,0397-0062.svg,2649,1845,0,4,2048,2,0,0.0,0.0,140.0,140.0,12,1,0,2636,0,0,0
train,0397-0063.svg,2105,1943,0,2,2048,2,0,0.0,0.0,140.0,140.0,2,0,0,2103,0,0,0
train,0397-0067.svg,6278,4708,0,6,2048,4,0,0.0,0.0,140.0,140.0,20,0,0,6258,0,0,0
train,0397-0068.svg,19492,19409,0,6,2048,10,0,0.0,0.0,140.0,140.0,0,0,0,19492,0,0,0
train,0397-0069.svg,1286,1177,0,5,2048,1,0,0.0,0.0,140.0,140.0,2,0,0,1284,0,0,0
train,0397-0074.svg,1459,1305,0,5,2048,1,0,0.0,0.0,140.0,140.0,2,1,0,1456,0,0,0
train,0397-0075.svg,2656,1984,0,4,2048,2,0,0.0,0.0,140.0,140.0,12,1,0,2643,0,0,0
train,0397-0076.svg,741,32,0,1,2048,1,0,0.0,0.0,140.0,140.0,4,0,0,737,0,0,0
train,0397-0077.svg,587,22,0,1,2048,1,0,0.0,0.0,140.0,140.0,1,0,0,586,0,0,0
train,0397-0089.svg,361,105,0,4,2048,1,0,0.0,0.0,140.0,140.0,1,0,0,360,0,0,0
train,0397-0091.svg,493,379,0,6,2048,1,0,0.0,0.0,140.0,140.0,6,0,0,487,0,0,0
train,0397-0102.svg,321,160,0,4,2048,1,0,0.0,0.0,140.0,140.0,2,0,0,319,0,0,0
train,0397-0114.svg,331,124,0,6,2048,1,0,0.0,0.0,140.0,140.0,2,0,0,329,0,0,0
train,0397-0115.svg,248,147,0,6,2048,1,0,0.0,0.0,140.0,140.0,0,0,0,248,0,0,0
train,0398-0010.svg,357,269,0,6,2048,1,0,0.0,0.0,140.0,140.0,2,0,0,355,0,0,0
train,0398-0015.svg,421,323,0,6,2048,1,0,0.0,0.0,140.0,140.0,0,0,0,421,0,0,0
train,0398-0019.svg,262,212,0,6,2048,1,0,0.0,0.0,140.0,140.0,0,0,0,262,0,0,0
train,0398-0020.svg,122,81,0,5,2048,1,0,0.0,0.0,140.0,140.0,0,0,0,122,0,0,0
train,0398-0023.svg,135,110,0,4,2048,1,0,0.0,0.0,140.0,140.0,0,0,0,135,0,0,0
train,0398-0025.svg,79,14,0,3,2048,1,0,0.0,0.0,140.0,140.0,0,0,0,79,0,0,0
train,0398-0038.svg,165,131,0,4,2048,1,0,0.0,0.0,140.0,140.0,0,0,0,165,0,0,0
train,0398-0047.svg,210,168,0,4,2048,1,0,0.0,0.0,140.0,140.0,0,0,0,210,0,0,0
train,0398-0051.svg,284,166,0,5,2048,1,0,0.0,0.0,140.0,140.0,1,0,0,283,0,0,0
train,0398-0052.svg,238,138,0,4,2048,1,0,0.0,0.0,140.0,140.0,0,0,0,238,0,0,0
train,0398-0057.svg,107,45,0,4,2048,1,0,0.0,0.0,140.0,140.0,2,0,0,105,0,0,0
train,0399-0000.svg,1018,829,0,5,2048,1,0,0.0,0.0,140.0,140.0,0,0,0,1018,0,0,0
train,0399-0001.svg,652,413,0,3,2048,1,0,0.0,0.0,140.0,140.0,8,0,0,644,0,0,0
train,0399-0006.svg,666,318,0,6,2048,1,0,0.0,0.0,140.0,140.0,9,0,0,657,0,0,0
train,0399-0008.svg,857,559,0,6,2048,1,0,0.0,0.0,140.0,140.0,15,0,0,842,0,0,0
train,0399-0009.svg,1785,724,0,5,2048,1,0,0.0,0.0,140.0,140.0,8,0,0,1777,0,0,0
train,0399-0019.svg,271,199,0,5,2048,1,0,0.0,0.0,140.0,140.0,1,0,0,270,0,0,0
train,0399-0020.svg,245,205,0,4,2048,1,0,0.0,0.0,140.0,140.0,2,0,0,243,0,0,0
train,0399-0045.svg,174,126,0,3,2048,1,0,0.0,0.0,140.0,140.0,0,0,0,174,0,0,0
train,0399-0048.svg,223,101,0,2,2048,1,0,0.0,0.0,140.0,140.0,2,0,0,221,0,0,0
train,0399-0056.svg,256,158,0,2,2048,1,0,0.0,0.0,140.0,140.0,2,0,0,254,0,0,0
train,0399-0068.svg,159,115,0,2,2048,1,0,0.0,0.0,140.0,140.0,0,0,0,159,0,0,0
train,0399-0070.svg,274,227,0,3,2048,1,0,0.0,0.0,140.0,140.0,1,0,0,273,0,0,0
train,0399-0071.svg,167,113,0,3,2048,1,0,0.0,0.0,140.0,140.0,1,0,0,166,0,0,0
train,0399-0074.svg,194,129,0,3,2048,1,0,0.0,0.0,140.0,140.0,2,0,0,192,0,0,0
train,0399-0075.svg,164,98,0,1,2048,1,0,0.0,0.0,140.0,140.0,1,0,0,163,0,0,0
train,0399-0084.svg,220,166,0,3,2048,1,0,0.0,0.0,140.0,140.0,2,0,0,218,0,0,0
train,0399-0093.svg,267,193,0,3,2048,1,0,0.0,0.0,140.0,140.0,1,0,0,266,0,0,0
train,0399-0100.svg,143,116,0,1,2048,1,0,0.0,0.0,140.0,140.0,0,0,0,143,0,0,0
train,0399-0111.svg,699,519,0,6,2048,1,0,0.0,0.0,140.0,140.0,6,0,0,693,0,0,0
train,0399-0113.svg,230,164,0,2,2048,1,0,0.0,0.0,140.0,140.0,3,0,0,227,0,0,0
train,0399-0124.svg,392,298,0,4,2048,1,0,0.0,0.0,140.0,140.0,2,0,0,390,0,0,0
train,0400-0025.svg,151,78,0,6,2048,1,0,0.0,0.0,140.0,140.0,0,0,0,151,0,0,0
train,0400-0028.svg,311,173,0,6,2048,1,0,0.0,0.0,140.0,140.0,6,0,0,305,0,0,0
train,0400-0039.svg,6022,5868,0,7,2048,3,0,0.0,0.0,140.0,140.0,4,0,0,6018,0,0,0
train,0400-0046.svg,1270,990,0,8,2048,1,0,0.0,0.0,140.0,140.0,61,0,0,1209,0,0,0
train,0400-0052.svg,583,417,0,7,2048,1,0,0.0,0.0,140.0,140.0,10,2,0,571,0,0,0
train,0400-0053.svg,368,194,0,7,2048,1,0,0.0,0.0,140.0,140.0,0,2,0,366,0,0,0
train,0400-0056.svg,283,185,0,6,2048,1,0,0.0,0.0,140.0,140.0,16,0,0,267,0,0,0
train,0400-0057.svg,1019,825,0,10,2048,1,0,0.0,0.0,140.0,140.0,44,0,0,975,0,0,0
train,0400-0060.svg,4277,4002,0,9,2048,3,0,0.0,0.0,140.0,140.0,34,0,0,4243,0,0,0
train,0400-0061.svg,18866,18723,0,4,2048,10,0,0.0,0.0,140.0,140.0,1,0,0,18865,0,0,0
train,0400-0069.svg,1143,895,0,6,2048,1,0,0.0,0.0,140.0,140.0,22,4,0,1117,0,0,0
train,0400-0071.svg,27695,27163,0,8,2048,14,0,0.0,0.0,140.0,140.0,9,0,0,27686,0,0,0
train,0400-0072.svg,7831,7465,0,4,2048,4,0,0.0,0.0,140.0,140.0,1,0,0,7830,0,0,0
train,0400-0083.svg,13657,13117,0,5,2048,7,0,0.0,0.0,140.0,140.0,0,0,0,13657,0,0,0
train,0400-0085.svg,54,10,0,1,2048,1,0,0.0,0.0,140.0,140.0,2,0,0,52,0,0,0
train,0400-0092.svg,4976,4872,0,6,2048,3,0,0.0,0.0,140.0,140.0,2,0,0,4974,0,0,0
train,0400-0101.svg,719,440,0,11,2048,1,0,0.0,0.0,140.0,140.0,22,4,0,693,0,0,0
train,0400-0102.svg,61,29,0,2,2048,1,0,0.0,0.0,140.0,140.0,1,0,0,60,0,0,0
train,0400-0105.svg,206,142,0,6,2048,1,0,0.0,0.0,140.0,140.0,2,0,0,204,0,0,0
train,0400-0125.svg,960,623,0,6,2048,1,0,0.0,0.0,140.0,140.0,27,8,0,925,0,0,0
train,0400-0128.svg,2446,1177,0,9,2048,2,0,0.0,0.0,140.0,140.0,40,19,0,2387,0,0,0
train,0400-0129.svg,3307,1893,0,9,2048,2,0,0.0,0.0,140.0,140.0,40,14,0,3253,0,0,0
train,0400-0136.svg,3137,1557,0,5,2048,2,0,0.0,0.0,140.0,140.0,57,26,0,3054,0,0,0
train,0400-0139.svg,747,376,0,8,2048,1,0,0.0,0.0,140.0,140.0,18,3,0,726,0,0,0
train,0401-0002.svg,560,139,0,5,2048,1,0,0.0,0.0,140.0,140.0,14,0,0,546,0,0,0
train,0401-0009.svg,60,24,0,4,2048,1,0,0.0,0.0,140.0,140.0,0,0,0,60,0,0,0
train,0401-0018.svg,161,96,0,6,2048,1,0,0.0,0.0,140.0,140.0,0,0,0,161,0,0,0
train,0401-0019.svg,231,176,0,5,2048,1,0,0.0,0.0,140.0,140.0,0,0,0,231,0,0,0
train,0401-0022.svg,411,326,0,4,2048,1,0,0.0,0.0,140.0,140.0,0,0,0,411,0,0,0
train,0401-0026.svg,133,112,0,2,2048,1,0,0.0,0.0,140.0,140.0,0,0,0,133,0,0,0
train,0401-0031.svg,162,121,0,2,2048,1,0,0.0,0.0,140.0,140.0,0,0,0,162,0,0,0
train,0401-0033.svg,105,44,0,2,2048,1,0,0.0,0.0,140.0,140.0,0,0,0,105,0,0,0
train,0401-0047.svg,991,687,0,7,2048,1,0,0.0,0.0,140.0,140.0,23,0,0,968,0,0,0
train,0401-0048.svg,998,752,0,10,2048,1,0,0.0,0.0,140.0,140.0,28,0,0,970,0,0,0
train,0401-0050.svg,260,130,0,3,2048,1,0,0.0,0.0,140.0,140.0,0,0,0,260,0,0,0
train,0401-0051.svg,171,92,0,4,2048,1,0,0.0,0.0,140.0,140.0,0,0,0,171,0,0,0
train,0401-0053.svg,175,100,0,3,2048,1,0,0.0,0.0,140.0,140.0,2,0,0,173,0,0,0
train,0402-0012.svg,1360,612,0,10,2048,1,0,0.0,0.0,140.0,140.0,17,13,0,1330,0,0,0
train,0402-0017.svg,1289,616,0,10,2048,1,0,0.0,0.0,140.0,140.0,16,13,0,1260,0,0,0
train,0402-0025.svg,248,69,0,3,2048,1,0,0.0,0.0,140.0,140.0,7,0,0,241,0,0,0
train,0402-0027.svg,775,272,0,9,2048,1,0,0.0,0.0,140.0,140.0,20,3,0,752,0,0,0
train,0402-0034.svg,142,73,0,3,2048,1,0,0.0,0.0,140.0,140.0,3,0,0,139,0,0,0
train,0402-0041.svg,163,86,0,2,2048,1,0,0.0,0.0,140.0,140.0,1,0,0,162,0,0,0
train,0402-0058.svg,431,170,0,6,2048,1,0,0.0,0.0,140.0,140.0,11,0,0,420,0,0,0
train,0402-0061.svg,379,259,0,3,2048,1,0,0.0,0.0,140.0,140.0,0,0,0,379,0,0,0
train,0402-0064.svg,339,76,0,2,2048,1,0,0.0,0.0,140.0,140.0,10,0,0,329,0,0,0
train,0402-0074.svg,364,107,0,2,2048,1,0,0.0,0.0,140.0,140.0,11,0,0,353,0,0,0
train,0402-0084.svg,313,141,0,4,2048,1,0,0.0,0.0,140.0,140.0,8,0,0,305,0,0,0
train,0402-0087.svg,336,275,0,7,2048,1,0,0.0,0.0,140.0,140.0,2,0,0,334,0,0,0
train,0402-0094.svg,234,118,0,4,2048,1,0,0.0,0.0,140.0,140.0,1,0,0,233,0,0,0
train,0402-0096.svg,209,121,0,2,2048,1,0,0.0,0.0,140.0,140.0,4,0,0,205,0,0,0
train,0403-0016.svg,223,106,0,5,2048,1,0,0.0,0.0,140.0,140.0,0,0,0,223,0,0,0
train,0403-0017.svg,190,67,0,5,2048,1,0,0.0,0.0,140.0,140.0,1,0,0,189,0,0,0
train,0403-0028.svg,623,286,0,5,2048,1,0,0.0,0.0,140.0,140.0,2,0,0,621,0,0,0
train,0403-0036.svg,511,387,0,3,2048,1,0,0.0,0.0,140.0,140.0,0,0,0,511,0,0,0
train,0403-0046.svg,759,404,0,6,2048,1,0,0.0,0.0,140.0,140.0,4,0,0,755,0,0,0
train,0403-0052.svg,216,134,0,5,2048,1,0,0.0,0.0,140.0,140.0,0,0,0,216,0,0,0
train,0403-0056.svg,887,665,0,4,2048,1,0,0.0,0.0,140.0,140.0,6,0,0,881,0,0,0
train,0403-0059.svg,237,135,0,4,2048,1,0,0.0,0.0,140.0,140.0,2,0,0,235,0,0,0
train,0403-0062.svg,202,103,0,2,2048,1,0,0.0,0.0,140.0,140.0,0,0,0,202,0,0,0
train,0403-0070.svg,132,49,0,2,2048,1,0,0.0,0.0,140.0,140.0,2,0,0,130,0,0,0
train,0403-0073.svg,156,56,0,2,2048,1,0,0.0,0.0,140.0,140.0,1,0,0,155,0,0,0
train,0403-0080.svg,2329,1761,0,7,2048,2,0,0.0,0.0,140.0,140.0,57,2,0,2270,0,0,0
train,0403-0081.svg,446,277,0,7,2048,1,0,0.0,0.0,140.0,140.0,1,0,0,445,0,0,0
train,0403-0084.svg,145,61,0,3,2048,1,0,0.0,0.0,140.0,140.0,2,0,0,143,0,0,0
train,0403-0091.svg,459,249,0,4,2048,1,0,0.0,0.0,140.0,140.0,22,0,0,437,0,0,0
train,0403-0102.svg,787,531,0,5,2048,1,0,0.0,0.0,140.0,140.0,74,0,0,713,0,0,0
train,0403-0106.svg,1704,1399,0,6,2048,1,0,0.0,0.0,140.0,140.0,74,0,0,1630,0,0,0
train,0403-0114.svg,987,878,0,4,2048,1,0,0.0,0.0,140.0,140.0,121,0,0,866,0,0,0
train,0404-0008.svg,337,281,0,5,2048,1,0,0.0,0.0,140.0,140.0,0,0,0,337,0,0,0
train,0404-0012.svg,182,126,0,6,2048,1,0,0.0,0.0,140.0,140.0,0,0,0,182,0,0,0
train,0404-0013.svg,147,94,0,5,2048,1,0,0.0,0.0,140.0,140.0,0,0,0,147,0,0,0
train,0404-0018.svg,154,60,0,4,2048,1,0,0.0,0.0,140.0,140.0,0,0,0,154,0,0,0
train,0404-0019.svg,231,133,0,4,2048,1,0,0.0,0.0,140.0,140.0,0,0,0,231,0,0,0
train,0404-0025.svg,207,123,0,4,2048,1,0,0.0,0.0,140.0,140.0,0,0,0,207,0,0,0
train,0404-0034.svg,242,216,0,3,2048,1,0,0.0,0.0,140.0,140.0,0,0,0,242,0,0,0
train,0404-0036.svg,1266,1007,0,8,2048,1,0,0.0,0.0,140.0,140.0,41,2,0,1223,0,0,0
train,0405-0002.svg,83,24,0,1,2048,1,0,0.0,0.0,140.0,140.0,7,0,0,76,0,0,0
train,0405-0004.svg,1581,1240,0,15,2048,1,0,0.0,0.0,140.0,140.0,48,0,0,1533,0,0,0
train,0405-0007.svg,618,414,0,6,2048,1,0,0.0,0.0,140.0,140.0,4,0,0,614,0,0,0
train,0405-0016.svg,434,314,0,4,2048,1,0,0.0,0.0,140.0,140.0,4,0,0,430,0,0,0
train,0405-0022.svg,111,34,0,1,2048,1,0,0.0,0.0,140.0,140.0,7,0,0,104,0,0,0
train,0406-0002.svg,1781,1404,0,14,2048,1,0,0.0,0.0,140.0,140.0,52,0,0,1729,0,0,0
train,0406-0008.svg,306,186,0,3,2048,1,0,0.0,0.0,140.0,140.0,0,0,0,306,0,0,0
train,0406-0016.svg,282,114,0,4,2048,1,0,0.0,0.0,140.0,140.0,0,0,0,282,0,0,0
train,0406-0027.svg,530,247,0,4,2048,1,0,0.0,0.0,140.0,140.0,1,0,0,529,0,0,0
train,0407-0002.svg,1780,1276,0,13,2048,1,0,0.0,0.0,140.0,140.0,52,0,0,1728,0,0,0
train,0407-0003.svg,1460,951,0,12,2048,1,0,0.0,0.0,140.0,140.0,31,0,0,1429,0,0,0
train,0407-0004.svg,461,140,0,5,2048,1,0,0.0,0.0,140.0,140.0,9,2,0,450,0,0,0
train,0407-0010.svg,365,139,0,7,2048,1,0,0.0,0.0,140.0,140.0,15,0,0,350,0,0,0
train,0407-0027.svg,542,127,0,6,2048,1,0,0.0,0.0,140.0,140.0,9,4,0,529,0,0,0
train,0407-0037.svg,474,206,0,6,2048,1,0,0.0,0.0,140.0,140.0,10,2,0,462,0,0,0
train,0407-0060.svg,836,149,0,6,2048,1,0,0.0,0.0,140.0,140.0,11,5,0,820,0,0,0
train,0407-0065.svg,7116,5755,0,13,2048,4,0,0.0,0.0,140.0,140.0,116,18,0,6982,0,0,0
train,0407-0068.svg,604,183,0,9,2048,1,0,0.0,0.0,140.0,140.0,6,2,0,596,0,0,0
train,0408-0002.svg,1781,1419,0,15,2048,1,0,0.0,0.0,140.0,140.0,52,0,0,1729,0,0,0
train,0408-0017.svg,477,380,0,3,2048,1,0,0.0,0.0,140.0,140.0,1,0,0,476,0,0,0
train,0409-0008.svg,513,260,0,4,2048,1,0,0.0,0.0,140.0,140.0,5,0,0,508,0,0,0
train,0409-0018.svg,442,168,0,4,2048,1,0,0.0,0.0,140.0,140.0,3,0,0,439,0,0,0
train,0409-0023.svg,554,234,0,4,2048,1,0,0.0,0.0,140.0,140.0,5,0,0,549,0,0,0
train,0410-0004.svg,1098,451,0,8,2048,1,0,0.0,0.0,140.0,140.0,3,0,0,1095,0,0,0
train,0410-0006.svg,966,165,0,2,2048,1,0,0.0,0.0,140.0,140.0,4,0,0,962,0,0,0
train,0410-0011.svg,930,479,0,14,2048,1,0,0.0,0.0,140.0,140.0,16,0,0,914,0,0,0
train,0411-0002.svg,1798,1423,0,15,2048,1,0,0.0,0.0,140.0,140.0,52,0,0,1746,0,0,0
train,0412-0003.svg,741,212,0,3,2048,1,0,0.0,0.0,140.0,140.0,2,0,0,739,0,0,0
train,0412-0016.svg,377,57,0,2,2048,1,0,0.0,0.0,140.0,140.0,8,0,0,369,0,0,0
train,0413-0012.svg,960,158,0,5,2048,1,0,0.0,0.0,140.0,140.0,0,0,0,960,0,0,0
train,0413-0013.svg,533,158,0,3,2048,1,0,0.0,0.0,140.0,140.0,14,0,0,519,0,0,0
train,0413-0018.svg,478,83,0,4,2048,1,0,0.0,0.0,140.0,140.0,14,0,0,464,0,0,0
train,0413-0021.svg,682,37,0,2,2048,1,0,0.0,0.0,140.0,140.0,0,0,0,682,0,0,0
train,0414-0003.svg,1460,1039,0,14,2048,1,0,0.0,0.0,140.0,140.0,31,0,0,1429,0,0,0
train,0414-0025.svg,321,112,0,2,2048,1,0,0.0,0.0,140.0,140.0,3,0,0,318,0,0,0
train,0414-0039.svg,331,114,0,2,2048,1,0,0.0,0.0,140.0,140.0,3,0,0,328,0,0,0
train,0414-0046.svg,333,62,0,2,2048,1,0,0.0,0.0,140.0,140.0,2,0,0,331,0,0,0
train,0415-0000.svg,695,408,0,9,2048,1,0,0.0,0.0,140.0,140.0,25,0,0,670,0,0,0
train,0415-0002.svg,1787,1403,0,15,2048,1,0,0.0,0.0,140.0,140.0,52,0,0,1735,0,0,0
train,0415-0009.svg,1192,745,0,13,2048,1,0,0.0,0.0,140.0,140.0,25,0,0,1167,0,0,0
train,0416-0010.svg,1411,705,0,12,2048,1,0,0.0,0.0,140.0,140.0,42,0,0,1369,0,0,0
train,0418-0002.svg,1798,1404,0,15,2048,1,0,0.0,0.0,140.0,140.0,52,0,0,1746,0,0,0
train,0418-0004.svg,313,185,0,7,2048,1,0,0.0,0.0,140.0,140.0,0,0,0,313,0,0,0
train,0418-0008.svg,750,55,0,2,2048,1,0,0.0,0.0,140.0,140.0,0,0,0,750,0,0,0
train,0418-0009.svg,1022,250,0,6,2048,1,0,0.0,0.0,140.0,140.0,6,0,0,1016,0,0,0
train,0418-0023.svg,286,45,0,2,2048,1,0,0.0,0.0,140.0,140.0,1,0,0,285,0,0,0
train,0419-0002.svg,1779,1377,0,15,2048,1,0,0.0,0.0,140.0,140.0,52,0,0,1727,0,0,0
train,0419-0003.svg,1460,1054,0,15,2048,1,0,0.0,0.0,140.0,140.0,31,0,0,1429,0,0,0
train,0420-0002.svg,1781,1407,0,14,2048,1,0,0.0,0.0,140.0,140.0,52,0,0,1729,0,0,0
train,0420-0025.svg,799,347,0,5,2048,1,0,0.0,0.0,140.0,140.0,8,0,0,791,0,0,0
train,0420-0031.svg,2192,1226,0,8,2048,2,0,0.0,0.0,140.0,140.0,10,0,0,2182,0,0,0
train,0420-0038.svg,986,300,0,4,2048,1,0,0.0,0.0,140.0,140.0,5,0,0,981,0,0,0
train,0420-0039.svg,620,504,0,2,2048,1,0,0.0,0.0,140.0,140.0,1,0,0,619,0,0,0
train,0421-0000.svg,1156,685,0,12,2048,1,0,0.0,0.0,140.0,140.0,44,0,0,1112,0,0,0
train,0421-0003.svg,1464,1050,0,14,2048,1,0,0.0,0.0,140.0,140.0,30,0,0,1434,0,0,0
train,0422-0002.svg,1899,1303,0,13,2048,1,0,0.0,0.0,140.0,140.0,52,0,0,1847,0,0,0
train,0422-0004.svg,1679,1299,0,14,2048,1,0,0.0,0.0,140.0,140.0,48,0,0,1631,0,0,0
train,0422-0029.svg,1662,563,0,7,2048,1,0,0.0,0.0,140.0,140.0,7,0,0,1655,0,0,0
train,0422-0030.svg,691,324,0,6,2048,1,0,0.0,0.0,140.0,140.0,7,0,0,684,0,0,0
train,0422-0034.svg,1412,625,0,8,2048,1,0,0.0,0.0,140.0,140.0,5,0,0,1407,0,0,0
train,0423-0004.svg,1103,447,0,8,2048,1,0,0.0,0.0,140.0,140.0,3,0,0,1100,0,0,0
train,0423-0008.svg,623,82,0,6,2048,1,0,0.0,0.0,140.0,140.0,6,0,0,617,0,0,0
train,0423-0013.svg,1098,69,0,3,2048,1,0,0.0,0.0,140.0,140.0,4,0,0,1094,0,0,0
train,0423-0017.svg,805,372,0,6,2048,1,0,0.0,0.0,140.0,140.0,1,0,0,804,0,0,0
train,0423-0023.svg,866,532,0,4,2048,1,0,0.0,0.0,140.0,140.0,3,0,0,863,0,0,0
train,0424-0003.svg,439,49,0,2,2048,1,0,0.0,0.0,140.0,140.0,4,0,0,435,0,0,0
train,0424-0005.svg,453,62,0,2,2048,1,0,0.0,0.0,140.0,140.0,4,0,0,449,0,0,0
train,0424-0006.svg,620,230,0,5,2048,1,0,0.0,0.0,140.0,140.0,27,0,0,593,0,0,0
train,0424-0017.svg,1038,580,0,11,2048,1,0,0.0,0.0,140.0,140.0,38,8,0,992,0,0,0
train,0424-0021.svg,576,267,0,5,2048,1,0,0.0,0.0,140.0,140.0,22,0,0,554,0,0,0
train,0425-0003.svg,680,199,0,4,2048,1,0,0.0,0.0,140.0,140.0,4,0,0,676,0,0,0
train,0425-0007.svg,511,111,0,5,2048,1,0,0.0,0.0,140.0,140.0,5,0,0,506,0,0,0
train,0425-0008.svg,555,149,0,3,2048,1,0,0.0,0.0,140.0,140.0,14,0,0,541,0,0,0
train,0426-0006.svg,1206,822,0,14,2048,1,0,0.0,0.0,140.0,140.0,22,0,0,1184,0,0,0
train,0426-0012.svg,1526,854,0,12,2048,1,0,0.0,0.0,140.0,140.0,39,0,0,1487,0,0,0
train,0426-0022.svg,1619,835,0,13,2048,1,0,0.0,0.0,140.0,140.0,36,0,0,1583,0,0,0
train,0427-0005.svg,2969,1531,0,16,2048,2,0,0.0,0.0,140.0,140.0,44,2,0,2923,0,0,0
train,0427-0020.svg,990,450,0,4,2048,1,0,0.0,0.0,140.0,140.0,0,0,0,990,0,0,0
train,0427-0029.svg,533,429,0,1,2048,1,0,0.0,0.0,140.0,140.0,7,0,0,526,0,0,0
train,0429-0006.svg,450,254,0,6,2048,1,0,0.0,0.0,140.0,140.0,10,0,0,440,0,0,0
train,0429-0007.svg,6321,5910,0,6,2048,4,0,0.0,0.0,140.0,140.0,6,0,0,6315,0,0,0
train,0429-0009.svg,6092,5610,0,7,2048,3,0,0.0,0.0,140.0,140.0,9,0,0,6083,0,0,0
train,0429-0014.svg,493,258,0,6,2048,1,0,0.0,0.0,140.0,140.0,10,0,0,483,0,0,0
train,0430-0003.svg,4661,4220,0,7,2048,3,0,0.0,0.0,140.0,140.0,5,0,0,4656,0,0,0
train,0430-0007.svg,5426,5028,0,5,2048,3,0,0.0,0.0,140.0,140.0,6,0,0,5420,0,0,0
train,0430-0009.svg,5051,4649,0,5,2048,3,0,0.0,0.0,140.0,140.0,6,0,0,5045,0,0,0
train,0431-0005.svg,5513,4917,0,8,2048,3,0,0.0,0.0,140.0,140.0,7,0,0,5506,0,0,0
train,0431-0011.svg,1521,982,0,13,2048,1,0,0.0,0.0,140.0,140.0,53,9,0,1459,0,0,0
train,0431-0017.svg,2379,1784,0,13,2048,2,0,0.0,0.0,140.0,140.0,44,6,0,2329,0,0,0
train,0431-0018.svg,1890,1470,0,9,2048,1,0,0.0,0.0,140.0,140.0,25,6,0,1859,0,0,0
train,0431-0021.svg,432,95,0,3,2048,1,0,0.0,0.0,140.0,140.0,7,3,0,422,0,0,0
train,0431-0023.svg,2813,1635,0,14,2048,2,0,0.0,0.0,140.0,140.0,44,12,0,2757,0,0,0
train,0432-0001.svg,904,263,0,5,2048,1,0,0.0,0.0,140.0,140.0,5,0,0,899,0,0,0
train,0432-0007.svg,301,28,0,1,2048,1,0,0.0,0.0,140.0,140.0,0,0,0,301,0,0,0
train,0432-0010.svg,359,43,0,1,2048,1,0,0.0,0.0,140.0,140.0,12,0,0,347,0,0,0
train,0432-0013.svg,360,29,0,1,2048,1,0,0.0,0.0,140.0,140.0,4,0,0,356,0,0,0
train,0432-0017.svg,4703,4337,0,6,2048,3,0,0.0,0.0,140.0,140.0,4,0,0,4699,0,0,0
train,0432-0021.svg,1842,1222,0,8,2048,1,0,0.0,0.0,140.0,140.0,14,0,0,1828,0,0,0
train,0432-0022.svg,1462,866,0,14,2048,1,0,0.0,0.0,140.0,140.0,24,0,0,1438,0,0,0
train,0433-0005.svg,5508,4970,0,11,2048,3,0,0.0,0.0,140.0,140.0,7,0,0,5501,0,0,0
train,0433-0007.svg,6510,5909,0,8,2048,4,0,0.0,0.0,140.0,140.0,6,0,0,6504,0,0,0
train,0433-0017.svg,701,153,0,4,2048,1,0,0.0,0.0,140.0,140.0,4,3,0,694,0,0,0
train,0433-0061.svg,1632,1145,0,7,2048,1,0,0.0,0.0,140.0,140.0,43,3,0,1586,0,0,0
train,0433-0062.svg,6988,3547,0,11,2048,4,0,0.0,0.0,140.0,140.0,144,23,0,6821,0,0,0
train,0434-0004.svg,1622,1006,0,11,2048,1,0,0.0,0.0,140.0,140.0,62,0,0,1560,0,0,0
train,0434-0007.svg,2795,2076,0,7,2048,2,0,0.0,0.0,140.0,140.0,10,0,0,2785,0,0,0
train,0434-0009.svg,396,208,0,6,2048,1,0,0.0,0.0,140.0,140.0,7,0,0,389,0,0,0
train,0434-0012.svg,1254,739,0,13,2048,1,0,0.0,0.0,140.0,140.0,46,0,0,1208,0,0,0
train,0434-0019.svg,3241,2797,0,8,2048,2,0,0.0,0.0,140.0,140.0,5,0,0,3236,0,0,0
train,0434-0022.svg,578,265,0,4,2048,1,0,0.0,0.0,140.0,140.0,7,0,0,571,0,0,0
train,0435-0004.svg,2489,1814,0,10,2048,2,0,0.0,0.0,140.0,140.0,19,0,0,2470,0,0,0
train,0435-0006.svg,791,249,0,7,2048,1,0,0.0,0.0,140.0,140.0,19,0,0,772,0,0,0
train,0435-0013.svg,4507,4110,0,9,2048,3,0,0.0,0.0,140.0,140.0,7,0,0,4500,0,0,0
train,0435-0018.svg,433,132,0,3,2048,1,0,0.0,0.0,140.0,140.0,13,0,0,420,0,0,0
train,0435-0023.svg,521,192,0,4,2048,1,0,0.0,0.0,140.0,140.0,15,0,0,506,0,0,0
train,0436-0000.svg,457,6,0,1,2048,1,0,0.0,0.0,140.0,140.0,3,0,0,454,0,0,0
train,0436-0003.svg,5009,4491,0,9,2048,3,0,0.0,0.0,140.0,140.0,9,0,0,5000,0,0,0
train,0436-0009.svg,6069,5591,0,8,2048,3,0,0.0,0.0,140.0,140.0,9,0,0,6060,0,0,0
train,0436-0022.svg,712,90,0,3,2048,1,0,0.0,0.0,140.0,140.0,10,0,0,702,0,0,0
train,0437-0004.svg,6617,2288,0,8,2048,4,0,0.0,0.0,140.0,140.0,12,0,0,6605,0,0,0
train,0437-0010.svg,1680,1092,0,8,2048,1,0,0.0,0.0,140.0,140.0,84,0,0,1596,0,0,0
train,0437-0013.svg,9200,8881,0,5,2048,5,0,0.0,0.0,140.0,140.0,10,0,0,9190,0,0,0
train,0437-0016.svg,8995,6932,0,10,2048,5,0,0.0,0.0,140.0,140.0,39,0,0,8956,0,0,0
train,0437-0020.svg,778,370,0,8,2048,1,0,0.0,0.0,140.0,140.0,17,0,0,761,0,0,0
train,0437-0022.svg,5919,5528,0,9,2048,3,0,0.0,0.0,140.0,140.0,12,0,0,5907,0,0,0
train,0437-0023.svg,2567,2124,0,6,2048,2,0,0.0,0.0,140.0,140.0,11,0,0,2556,0,0,0
train,0437-0027.svg,245,41,0,2,2048,1,0,0.0,0.0,140.0,140.0,8,0,0,237,0,0,0
train,0437-0028.svg,1308,849,0,6,2048,1,0,0.0,0.0,140.0,140.0,11,0,0,1297,0,0,0
train,0437-0029.svg,268,232,0,5,2048,1,0,0.0,0.0,140.0,140.0,0,0,0,268,0,0,0
train,0437-0033.svg,1132,709,0,6,2048,1,0,0.0,0.0,140.0,140.0,8,0,0,1124,0,0,0
train,0437-0037.svg,1199,733,0,7,2048,1,0,0.0,0.0,140.0,140.0,21,0,0,1178,0,0,0
train,0437-0045.svg,338,157,0,3,2048,1,0,0.0,0.0,140.0,140.0,6,0,0,332,0,0,0
train,0437-0052.svg,110,43,0,4,2048,1,0,0.0,0.0,140.0,140.0,16,0,0,94,0,0,0
train,0437-0065.svg,164,35,0,3,2048,1,0,0.0,0.0,140.0,140.0,0,0,0,164,0,0,0
train,0437-0067.svg,245,83,0,5,2048,1,0,0.0,0.0,140.0,140.0,2,0,0,243,0,0,0
train,0437-0075.svg,591,279,0,8,2048,1,0,0.0,0.0,140.0,140.0,8,0,0,583,0,0,0
train,0437-0078.svg,1379,861,0,12,2048,1,0,0.0,0.0,140.0,140.0,47,9,0,1323,0,0,0
train,0437-0079.svg,947,629,0,8,2048,1,0,0.0,0.0,140.0,140.0,32,6,0,909,0,0,0
train,0437-0084.svg,1111,736,0,9,2048,1,0,0.0,0.0,140.0,140.0,21,0,0,1090,0,0,0
train,0437-0087.svg,716,453,0,7,2048,1,0,0.0,0.0,140.0,140.0,48,16,0,652,0,0,0
train,0437-0095.svg,322,174,0,3,2048,1,0,0.0,0.0,140.0,140.0,14,0,0,308,0,0,0
train,0437-0097.svg,655,372,0,8,2048,1,0,0.0,0.0,140.0,140.0,15,9,0,631,0,0,0
train,0438-0007.svg,6947,4578,0,12,2048,4,0,0.0,0.0,140.0,140.0,32,0,0,6915,0,0,0
train,0438-0013.svg,9335,8893,0,5,2048,5,0,0.0,0.0,140.0,140.0,10,0,0,9325,0,0,0
train,0438-0016.svg,9060,7216,0,10,2048,5,0,0.0,0.0,140.0,140.0,37,0,0,9023,0,0,0
train,0438-0022.svg,5918,5379,0,9,2048,3,0,0.0,0.0,140.0,140.0,11,0,0,5907,0,0,0
train,0439-0004.svg,6453,2359,0,9,2048,4,0,0.0,0.0,140.0,140.0,8,0,0,6445,0,0,0
train,0439-0006.svg,1619,467,0,10,2048,1,0,0.0,0.0,140.0,140.0,17,0,0,1602,0,0,0
train,0439-0007.svg,6740,4329,0,13,2048,4,0,0.0,0.0,140.0,140.0,35,0,0,6705,0,0,0
train,0439-0009.svg,1047,761,0,8,2048,1,0,0.0,0.0,140.0,140.0,14,0,0,1033,0,0,0
train,0439-0019.svg,8573,7831,0,7,2048,5,0,0.0,0.0,140.0,140.0,14,0,0,8559,0,0,0
train,0439-0020.svg,736,47,0,2,2048,1,0,0.0,0.0,140.0,140.0,0,0,0,736,0,0,0
train,0439-0022.svg,5914,5417,0,8,2048,3,0,0.0,0.0,140.0,140.0,11,0,0,5903,0,0,0
train,0439-0028.svg,593,189,0,7,2048,1,0,0.0,0.0,140.0,140.0,4,0,0,589,0,0,0
train,0440-0006.svg,364,185,0,4,2048,1,0,0.0,0.0,140.0,140.0,4,0,0,360,0,0,0
train,0440-0007.svg,2842,126,0,3,2048,2,0,0.0,0.0,140.0,140.0,19,0,0,2823,0,0,0
train,0440-0010.svg,1902,1427,0,8,2048,1,0,0.0,0.0,140.0,140.0,10,0,0,1892,0,0,0
train,0440-0014.svg,3530,3250,0,7,2048,2,0,0.0,0.0,140.0,140.0,9,0,0,3521,0,0,0
train,0440-0019.svg,3771,3080,0,6,2048,2,0,0.0,0.0,140.0,140.0,10,0,0,3761,0,0,0
train,0440-0024.svg,2132,1598,0,9,2048,2,0,0.0,0.0,140.0,140.0,37,5,0,2090,0,0,0
train,0440-0032.svg,2633,329,0,5,2048,2,0,0.0,0.0,140.0,140.0,9,0,0,2624,0,0,0
train,0440-0044.svg,1671,1179,0,12,2048,1,0,0.0,0.0,140.0,140.0,25,1,0,1645,0,0,0
train,0441-0007.svg,6182,5617,0,6,2048,4,0,0.0,0.0,140.0,140.0,6,0,0,6176,0,0,0
train,0441-0009.svg,6066,5564,0,7,2048,3,0,0.0,0.0,140.0,140.0,8,0,0,6058,0,0,0
train,0442-0003.svg,4980,4305,0,10,2048,3,0,0.0,0.0,140.0,140.0,9,0,0,4971,0,0,0
train,0442-0009.svg,1026,500,0,9,2048,1,0,0.0,0.0,140.0,140.0,27,0,0,999,0,0,0
train,0442-0017.svg,554,427,0,4,2048,1,0,0.0,0.0,140.0,140.0,13,0,0,541,0,0,0
train,0443-0010.svg,1675,432,0,6,2048,1,0,0.0,0.0,140.0,140.0,24,0,0,1651,0,0,0
train,0443-0017.svg,4613,4135,0,6,2048,3,0,0.0,0.0,140.0,140.0,5,0,0,4608,0,0,0
train,0443-0022.svg,4373,3678,0,6,2048,3,0,0.0,0.0,140.0,140.0,6,0,0,4367,0,0,0
train,0443-0028.svg,3784,3142,0,10,2048,2,0,0.0,0.0,140.0,140.0,24,0,0,3760,0,0,0
train,0443-0035.svg,4581,4065,0,5,2048,3,0,0.0,0.0,140.0,140.0,7,0,0,4574,0,0,0
train,0443-0074.svg,89,39,0,2,2048,1,0,0.0,0.0,140.0,140.0,0,0,0,89,0,0,0
train,0443-0095.svg,103,34,0,3,2048,1,0,0.0,0.0,140.0,140.0,2,0,0,101,0,0,0
train,0443-0096.svg,368,181,0,6,2048,1,0,0.0,0.0,140.0,140.0,3,0,0,365,0,0,0
train,0443-0100.svg,358,166,0,6,2048,1,0,0.0,0.0,140.0,140.0,2,0,0,356,0,0,0
train,0444-0008.svg,532,270,0,4,2048,1,0,0.0,0.0,140.0,140.0,25,0,0,507,0,0,0
train,0444-0010.svg,1527,645,0,7,2048,1,0,0.0,0.0,140.0,140.0,23,0,0,1504,0,0,0
train,0444-0014.svg,488,238,0,4,2048,1,0,0.0,0.0,140.0,140.0,23,0,0,465,0,0,0
train,0444-0023.svg,4493,4141,0,5,2048,3,0,0.0,0.0,140.0,140.0,4,0,0,4489,0,0,0
train,0444-0029.svg,3842,3456,0,7,2048,2,0,0.0,0.0,140.0,140.0,3,0,0,3839,0,0,0
train,0444-0033.svg,727,435,0,8,2048,1,0,0.0,0.0,140.0,140.0,21,0,0,706,0,0,0
train,0444-0034.svg,713,377,0,5,2048,1,0,0.0,0.0,140.0,140.0,8,0,0,705,0,0,0
train,0444-0037.svg,152,54,0,3,2048,1,0,0.0,0.0,140.0,140.0,1,0,0,151,0,0,0
train,0445-0006.svg,7746,3470,0,11,2048,4,0,0.0,0.0,140.0,140.0,28,0,0,7718,0,0,0
train,0445-0007.svg,1196,621,0,11,2048,1,0,0.0,0.0,140.0,140.0,44,7,0,1145,0,0,0
train,0445-0012.svg,1150,631,0,11,2048,1,0,0.0,0.0,140.0,140.0,49,5,0,1096,0,0,0
train,0445-0013.svg,481,156,0,3,2048,1,0,0.0,0.0,140.0,140.0,5,0,0,476,0,0,0
train,0445-0018.svg,7986,5936,0,9,2048,4,0,0.0,0.0,140.0,140.0,14,0,0,7972,0,0,0
train,0445-0022.svg,1141,607,0,9,2048,1,0,0.0,0.0,140.0,140.0,40,8,0,1093,0,0,0
train,0445-0023.svg,6356,2917,0,10,2048,4,0,0.0,0.0,140.0,140.0,28,0,0,6328,0,0,0
train,0445-0034.svg,4684,4466,0,6,2048,3,0,0.0,0.0,140.0,140.0,9,0,0,4675,0,0,0
train,0445-0039.svg,4442,4200,0,5,2048,3,0,0.0,0.0,140.0,140.0,9,0,0,4433,0,0,0
train,0445-0043.svg,6515,5158,0,9,2048,4,0,0.0,0.0,140.0,140.0,23,0,0,6492,0,0,0
train,0445-0044.svg,4470,4196,0,5,2048,3,0,0.0,0.0,140.0,140.0,8,0,0,4462,0,0,0
train,0445-0048.svg,5147,4694,0,10,2048,3,0,0.0,0.0,140.0,140.0,11,0,0,5136,0,0,0
train,0446-0005.svg,2737,280,0,5,2048,2,0,0.0,0.0,140.0,140.0,3,0,0,2734,0,0,0
train,0446-0006.svg,981,611,0,11,2048,1,0,0.0,0.0,140.0,140.0,33,3,0,945,0,0,0
train,0446-0012.svg,6934,6400,0,8,2048,4,0,0.0,0.0,140.0,140.0,13,0,0,6921,0,0,0
train,0446-0018.svg,8030,5966,0,10,2048,4,0,0.0,0.0,140.0,140.0,14,0,0,8016,0,0,0
train,0446-0023.svg,6355,3044,0,11,2048,4,0,0.0,0.0,140.0,140.0,26,0,0,6329,0,0,0
train,0446-0033.svg,7056,6725,0,7,2048,4,0,0.0,0.0,140.0,140.0,9,0,0,7047,0,0,0
train,0446-0038.svg,6528,5082,0,9,2048,4,0,0.0,0.0,140.0,140.0,26,0,0,6502,0,0,0
train,0446-0039.svg,4570,4204,0,5,2048,3,0,0.0,0.0,140.0,140.0,9,0,0,4561,0,0,0
train,0446-0043.svg,6617,5091,0,9,2048,4,0,0.0,0.0,140.0,140.0,23,0,0,6594,0,0,0
train,0446-0048.svg,5192,4072,0,4,2048,3,0,0.0,0.0,140.0,140.0,11,0,0,5181,0,0,0
train,0447-0006.svg,7753,3472,0,12,2048,4,0,0.0,0.0,140.0,140.0,27,0,0,7726,0,0,0
train,0447-0012.svg,6839,6318,0,7,2048,4,0,0.0,0.0,140.0,140.0,13,0,0,6826,0,0,0
train,0447-0018.svg,7982,5959,0,9,2048,4,0,0.0,0.0,140.0,140.0,14,0,0,7968,0,0,0
train,0447-0019.svg,2915,2739,0,7,2048,2,0,0.0,0.0,140.0,140.0,12,0,0,2903,0,0,0
train,0447-0023.svg,6363,3033,0,11,2048,4,0,0.0,0.0,140.0,140.0,26,0,0,6337,0,0,0
train,0447-0024.svg,4733,4475,0,6,2048,3,0,0.0,0.0,140.0,140.0,14,0,0,4719,0,0,0
train,0447-0038.svg,6452,5018,0,7,2048,4,0,0.0,0.0,140.0,140.0,27,0,0,6425,0,0,0
train,0447-0043.svg,6527,5103,0,6,2048,4,0,0.0,0.0,140.0,140.0,24,0,0,6503,0,0,0
train,0447-0044.svg,4460,4230,0,6,2048,3,0,0.0,0.0,140.0,140.0,8,0,0,4452,0,0,0
train,0448-0006.svg,7742,3496,0,10,2048,4,0,0.0,0.0,140.0,140.0,27,0,0,7715,0,0,0
train,0448-0010.svg,4233,1645,0,16,2048,3,0,0.0,0.0,140.0,140.0,31,4,0,4198,0,0,0
train,0448-0012.svg,6909,6394,0,7,2048,4,0,0.0,0.0,140.0,140.0,13,0,0,6896,0,0,0
train,0448-0013.svg,5128,4740,0,6,2048,3,0,0.0,0.0,140.0,140.0,15,0,0,5113,0,0,0
train,0448-0014.svg,4344,1721,0,13,2048,3,0,0.0,0.0,140.0,140.0,36,3,0,4305,0,0,0
train,0448-0018.svg,8022,5863,0,10,2048,4,0,0.0,0.0,140.0,140.0,14,0,0,8008,0,0,0
train,0448-0029.svg,1760,1256,0,8,2048,1,0,0.0,0.0,140.0,140.0,11,0,0,1749,0,0,0
train,0448-0033.svg,5672,5338,0,6,2048,3,0,0.0,0.0,140.0,140.0,10,0,0,5662,0,0,0
train,0448-0039.svg,4487,4197,0,5,2048,3,0,0.0,0.0,140.0,140.0,9,0,0,4478,0,0,0
train,0448-0043.svg,5738,4341,0,9,2048,3,0,0.0,0.0,140.0,140.0,22,0,0,5716,0,0,0
train,0448-0054.svg,319,187,0,4,2048,1,0,0.0,0.0,140.0,140.0,2,0,0,317,0,0,0
train,0449-0002.svg,1721,1049,0,14,2048,1,0,0.0,0.0,140.0,140.0,34,0,0,1687,0,0,0
train,0449-0019.svg,6257,588,0,5,2048,4,0,0.0,0.0,140.0,140.0,54,0,0,6203,0,0,0
train,0450-0002.svg,1720,1082,0,16,2048,1,0,0.0,0.0,140.0,140.0,34,0,0,1686,0,0,0
train,0451-0004.svg,1846,1106,0,16,2048,1,0,0.0,0.0,140.0,140.0,51,1,0,1794,0,0,0
train,0451-0005.svg,1648,1065,0,20,2048,1,0,0.0,0.0,140.0,140.0,50,0,0,1598,0,0,0
train,0452-0000.svg,1007,417,0,15,2048,1,0,0.0,0.0,140.0,140.0,25,0,0,982,0,0,0
train,0452-0063.svg,512,356,0,10,2048,1,0,0.0,0.0,140.0,140.0,5,6,0,501,0,0,0
train,0452-0074.svg,2431,1863,0,12,2048,2,0,0.0,0.0,140.0,140.0,73,24,0,2334,0,0,0
train,0452-0084.svg,1170,699,0,9,2048,1,0,0.0,0.0,140.0,140.0,26,0,0,1144,0,0,0
train,0452-0085.svg,2318,1706,0,10,2048,2,0,0.0,0.0,140.0,140.0,60,21,0,2237,0,0,0
train,0452-0086.svg,379,262,0,5,2048,1,0,0.0,0.0,140.0,140.0,2,0,0,377,0,0,0
train,0452-0095.svg,659,469,0,10,2048,1,0,0.0,0.0,140.0,140.0,16,0,0,643,0,0,0
train,0453-0000.svg,981,194,0,6,2048,1,0,0.0,0.0,140.0,140.0,4,2,0,975,0,0,0
train,0453-0001.svg,1997,530,0,6,2048,1,0,0.0,0.0,140.0,140.0,6,0,0,1991,0,0,0
train,0453-0002.svg,1718,959,0,16,2048,1,0,0.0,0.0,140.0,140.0,34,0,0,1684,0,0,0
train,0453-0004.svg,1733,867,0,13,2048,1,0,0.0,0.0,140.0,140.0,35,0,0,1698,0,0,0
train,0453-0008.svg,930,401,0,2,2048,1,0,0.0,0.0,140.0,140.0,2,0,0,928,0,0,0
train,0454-0023.svg,1104,702,0,3,2048,1,0,0.0,0.0,140.0,140.0,5,0,0,1099,0,0,0
train,0455-0001.svg,1674,1189,0,19,2048,1,0,0.0,0.0,140.0,140.0,9,0,0,1665,0,0,0
train,0455-0002.svg,1767,1092,0,17,2048,1,0,0.0,0.0,140.0,140.0,48,0,0,1719,0,0,0
train,0455-0004.svg,1847,1152,0,15,2048,1,0,0.0,0.0,140.0,140.0,51,1,0,1795,0,0,0
train,0456-0004.svg,713,304,0,6,2048,1,0,0.0,0.0,140.0,140.0,2,0,0,711,0,0,0
train,0456-0005.svg,961,384,0,7,2048,1,0,0.0,0.0,140.0,140.0,5,0,0,956,0,0,0
train,0457-0002.svg,1726,1052,0,16,2048,1,0,0.0,0.0,140.0,140.0,34,0,0,1692,0,0,0
train,0457-0004.svg,1732,1082,0,16,2048,1,0,0.0,0.0,140.0,140.0,35,0,0,1697,0,0,0
train,0458-0002.svg,1727,1103,0,16,2048,1,0,0.0,0.0,140.0,140.0,34,0,0,1693,0,0,0
train,0458-0007.svg,1420,533,0,10,2048,1,0,0.0,0.0,140.0,140.0,30,10,0,1380,0,0,0
train,0458-0012.svg,1395,637,0,11,2048,1,0,0.0,0.0,140.0,140.0,24,12,0,1359,0,0,0
train,0458-0021.svg,673,83,0,3,2048,1,0,0.0,0.0,140.0,140.0,13,0,0,660,0,0,0
train,0459-0002.svg,1723,1023,0,14,2048,1,0,0.0,0.0,140.0,140.0,34,0,0,1689,0,0,0
train,0459-0004.svg,1732,1133,0,17,2048,1,0,0.0,0.0,140.0,140.0,35,0,0,1697,0,0,0
train,0459-0007.svg,530,77,0,1,2048,1,0,0.0,0.0,140.0,140.0,7,0,0,523,0,0,0
train,0460-0003.svg,291,101,0,2,2048,1,0,0.0,0.0,140.0,140.0,8,0,0,283,0,0,0
train,0460-0004.svg,1781,918,0,14,2048,1,0,0.0,0.0,140.0,140.0,37,0,0,1744,0,0,0
train,0460-0011.svg,416,148,0,4,2048,1,0,0.0,0.0,140.0,140.0,4,0,0,412,0,0,0
train,0461-0003.svg,1594,1002,0,17,2048,1,0,0.0,0.0,140.0,140.0,39,0,0,1555,0,0,0
train,0461-0018.svg,1789,980,0,13,2048,1,0,0.0,0.0,140.0,140.0,41,0,0,1748,0,0,0
train,0461-0025.svg,2149,1600,0,10,2048,2,0,0.0,0.0,140.0,140.0,78,0,0,2071,0,0,0
train,0462-0002.svg,167,4,0,1,2048,1,0,0.0,0.0,140.0,140.0,2,0,0,165,0,0,0
train,0462-0005.svg,2714,1994,0,16,2048,2,0,0.0,0.0,140.0,140.0,75,6,0,2633,0,0,0
train,0462-0012.svg,363,104,0,3,2048,1,0,0.0,0.0,140.0,140.0,11,0,0,352,0,0,0
train,0462-0016.svg,1116,669,0,10,2048,1,0,0.0,0.0,140.0,140.0,7,0,0,1109,0,0,0
train,0462-0022.svg,265,6,0,1,2048,1,0,0.0,0.0,140.0,140.0,2,0,0,263,0,0,0
train,0462-0026.svg,478,55,0,2,2048,1,0,0.0,0.0,140.0,140.0,9,0,0,469,0,0,0
train,0462-0038.svg,5434,35,0,2,2048,3,0,0.0,0.0,140.0,140.0,2,0,0,5432,0,0,0
train,0462-0039.svg,2525,2280,0,5,2048,2,0,0.0,0.0,140.0,140.0,7,0,0,2518,0,0,0
train,0462-0046.svg,1259,146,0,4,2048,1,0,0.0,0.0,140.0,140.0,19,0,0,1240,0,0,0
train,0462-0047.svg,1120,653,0,8,2048,1,0,0.0,0.0,140.0,140.0,7,0,0,1113,0,0,0
train,0462-0058.svg,533,232,0,4,2048,1,0,0.0,0.0,140.0,140.0,7,0,0,526,0,0,0
train,0462-0073.svg,330,50,0,2,2048,1,0,0.0,0.0,140.0,140.0,2,0,0,328,0,0,0
train,0463-0001.svg,2540,1470,0,19,2048,2,0,0.0,0.0,140.0,140.0,49,10,0,2481,0,0,0
train,0463-0007.svg,2800,2089,0,17,2048,2,0,0.0,0.0,140.0,140.0,111,20,0,2669,0,0,0
train,0463-0009.svg,2739,2076,0,17,2048,2,0,0.0,0.0,140.0,140.0,74,6,0,2659,0,0,0
train,0463-0015.svg,266,101,0,5,2048,1,0,0.0,0.0,140.0,140.0,12,0,0,254,0,0,0
train,0463-0016.svg,416,127,0,8,2048,1,0,0.0,0.0,140.0,140.0,20,0,0,396,0,0,0
train,0464-0002.svg,1428,1128,0,10,2048,1,0,0.0,0.0,140.0,140.0,15,0,0,1413,0,0,0
train,0464-0007.svg,1236,781,0,11,2048,1,0,0.0,0.0,140.0,140.0,14,0,0,1222,0,0,0
train,0464-0022.svg,907,481,0,10,2048,1,0,0.0,0.0,140.0,140.0,28,0,0,879,0,0,0
train,0465-0003.svg,2651,1959,0,15,2048,2,0,0.0,0.0,140.0,140.0,60,6,0,2585,0,0,0
train,0466-0002.svg,1729,1125,0,17,2048,1,0,0.0,0.0,140.0,140.0,35,0,0,1694,0,0,0
train,0466-0004.svg,1725,1085,0,16,2048,1,0,0.0,0.0,140.0,140.0,35,0,0,1690,0,0,0
train,0466-0031.svg,895,660,0,7,2048,1,0,0.0,0.0,140.0,140.0,9,0,0,886,0,0,0
train,0466-0042.svg,1251,999,0,17,2048,1,0,0.0,0.0,140.0,140.0,32,6,0,1213,0,0,0
train,0466-0046.svg,477,347,0,8,2048,1,0,0.0,0.0,140.0,140.0,2,0,0,475,0,0,0
train,0467-0002.svg,1731,1014,0,13,2048,1,0,0.0,0.0,140.0,140.0,35,0,0,1696,0,0,0
train,0467-0004.svg,1728,960,0,14,2048,1,0,0.0,0.0,140.0,140.0,35,0,0,1693,0,0,0
train,0468-0001.svg,1333,926,0,13,2048,1,0,0.0,0.0,140.0,140.0,35,3,0,1295,0,0,0
train,0468-0002.svg,1863,1102,0,17,2048,1,0,0.0,0.0,140.0,140.0,51,1,0,1811,0,0,0
train,0468-0004.svg,1799,870,0,14,2048,1,0,0.0,0.0,140.0,140.0,49,0,0,1750,0,0,0
train,0469-0002.svg,3127,1096,0,15,2048,2,0,0.0,0.0,140.0,140.0,71,1,0,3055,0,0,0
train,0469-0017.svg,1278,505,0,9,2048,1,0,0.0,0.0,140.0,140.0,18,12,0,1248,0,0,0
train,0469-0021.svg,670,139,0,3,2048,1,0,0.0,0.0,140.0,140.0,13,0,0,657,0,0,0
train,0470-0004.svg,1731,1096,0,17,2048,1,0,0.0,0.0,140.0,140.0,35,0,0,1696,0,0,0
train,0471-0002.svg,1731,873,0,13,2048,1,0,0.0,0.0,140.0,140.0,37,0,0,1694,0,0,0
train,0471-0003.svg,1410,96,0,6,2048,1,0,0.0,0.0,140.0,140.0,2,0,0,1408,0,0,0
train,0471-0004.svg,1726,1044,0,15,2048,1,0,0.0,0.0,140.0,140.0,35,0,0,1691,0,0,0
train,0471-0009.svg,919,65,0,3,2048,1,0,0.0,0.0,140.0,140.0,0,0,0,919,0,0,0
train,0472-0002.svg,1845,96,0,3,2048,1,0,0.0,0.0,140.0,140.0,51,1,0,1793,0,0,0
train,0472-0004.svg,1777,907,0,14,2048,1,0,0.0,0.0,140.0,140.0,49,0,0,1728,0,0,0
train,0472-0012.svg,1012,644,0,10,2048,1,0,0.0,0.0,140.0,140.0,37,7,0,968,0,0,0
train,0472-0013.svg,378,160,0,4,2048,1,0,0.0,0.0,140.0,140.0,4,0,0,374,0,0,0
train,0473-0001.svg,969,565,0,4,2048,1,0,0.0,0.0,140.0,140.0,8,0,0,961,0,0,0
train,0473-0002.svg,1897,1169,0,19,2048,1,0,0.0,0.0,140.0,140.0,50,1,0,1846,0,0,0
train,0473-0078.svg,935,624,0,5,2048,1,0,0.0,0.0,140.0,140.0,17,0,0,918,0,0,0
train,0473-0120.svg,717,263,0,8,2048,1,0,0.0,0.0,140.0,140.0,20,0,0,697,0,0,0
train,0474-0001.svg,1262,882,0,13,2048,1,0,0.0,0.0,140.0,140.0,41,0,0,1221,0,0,0
train,0474-0005.svg,423,112,0,5,2048,1,0,0.0,0.0,140.0,140.0,5,0,0,418,0,0,0
train,0474-0007.svg,1375,511,0,10,2048,1,0,0.0,0.0,140.0,140.0,19,16,0,1340,0,0,0
train,0474-0008.svg,505,196,0,6,2048,1,0,0.0,0.0,140.0,140.0,10,0,0,495,0,0,0
train,0474-0017.svg,1290,501,0,11,2048,1,0,0.0,0.0,140.0,140.0,19,13,0,1258,0,0,0
train,0475-0003.svg,2407,1521,0,14,2048,2,0,0.0,0.0,140.0,140.0,64,0,0,2343,0,0,0
train,0475-0004.svg,214,122,0,6,2048,1,0,0.0,0.0,140.0,140.0,10,2,0,202,0,0,0
train,0475-0008.svg,2351,1528,0,13,2048,2,0,0.0,0.0,140.0,140.0,65,0,0,2286,0,0,0
train,0476-0005.svg,2391,1527,0,13,2048,2,0,0.0,0.0,140.0,140.0,65,0,0,2326,0,0,0
train,0476-0008.svg,2357,1513,0,13,2048,2,0,0.0,0.0,140.0,140.0,65,0,0,2292,0,0,0
train,0477-0005.svg,2396,1548,0,13,2048,2,0,0.0,0.0,140.0,140.0,67,0,0,2329,0,0,0
train,0477-0006.svg,2380,1497,0,12,2048,2,0,0.0,0.0,140.0,140.0,66,0,0,2314,0,0,0
train,0477-0008.svg,2369,1532,0,12,2048,2,0,0.0,0.0,140.0,140.0,67,0,0,2302,0,0,0
train,0478-0486.svg,97,52,0,3,2048,1,0,0.0,0.0,140.0,140.0,0,0,0,97,0,0,0
train,0478-0507.svg,441,246,0,5,2048,1,0,0.0,0.0,140.0,140.0,0,0,0,441,0,0,0
train,0478-0508.svg,2273,1792,0,10,2048,2,0,0.0,0.0,140.0,140.0,47,0,0,2226,0,0,0
train,0478-0513.svg,366,155,0,3,2048,1,0,0.0,0.0,140.0,140.0,8,0,0,358,0,0,0
train,0478-0515.svg,364,158,0,3,2048,1,0,0.0,0.0,140.0,140.0,5,0,0,359,0,0,0
train,0478-0528.svg,342,179,0,5,2048,1,0,0.0,0.0,140.0,140.0,2,0,0,340,0,0,0
train,0478-0531.svg,123,58,0,5,2048,1,0,0.0,0.0,140.0,140.0,1,0,0,122,0,0,0
train,0478-0537.svg,253,82,0,4,2048,1,0,0.0,0.0,140.0,140.0,3,0,0,250,0,0,0
train,0478-0541.svg,1155,23,0,1,2048,1,0,0.0,0.0,140.0,140.0,3,0,0,1152,0,0,0
train,0478-0557.svg,174,118,0,4,2048,1,0,0.0,0.0,140.0,140.0,0,0,0,174,0,0,0
train,0478-0572.svg,119,57,0,4,2048,1,0,0.0,0.0,140.0,140.0,1,0,0,118,0,0,0
train,0478-0573.svg,107,45,0,4,2048,1,0,0.0,0.0,140.0,140.0,1,0,0,106,0,0,0
train,0478-0634.svg,346,152,0,4,2048,1,0,0.0,0.0,140.0,140.0,3,0,0,343,0,0,0
train,0478-0639.svg,535,289,0,3,2048,1,0,0.0,0.0,140.0,140.0,3,0,0,532,0,0,0
train,0478-0643.svg,158,79,0,5,2048,1,0,0.0,0.0,140.0,140.0,3,0,0,155,0,0,0
train,0478-0661.svg,58,8,0,1,2048,1,0,0.0,0.0,140.0,140.0,2,0,0,56,0,0,0
train,0478-0663.svg,331,191,0,3,2048,1,0,0.0,0.0,140.0,140.0,1,0,0,330,0,0,0
train,0478-0680.svg,369,204,0,4,2048,1,0,0.0,0.0,140.0,140.0,6,0,0,363,0,0,0
train,0478-0681.svg,514,297,0,5,2048,1,0,0.0,0.0,140.0,140.0,1,0,0,513,0,0,0
train,0478-0696.svg,247,101,0,4,2048,1,0,0.0,0.0,140.0,140.0,3,0,0,244,0,0,0
train,0478-0698.svg,107,34,0,4,2048,1,0,0.0,0.0,140.0,140.0,1,0,0,106,0,0,0
train,0478-0702.svg,285,122,0,4,2048,1,0,0.0,0.0,140.0,140.0,4,0,0,281,0,0,0
train,0478-0717.svg,452,228,0,4,2048,1,0,0.0,0.0,140.0,140.0,3,0,0,449,0,0,0
train,0478-0727.svg,133,67,0,3,2048,1,0,0.0,0.0,140.0,140.0,1,0,0,132,0,0,0
train,0478-0763.svg,117,30,0,2,2048,1,0,0.0,0.0,140.0,140.0,0,0,0,117,0,0,0
train,0478-0780.svg,144,62,0,3,2048,1,0,0.0,0.0,140.0,140.0,1,0,0,143,0,0,0
train,0478-0785.svg,373,199,0,3,2048,1,0,0.0,0.0,140.0,140.0,5,0,0,368,0,0,0
train,0478-0807.svg,594,330,0,3,2048,1,0,0.0,0.0,140.0,140.0,4,0,0,590,0,0,0
train,0478-0810.svg,419,173,0,4,2048,1,0,0.0,0.0,140.0,140.0,6,0,0,413,0,0,0
train,0478-0811.svg,414,203,0,4,2048,1,0,0.0,0.0,140.0,140.0,2,0,0,412,0,0,0
train,0478-0822.svg,186,98,0,3,2048,1,0,0.0,0.0,140.0,140.0,1,0,0,185,0,0,0
train,0478-0828.svg,604,336,0,5,2048,1,0,0.0,0.0,140.0,140.0,4,0,0,600,0,0,0
train,0478-0852.svg,185,75,0,3,2048,1,0,0.0,0.0,140.0,140.0,5,0,0,180,0,0,0
train,0478-0865.svg,311,118,0,3,2048,1,0,0.0,0.0,140.0,140.0,3,0,0,308,0,0,0
train,0478-0867.svg,111,36,0,4,2048,1,0,0.0,0.0,140.0,140.0,1,0,0,110,0,0,0
train,0478-0873.svg,454,238,0,2,2048,1,0,0.0,0.0,140.0,140.0,3,0,0,451,0,0,0
train,0478-0885.svg,301,175,0,4,2048,1,0,0.0,0.0,140.0,140.0,0,0,0,301,0,0,0
train,0478-0887.svg,88,40,0,3,2048,1,0,0.0,0.0,140.0,140.0,0,0,0,88,0,0,0
train,0478-0895.svg,68,18,0,2,2048,1,0,0.0,0.0,140.0,140.0,1,0,0,67,0,0,0
train,0478-0906.svg,230,102,0,4,2048,1,0,0.0,0.0,140.0,140.0,3,0,0,227,0,0,0
train,0478-0910.svg,111,48,0,4,2048,1,0,0.0,0.0,140.0,140.0,1,0,0,110,0,0,0
train,0478-0927.svg,292,148,0,6,2048,1,0,0.0,0.0,140.0,140.0,4,0,0,288,0,0,0
train,0478-0932.svg,93,52,0,4,2048,1,0,0.0,0.0,140.0,140.0,1,0,0,92,0,0,0
train,0478-0933.svg,203,119,0,5,2048,1,0,0.0,0.0,140.0,140.0,1,0,0,202,0,0,0
train,0478-0934.svg,269,200,0,4,2048,1,0,0.0,0.0,140.0,140.0,0,0,0,269,0,0,0
train,0478-0948.svg,480,307,0,6,2048,1,0,0.0,0.0,140.0,140.0,1,0,0,479,0,0,0
train,0478-0954.svg,175,73,0,3,2048,1,0,0.0,0.0,140.0,140.0,0,0,0,175,0,0,0
train,0478-0956.svg,261,89,0,2,2048,1,0,0.0,0.0,140.0,140.0,3,0,0,258,0,0,0
train,0478-0970.svg,1648,1353,0,8,2048,1,0,0.0,0.0,140.0,140.0,22,0,0,1626,0,0,0
train,0478-0971.svg,486,385,0,7,2048,1,0,0.0,0.0,140.0,140.0,14,0,0,472,0,0,0
train,0478-0978.svg,173,48,0,1,2048,1,0,0.0,0.0,140.0,140.0,2,0,0,171,0,0,0
train,0479-0008.svg,2342,1544,0,13,2048,2,0,0.0,0.0,140.0,140.0,65,0,0,2277,0,0,0
train,0479-0015.svg,944,621,0,5,2048,1,0,0.0,0.0,140.0,140.0,14,0,0,930,0,0,0
train,0480-0005.svg,2394,1525,0,12,2048,2,0,0.0,0.0,140.0,140.0,67,0,0,2327,0,0,0
train,0480-0006.svg,2387,1550,0,13,2048,2,0,0.0,0.0,140.0,140.0,66,0,0,2321,0,0,0
train,0480-0007.svg,525,193,0,9,2048,1,0,0.0,0.0,140.0,140.0,17,2,0,506,0,0,0
train,0480-0008.svg,2365,1572,0,13,2048,2,0,0.0,0.0,140.0,140.0,67,0,0,2298,0,0,0
train,0480-0011.svg,577,205,0,5,2048,1,0,0.0,0.0,140.0,140.0,20,0,0,557,0,0,0
train,0480-0012.svg,1046,523,0,11,2048,1,0,0.0,0.0,140.0,140.0,32,5,0,1009,0,0,0
train,0480-0017.svg,1002,587,0,11,2048,1,0,0.0,0.0,140.0,140.0,42,5,0,955,0,0,0
train,0481-0005.svg,2397,1542,0,14,2048,2,0,0.0,0.0,140.0,140.0,68,0,0,2329,0,0,0
train,0481-0006.svg,2369,1581,0,14,2048,2,0,0.0,0.0,140.0,140.0,65,0,0,2304,0,0,0
train,0482-0005.svg,3776,2861,0,8,2048,2,0,0.0,0.0,140.0,140.0,78,2,0,3696,0,0,0
train,0482-0008.svg,3002,759,0,6,2048,2,0,0.0,0.0,140.0,140.0,57,6,0,2939,0,0,0
train,0482-0011.svg,2163,517,0,5,2048,2,0,0.0,0.0,140.0,140.0,49,0,0,2114,0,0,0
train,0482-0024.svg,2173,926,0,8,2048,2,0,0.0,0.0,140.0,140.0,4,0,0,2169,0,0,0
train,0483-0000.svg,196,92,0,1,2048,1,0,0.0,0.0,140.0,140.0,3,0,0,193,0,0,0
train,0483-0001.svg,897,657,0,10,2048,1,0,0.0,0.0,140.0,140.0,33,0,0,864,0,0,0
train,0483-0003.svg,375,171,0,5,2048,1,0,0.0,0.0,140.0,140.0,5,0,0,370,0,0,0
train,0483-0007.svg,575,184,0,8,2048,1,0,0.0,0.0,140.0,140.0,23,2,0,550,0,0,0
train,0483-0012.svg,1080,548,0,11,2048,1,0,0.0,0.0,140.0,140.0,38,6,0,1036,0,0,0
train,0483-0017.svg,1045,560,0,11,2048,1,0,0.0,0.0,140.0,140.0,43,7,0,995,0,0,0
train,0483-0018.svg,325,102,0,5,2048,1,0,0.0,0.0,140.0,140.0,7,3,0,315,0,0,0
train,0483-0022.svg,816,357,0,11,2048,1,0,0.0,0.0,140.0,140.0,25,5,0,786,0,0,0
train,0484-0000.svg,1090,426,0,9,2048,1,0,0.0,0.0,140.0,140.0,16,7,0,1067,0,0,0
train,0484-0004.svg,843,272,0,8,2048,1,0,0.0,0.0,140.0,140.0,32,0,0,811,0,0,0
train,0484-0006.svg,660,410,0,10,2048,1,0,0.0,0.0,140.0,140.0,23,0,0,637,0,0,0
train,0485-0005.svg,952,349,0,9,2048,1,0,0.0,0.0,140.0,140.0,12,0,0,940,0,0,0
train,0485-0010.svg,1857,1230,0,12,2048,1,0,0.0,0.0,140.0,140.0,27,0,0,1830,0,0,0
train,0485-0013.svg,470,149,0,3,2048,1,0,0.0,0.0,140.0,140.0,11,0,0,459,0,0,0
train,0485-0014.svg,681,245,0,5,2048,1,0,0.0,0.0,140.0,140.0,12,0,0,669,0,0,0
train,0486-0004.svg,2639,2120,0,22,2048,2,0,0.0,0.0,140.0,140.0,32,4,0,2603,0,0,0
train,0486-0010.svg,2818,2545,0,13,2048,2,0,0.0,0.0,140.0,140.0,24,16,0,2778,0,0,0
train,0486-0013.svg,2547,2084,0,21,2048,2,0,0.0,0.0,140.0,140.0,32,4,0,2511,0,0,0
train,0487-0007.svg,1722,1544,0,15,2048,1,0,0.0,0.0,140.0,140.0,21,8,0,1693,0,0,0
train,0487-0012.svg,1957,1569,0,15,2048,1,0,0.0,0.0,140.0,140.0,51,27,0,1879,0,0,0
train,0487-0013.svg,1731,1531,0,15,2048,1,0,0.0,0.0,140.0,140.0,21,8,0,1702,0,0,0
train,0487-0016.svg,1796,1592,0,15,2048,1,0,0.0,0.0,140.0,140.0,24,8,0,1764,0,0,0
train,0487-0017.svg,1711,1357,0,14,2048,1,0,0.0,0.0,140.0,140.0,60,17,0,1634,0,0,0
train,0487-0020.svg,72,6,0,1,2048,1,0,0.0,0.0,140.0,140.0,5,0,0,67,0,0,0
train,0488-0005.svg,1114,236,0,7,2048,1,0,0.0,0.0,140.0,140.0,43,0,0,1071,0,0,0
train,0488-0010.svg,1262,1066,0,9,2048,1,0,0.0,0.0,140.0,140.0,22,0,0,1240,0,0,0
train,0488-0013.svg,2144,1603,0,19,2048,2,0,0.0,0.0,140.0,140.0,26,4,0,2114,0,0,0
train,0488-0019.svg,994,806,0,12,2048,1,0,0.0,0.0,140.0,140.0,24,4,0,966,0,0,0
train,0489-0001.svg,1658,1407,0,14,2048,1,0,0.0,0.0,140.0,140.0,27,12,0,1619,0,0,0
train,0489-0004.svg,2449,1769,0,21,2048,2,0,0.0,0.0,140.0,140.0,25,4,0,2420,0,0,0
train,0489-0007.svg,3002,2149,0,13,2048,2,0,0.0,0.0,140.0,140.0,75,1,0,2926,0,0,0
train,0489-0010.svg,2455,2158,0,14,2048,2,0,0.0,0.0,140.0,140.0,28,16,0,2411,0,0,0
train,0489-0016.svg,2472,1778,0,21,2048,2,0,0.0,0.0,140.0,140.0,25,4,0,2443,0,0,0
train,0490-0009.svg,2351,1282,0,13,2048,2,0,0.0,0.0,140.0,140.0,17,8,0,2326,0,0,0
train,0490-0013.svg,2510,1542,0,13,2048,2,0,0.0,0.0,140.0,140.0,23,8,0,2479,0,0,0
train,0490-0019.svg,2379,1255,0,13,2048,2,0,0.0,0.0,140.0,140.0,17,8,0,2354,0,0,0
train,0490-0036.svg,1383,835,0,4,2048,1,0,0.0,0.0,140.0,140.0,2,0,0,1381,0,0,0
train,0490-0161.svg,640,282,0,5,2048,1,0,0.0,0.0,140.0,140.0,2,0,0,638,0,0,0
train,0491-0000.svg,2139,608,0,1,2048,2,0,0.0,0.0,140.0,140.0,4,0,0,2135,0,0,0
train,0491-0010.svg,2500,2308,0,10,2048,2,0,0.0,0.0,140.0,140.0,14,0,0,2486,0,0,0
train,0491-0013.svg,2749,2579,0,16,2048,2,0,0.0,0.0,140.0,140.0,19,12,0,2718,0,0,0
train,0492-0001.svg,596,26,0,3,2048,1,0,0.0,0.0,140.0,140.0,4,0,0,592,0,0,0
train,0492-0004.svg,1620,1229,0,17,2048,1,0,0.0,0.0,140.0,140.0,15,0,0,1605,0,0,0
train,0492-0005.svg,1690,925,0,5,2048,1,0,0.0,0.0,140.0,140.0,9,0,0,1681,0,0,0
train,0492-0007.svg,2239,1807,0,17,2048,2,0,0.0,0.0,140.0,140.0,48,8,0,2183,0,0,0
train,0492-0008.svg,1895,1069,0,11,2048,1,0,0.0,0.0,140.0,140.0,12,0,0,1883,0,0,0
train,0492-0010.svg,2248,1735,0,18,2048,2,0,0.0,0.0,140.0,140.0,43,8,0,2197,0,0,0
train,0492-0012.svg,870,68,0,4,2048,1,0,0.0,0.0,140.0,140.0,4,0,0,866,0,0,0
train,0492-0013.svg,1667,1213,0,16,2048,1,0,0.0,0.0,140.0,140.0,14,0,0,1653,0,0,0
train,0492-0014.svg,627,292,0,5,2048,1,0,0.0,0.0,140.0,140.0,1,0,0,626,0,0,0
train,0492-0026.svg,872,155,0,3,2048,1,0,0.0,0.0,140.0,140.0,12,0,0,860,0,0,0
train,0493-0010.svg,214,109,0,3,2048,1,0,0.0,0.0,140.0,140.0,0,0,0,214,0,0,0
train,0493-0063.svg,148,68,0,2,2048,1,0,0.0,0.0,140.0,140.0,2,2,0,144,0,0,0
train,0493-0067.svg,103,68,0,2,2048,1,0,0.0,0.0,140.0,140.0,0,0,0,103,0,0,0
train,0493-0068.svg,99,64,0,2,2048,1,0,0.0,0.0,140.0,140.0,0,0,0,99,0,0,0
train,0493-0073.svg,149,53,0,2,2048,1,0,0.0,0.0,140.0,140.0,0,2,0,147,0,0,0
train,0493-0090.svg,269,165,0,4,2048,1,0,0.0,0.0,140.0,140.0,2,2,0,265,0,0,0
train,0493-0094.svg,219,116,0,3,2048,1,0,0.0,0.0,140.0,140.0,0,2,0,217,0,0,0
train,0493-0108.svg,447,244,0,5,2048,1,0,0.0,0.0,140.0,140.0,2,0,0,445,0,0,0
train,0493-0119.svg,682,446,0,6,2048,1,0,0.0,0.0,140.0,140.0,2,2,0,678,0,0,0
train,0493-0120.svg,808,447,0,7,2048,1,0,0.0,0.0,140.0,140.0,2,6,0,800,0,0,0
train,0493-0121.svg,235,91,0,3,2048,1,0,0.0,0.0,140.0,140.0,0,2,0,233,0,0,0
train,0493-0124.svg,134,76,0,1,2048,1,0,0.0,0.0,140.0,140.0,0,2,0,132,0,0,0
train,0493-0134.svg,162,2,0,1,2048,1,0,0.0,0.0,140.0,140.0,0,4,0,158,0,0,0
train,0493-0158.svg,601,366,0,6,2048,1,0,0.0,0.0,140.0,140.0,0,2,0,599,0,0,0
train,0493-0162.svg,985,527,0,6,2048,1,0,0.0,0.0,140.0,140.0,9,4,0,972,0,0,0
train,0493-0167.svg,398,65,0,3,2048,1,0,0.0,0.0,140.0,140.0,4,4,0,390,0,0,0
train,0493-0169.svg,376,149,0,6,2048,1,0,0.0,0.0,140.0,140.0,0,0,0,376,0,0,0
train,0493-0187.svg,693,278,0,4,2048,1,0,0.0,0.0,140.0,140.0,11,2,0,680,0,0,0
train,0493-0196.svg,397,171,0,3,2048,1,0,0.0,0.0,140.0,140.0,0,4,0,393,0,0,0
train,0493-0199.svg,593,396,0,8,2048,1,0,0.0,0.0,140.0,140.0,0,0,0,593,0,0,0
train,0493-0202.svg,803,558,0,8,2048,1,0,0.0,0.0,140.0,140.0,1,2,0,800,0,0,0
train,0493-0203.svg,1329,684,0,9,2048,1,0,0.0,0.0,140.0,140.0,35,2,0,1292,0,0,0
train,0493-0210.svg,998,635,0,9,2048,1,0,0.0,0.0,140.0,140.0,0,4,0,994,0,0,0
train,0493-0221.svg,276,57,0,1,2048,1,0,0.0,0.0,140.0,140.0,0,2,0,274,0,0,0
train,0493-0226.svg,446,192,0,5,2048,1,0,0.0,0.0,140.0,140.0,0,2,0,444,0,0,0
train,0493-0229.svg,1115,630,0,9,2048,1,0,0.0,0.0,140.0,140.0,35,0,0,1080,0,0,0
train,0493-0230.svg,418,203,0,6,2048,1,0,0.0,0.0,140.0,140.0,6,0,0,412,0,0,0
train,0493-0237.svg,722,293,0,7,2048,1,0,0.0,0.0,140.0,140.0,1,4,0,717,0,0,0
train,0493-0238.svg,1074,372,0,4,2048,1,0,0.0,0.0,140.0,140.0,176,0,0,898,0,0,0
train,0493-0243.svg,200,85,0,1,2048,1,0,0.0,0.0,140.0,140.0,0,0,0,200,0,0,0
train,0493-0252.svg,318,82,0,2,2048,1,0,0.0,0.0,140.0,140.0,5,2,0,311,0,0,0
train,0493-0264.svg,791,409,0,5,2048,1,0,0.0,0.0,140.0,140.0,17,2,0,772,0,0,0
train,0493-0272.svg,261,10,0,1,2048,1,0,0.0,0.0,140.0,140.0,3,2,0,256,0,0,0
train,0493-0276.svg,183,23,0,2,2048,1,0,0.0,0.0,140.0,140.0,0,0,0,183,0,0,0
train,0493-0289.svg,252,99,0,3,2048,1,0,0.0,0.0,140.0,140.0,10,0,0,242,0,0,0
train,0493-0292.svg,713,413,0,6,2048,1,0,0.0,0.0,140.0,140.0,0,2,0,711,0,0,0
train,0493-0293.svg,537,246,0,4,2048,1,0,0.0,0.0,140.0,140.0,0,2,0,535,0,0,0
train,0493-0294.svg,487,237,0,3,2048,1,0,0.0,0.0,140.0,140.0,0,0,0,487,0,0,0
train,0493-0300.svg,1417,190,0,3,2048,1,0,0.0,0.0,140.0,140.0,0,4,0,1413,0,0,0
train,0493-0330.svg,216,80,0,2,2048,1,0,0.0,0.0,140.0,140.0,0,2,0,214,0,0,0
train,0493-0333.svg,263,128,0,4,2048,1,0,0.0,0.0,140.0,140.0,0,0,0,263,0,0,0
train,0494-0003.svg,2167,1539,0,15,2048,2,0,0.0,0.0,140.0,140.0,24,2,0,2141,0,0,0
train,0494-0005.svg,2823,2313,0,14,2048,2,0,0.0,0.0,140.0,140.0,22,16,0,2785,0,0,0
train,0494-0007.svg,2090,1390,0,13,2048,2,0,0.0,0.0,140.0,140.0,24,2,0,2064,0,0,0
train,0494-0009.svg,2801,2295,0,14,2048,2,0,0.0,0.0,140.0,140.0,22,16,0,2763,0,0,0
train,0494-0021.svg,573,257,0,5,2048,1,0,0.0,0.0,140.0,140.0,22,0,0,551,0,0,0
train,0495-0002.svg,1771,1206,0,15,2048,1,0,0.0,0.0,140.0,140.0,47,0,0,1724,0,0,0
train,0495-0004.svg,1743,1273,0,15,2048,1,0,0.0,0.0,140.0,140.0,50,0,0,1693,0,0,0
train,0495-0005.svg,2848,2564,0,13,2048,2,0,0.0,0.0,140.0,140.0,22,18,0,2808,0,0,0
train,0495-0011.svg,2093,1474,0,16,2048,2,0,0.0,0.0,140.0,140.0,22,6,0,2065,0,0,0
train,0496-0003.svg,2073,1504,0,16,2048,2,0,0.0,0.0,140.0,140.0,22,6,0,2045,0,0,0
train,0496-0005.svg,2832,2549,0,13,2048,2,0,0.0,0.0,140.0,140.0,22,18,0,2792,0,0,0
train,0496-0009.svg,2824,2516,0,13,2048,2,0,0.0,0.0,140.0,140.0,22,18,0,2784,0,0,0
train,0496-0016.svg,254,92,0,2,2048,1,0,0.0,0.0,140.0,140.0,4,0,0,250,0,0,0
train,0496-0028.svg,382,126,0,2,2048,1,0,0.0,0.0,140.0,140.0,8,0,0,374,0,0,0
train,0496-0039.svg,382,71,0,2,2048,1,0,0.0,0.0,140.0,140.0,6,0,0,376,0,0,0
train,0497-0003.svg,2043,1485,0,17,2048,1,0,0.0,0.0,140.0,140.0,22,6,0,2015,0,0,0
train,0497-0006.svg,703,315,0,8,2048,1,0,0.0,0.0,140.0,140.0,18,0,0,685,0,0,0
train,0497-0007.svg,1075,628,0,9,2048,1,0,0.0,0.0,140.0,140.0,39,7,0,1029,0,0,0
train,0497-0016.svg,676,241,0,7,2048,1,0,0.0,0.0,140.0,140.0,16,0,0,660,0,0,0
train,0497-0018.svg,438,164,0,3,2048,1,0,0.0,0.0,140.0,140.0,2,0,0,436,0,0,0
train,0497-0021.svg,801,231,0,7,2048,1,0,0.0,0.0,140.0,140.0,18,0,0,783,0,0,0
train,0498-0005.svg,2833,2548,0,13,2048,2,0,0.0,0.0,140.0,140.0,22,18,0,2793,0,0,0
train,0498-0055.svg,1690,1068,0,9,2048,1,0,0.0,0.0,140.0,140.0,80,0,0,1610,0,0,0
train,0498-0080.svg,537,341,0,6,2048,1,0,0.0,0.0,140.0,140.0,13,0,0,524,0,0,0
train,0498-0084.svg,1236,761,0,9,2048,1,0,0.0,0.0,140.0,140.0,43,0,0,1193,0,0,0
train,0498-0108.svg,1019,759,0,6,2048,1,0,0.0,0.0,140.0,140.0,11,0,0,1008,0,0,0
train,0498-0137.svg,987,513,0,7,2048,1,0,0.0,0.0,140.0,140.0,16,0,0,971,0,0,0
train,0498-0167.svg,428,220,0,4,2048,1,0,0.0,0.0,140.0,140.0,15,0,0,413,0,0,0
train,0498-0226.svg,291,129,0,5,2048,1,0,0.0,0.0,140.0,140.0,14,0,0,277,0,0,0
train,0498-0229.svg,360,116,0,5,2048,1,0,0.0,0.0,140.0,140.0,7,0,0,353,0,0,0
train,0498-0288.svg,406,77,0,2,2048,1,0,0.0,0.0,140.0,140.0,2,0,0,404,0,0,0
train,0499-0005.svg,2776,2284,0,15,2048,2,0,0.0,0.0,140.0,140.0,24,16,0,2736,0,0,0
train,0499-0007.svg,2057,1412,0,14,2048,2,0,0.0,0.0,140.0,140.0,23,2,0,2032,0,0,0
train,0499-0009.svg,2769,2280,0,16,2048,2,0,0.0,0.0,140.0,140.0,24,16,0,2729,0,0,0
train,0499-0011.svg,2170,1404,0,13,2048,2,0,0.0,0.0,140.0,140.0,23,2,0,2145,0,0,0
train,0500-0003.svg,2442,1308,0,12,2048,2,0,0.0,0.0,140.0,140.0,16,2,0,2424,0,0,0
train,0500-0008.svg,533,165,0,4,2048,1,0,0.0,0.0,140.0,140.0,14,0,0,519,0,0,0
train,0500-0022.svg,938,161,0,6,2048,1,0,0.0,0.0,140.0,140.0,1,0,0,937,0,0,0
train,0500-0023.svg,581,161,0,4,2048,1,0,0.0,0.0,140.0,140.0,14,0,0,567,0,0,0
train,0501-0007.svg,1375,585,0,10,2048,1,0,0.0,0.0,140.0,140.0,19,16,0,1340,0,0,0
train,0501-0012.svg,1360,621,0,10,2048,1,0,0.0,0.0,140.0,140.0,17,13,0,1330,0,0,0
train,0501-0017.svg,1289,519,0,10,2048,1,0,0.0,0.0,140.0,140.0,16,13,0,1260,0,0,0
train,0501-0027.svg,775,283,0,9,2048,1,0,0.0,0.0,140.0,140.0,20,3,0,752,0,0,0
train,0502-0000.svg,344,67,0,2,2048,1,0,0.0,0.0,140.0,140.0,8,0,0,336,0,0,0
train,0502-0005.svg,3144,2767,0,17,2048,2,0,0.0,0.0,140.0,140.0,24,16,0,3104,0,0,0
train,0502-0007.svg,2217,1613,0,16,2048,2,0,0.0,0.0,140.0,140.0,26,2,0,2189,0,0,0
train,0502-0009.svg,3129,2818,0,16,2048,2,0,0.0,0.0,140.0,140.0,24,16,0,3089,0,0,0
train,0502-0011.svg,2431,1686,0,15,2048,2,0,0.0,0.0,140.0,140.0,26,2,0,2403,0,0,0
train,0503-0008.svg,3611,3292,0,16,2048,2,0,0.0,0.0,140.0,140.0,44,4,0,3563,0,0,0
train,0504-0001.svg,578,220,0,4,2048,1,0,0.0,0.0,140.0,140.0,0,0,0,578,0,0,0
train,0504-0006.svg,555,221,0,3,2048,1,0,0.0,0.0,140.0,140.0,0,0,0,555,0,0,0
train,0504-0008.svg,691,396,0,6,2048,1,0,0.0,0.0,140.0,140.0,1,0,0,690,0,0,0
train,0505-0001.svg,538,336,0,5,2048,1,0,0.0,0.0,140.0,140.0,0,0,0,538,0,0,0
train,0505-0002.svg,760,367,0,5,2048,1,0,0.0,0.0,140.0,140.0,7,0,0,753,0,0,0
train,0505-0004.svg,287,78,0,1,2048,1,0,0.0,0.0,140.0,140.0,0,0,0,287,0,0,0
train,0505-0008.svg,697,443,0,5,2048,1,0,0.0,0.0,140.0,140.0,7,0,0,690,0,0,0
train,0505-0013.svg,258,30,0,1,2048,1,0,0.0,0.0,140.0,140.0,0,0,0,258,0,0,0
train,0505-0016.svg,353,57,0,2,2048,1,0,0.0,0.0,140.0,140.0,11,0,0,342,0,0,0
train,0506-0002.svg,3631,3264,0,15,2048,2,0,0.0,0.0,140.0,140.0,45,4,0,3582,0,0,0
train,0506-0003.svg,4225,4076,0,16,2048,3,0,0.0,0.0,140.0,140.0,22,5,0,4198,0,0,0
train,0506-0008.svg,3636,792,0,16,2048,2,0,0.0,0.0,140.0,140.0,44,4,0,3588,0,0,0
train,0506-0021.svg,1161,671,0,6,2048,1,0,0.0,0.0,140.0,140.0,8,0,0,1153,0,0,0
train,0506-0031.svg,1386,754,0,7,2048,1,0,0.0,0.0,140.0,140.0,4,0,0,1382,0,0,0
train,0506-0037.svg,664,246,0,7,2048,1,0,0.0,0.0,140.0,140.0,12,0,0,652,0,0,0
train,0506-0038.svg,934,123,0,3,2048,1,0,0.0,0.0,140.0,140.0,4,0,0,930,0,0,0
train,0507-0002.svg,3151,616,0,15,2048,2,0,0.0,0.0,140.0,140.0,24,4,0,3123,0,0,0
train,0507-0008.svg,3123,624,0,16,2048,2,0,0.0,0.0,140.0,140.0,24,4,0,3095,0,0,0
train,0508-0011.svg,613,275,0,5,2048,1,0,0.0,0.0,140.0,140.0,26,0,0,587,0,0,0
train,0508-0016.svg,582,259,0,5,2048,1,0,0.0,0.0,140.0,140.0,24,0,0,558,0,0,0
train,0508-0017.svg,1076,564,0,11,2048,1,0,0.0,0.0,140.0,140.0,43,8,0,1025,0,0,0
train,0509-0003.svg,3060,1908,0,20,2048,2,0,0.0,0.0,140.0,140.0,50,10,0,3000,0,0,0
train,0509-0005.svg,3083,2062,0,19,2048,2,0,0.0,0.0,140.0,140.0,54,8,0,3021,0,0,0
train,0510-0003.svg,2951,1870,0,19,2048,2,0,0.0,0.0,140.0,140.0,51,10,0,2890,0,0,0
train,0510-0005.svg,2979,1974,0,18,2048,2,0,0.0,0.0,140.0,140.0,55,8,0,2916,0,0,0
train,0511-0001.svg,782,337,0,5,2048,1,0,0.0,0.0,140.0,140.0,0,0,0,782,0,0,0
train,0511-0002.svg,967,416,0,5,2048,1,0,0.0,0.0,140.0,140.0,0,0,0,967,0,0,0
train,0511-0021.svg,357,112,0,4,2048,1,0,0.0,0.0,140.0,140.0,5,0,0,352,0,0,0
train,0512-0003.svg,2951,1808,0,18,2048,2,0,0.0,0.0,140.0,140.0,50,10,0,2891,0,0,0
train,0512-0011.svg,2977,2098,0,19,2048,2,0,0.0,0.0,140.0,140.0,54,8,0,2915,0,0,0
train,0512-0014.svg,93,10,0,1,2048,1,0,0.0,0.0,140.0,140.0,0,0,0,93,0,0,0
train,0512-0019.svg,45,21,0,1,2048,1,0,0.0,0.0,140.0,140.0,1,0,0,44,0,0,0
train,0512-0022.svg,64,0,0,0,2048,1,0,0.0,0.0,140.0,140.0,0,0,0,64,0,0,0
train,0513-0002.svg,552,103,0,4,2048,1,0,0.0,0.0,140.0,140.0,9,0,0,543,0,0,0
train,0513-0004.svg,606,285,0,7,2048,1,0,0.0,0.0,140.0,140.0,11,0,0,595,0,0,0
train,0513-0010.svg,585,152,0,5,2048,1,0,0.0,0.0,140.0,140.0,10,0,0,575,0,0,0
train,0513-0019.svg,687,177,0,8,2048,1,0,0.0,0.0,140.0,140.0,6,3,0,678,0,0,0
train,0513-0029.svg,805,453,0,7,2048,1,0,0.0,0.0,140.0,140.0,23,3,0,779,0,0,0
train,0513-0044.svg,805,113,0,5,2048,1,0,0.0,0.0,140.0,140.0,10,4,0,791,0,0,0
train,0513-0049.svg,1648,1017,0,13,2048,1,0,0.0,0.0,140.0,140.0,29,5,0,1614,0,0,0
train,0513-0051.svg,491,142,0,5,2048,1,0,0.0,0.0,140.0,140.0,7,2,0,482,0,0,0
train,0513-0053.svg,699,357,0,8,2048,1,0,0.0,0.0,140.0,140.0,25,3,0,671,0,0,0
train,0513-0056.svg,4779,3085,0,10,2048,3,0,0.0,0.0,140.0,140.0,79,7,0,4693,0,0,0
train,0513-0075.svg,541,36,0,3,2048,1,0,0.0,0.0,140.0,140.0,9,4,0,528,0,0,0
train,0513-0077.svg,3648,3333,0,9,2048,2,0,0.0,0.0,140.0,140.0,71,5,0,3572,0,0,0
train,0514-0003.svg,3096,1896,0,18,2048,2,0,0.0,0.0,140.0,140.0,52,12,0,3032,0,0,0
train,0514-0006.svg,525,258,0,3,2048,1,0,0.0,0.0,140.0,140.0,3,0,0,522,0,0,0
train,0514-0009.svg,574,271,0,4,2048,1,0,0.0,0.0,140.0,140.0,2,0,0,572,0,0,0
train,0514-0011.svg,3128,2111,0,20,2048,2,0,0.0,0.0,140.0,140.0,58,8,0,3062,0,0,0
train,0515-0002.svg,1124,436,0,10,2048,1,0,0.0,0.0,140.0,140.0,18,0,0,1106,0,0,0
train,0515-0004.svg,1472,556,0,11,2048,1,0,0.0,0.0,140.0,140.0,31,0,0,1441,0,0,0
train,0515-0006.svg,626,305,0,5,2048,1,0,0.0,0.0,140.0,140.0,29,0,0,597,0,0,0
train,0515-0012.svg,1390,626,0,13,2048,1,0,0.0,0.0,140.0,140.0,21,0,0,1369,0,0,0
train,0515-0021.svg,573,186,0,5,2048,1,0,0.0,0.0,140.0,140.0,22,0,0,551,0,0,0
train,0515-0022.svg,1076,534,0,9,2048,1,0,0.0,0.0,140.0,140.0,37,6,0,1033,0,0,0
train,0516-0004.svg,381,180,0,3,2048,1,0,0.0,0.0,140.0,140.0,11,0,0,370,0,0,0
train,0516-0007.svg,2307,2118,0,16,2048,2,0,0.0,0.0,140.0,140.0,40,8,0,2259,0,0,0
train,0516-0013.svg,1420,1202,0,17,2048,1,0,0.0,0.0,140.0,140.0,24,4,0,1392,0,0,0
train,0517-0004.svg,1422,811,0,10,2048,1,0,0.0,0.0,140.0,140.0,40,0,0,1382,0,0,0
train,0517-0007.svg,1813,1689,0,14,2048,1,0,0.0,0.0,140.0,140.0,22,8,0,1783,0,0,0
train,0517-0016.svg,1612,929,0,12,2048,1,0,0.0,0.0,140.0,140.0,40,0,0,1572,0,0,0
train,0517-0019.svg,1614,893,0,14,2048,1,0,0.0,0.0,140.0,140.0,44,0,0,1570,0,0,0
train,0517-0021.svg,599,268,0,8,2048,1,0,0.0,0.0,140.0,140.0,25,0,0,574,0,0,0
train,0518-0005.svg,105,54,0,2,2048,1,0,0.0,0.0,140.0,140.0,3,0,0,102,0,0,0
train,0518-0007.svg,3023,2761,0,17,2048,2,0,0.0,0.0,140.0,140.0,54,16,0,2953,0,0,0
train,0518-0011.svg,950,592,0,9,2048,1,0,0.0,0.0,140.0,140.0,15,0,0,935,0,0,0
train,0519-0001.svg,1763,1511,0,18,2048,1,0,0.0,0.0,140.0,140.0,29,8,0,1726,0,0,0
train,0519-0007.svg,3121,2817,0,17,2048,2,0,0.0,0.0,140.0,140.0,54,16,0,3051,0,0,0
train,0519-0010.svg,2189,1503,0,18,2048,2,0,0.0,0.0,140.0,140.0,39,0,0,2150,0,0,0
train,0520-0003.svg,1038,554,0,5,2048,1,0,0.0,0.0,140.0,140.0,8,16,0,1014,0,0,0
train,0520-0273.svg,3446,18,0,1,2048,2,0,0.0,0.0,140.0,140.0,0,0,0,3446,0,0,0
train,0520-0274.svg,3416,10,0,1,2048,2,0,0.0,0.0,140.0,140.0,0,0,0,3416,0,0,0
train,0520-0275.svg,3384,46,0,3,2048,2,0,0.0,0.0,140.0,140.0,2,0,0,3382,0,0,0
train,0520-0315.svg,3653,8,0,1,2048,2,0,0.0,0.0,140.0,140.0,0,0,0,3653,0,0,0
train,0520-0320.svg,3711,61,0,2,2048,2,0,0.0,0.0,140.0,140.0,1,0,0,3710,0,0,0
train,0520-0328.svg,5111,63,0,3,2048,3,0,0.0,0.0,140.0,140.0,2,0,0,5109,0,0,0
train,0520-0359.svg,1594,60,0,2,2048,1,0,0.0,0.0,140.0,140.0,4,0,0,1590,0,0,0
train,0520-0360.svg,3770,87,0,4,2048,2,0,0.0,0.0,140.0,140.0,0,0,0,3770,0,0,0
train,0520-0361.svg,3570,180,0,5,2048,2,0,0.0,0.0,140.0,140.0,0,0,0,3570,0,0,0
train,0520-0363.svg,820,147,0,2,2048,1,0,0.0,0.0,140.0,140.0,4,0,0,816,0,0,0
train,0520-0402.svg,4063,46,0,3,2048,2,0,0.0,0.0,140.0,140.0,0,0,0,4063,0,0,0
train,0520-0445.svg,4027,90,0,3,2048,2,0,0.0,0.0,140.0,140.0,0,0,0,4027,0,0,0
train,0520-0446.svg,2626,244,0,6,2048,2,0,0.0,0.0,140.0,140.0,0,0,0,2626,0,0,0
train,0520-0447.svg,2985,375,0,7,2048,2,0,0.0,0.0,140.0,140.0,0,0,0,2985,0,0,0
train,0520-0451.svg,937,77,0,2,2048,1,0,0.0,0.0,140.0,140.0,0,0,0,937,0,0,0
train,0520-0498.svg,903,206,0,6,2048,1,0,0.0,0.0,140.0,140.0,2,0,0,901,0,0,0
train,0520-0536.svg,3490,406,0,7,2048,2,0,0.0,0.0,140.0,140.0,63,0,0,3427,0,0,0
train,0520-0544.svg,3643,13,0,1,2048,2,0,0.0,0.0,140.0,140.0,2,0,0,3641,0,0,0
train,0520-0577.svg,3717,274,0,5,2048,2,0,0.0,0.0,140.0,140.0,1,0,0,3716,0,0,0
train,0520-0624.svg,3310,8,0,1,2048,2,0,0.0,0.0,140.0,140.0,0,0,0,3310,0,0,0
train,0520-0626.svg,3301,15,0,1,2048,2,0,0.0,0.0,140.0,140.0,0,0,0,3301,0,0,0
train,0521-0000.svg,1131,950,0,6,2048,1,0,0.0,0.0,140.0,140.0,4,0,0,1127,0,0,0
train,0521-0006.svg,277,128,0,4,2048,1,0,0.0,0.0,140.0,140.0,2,0,0,275,0,0,0
train,0521-0012.svg,358,247,0,5,2048,1,0,0.0,0.0,140.0,140.0,1,0,0,357,0,0,0
train,0521-0025.svg,261,150,0,4,2048,1,0,0.0,0.0,140.0,140.0,1,0,0,260,0,0,0
train,0521-0026.svg,198,94,0,3,2048,1,0,0.0,0.0,140.0,140.0,1,0,0,197,0,0,0
train,0522-0005.svg,679,437,0,7,2048,1,0,0.0,0.0,140.0,140.0,14,0,0,665,0,0,0
train,0522-0012.svg,825,676,0,6,2048,1,0,0.0,0.0,140.0,140.0,24,0,0,801,0,0,0
train,0522-0017.svg,468,254,0,6,2048,1,0,0.0,0.0,140.0,140.0,14,0,0,454,0,0,0
train,0522-0025.svg,314,183,0,6,2048,1,0,0.0,0.0,140.0,140.0,0,0,0,314,0,0,0
train,0523-0007.svg,2329,2024,0,16,2048,2,0,0.0,0.0,140.0,140.0,38,8,0,2283,0,0,0
train,0523-0009.svg,420,232,0,4,2048,1,0,0.0,0.0,140.0,140.0,18,0,0,402,0,0,0
train,0523-0013.svg,2218,2035,0,17,2048,2,0,0.0,0.0,140.0,140.0,37,8,0,2173,0,0,0
train,0523-0061.svg,196,124,0,2,2048,1,0,0.0,0.0,140.0,140.0,5,0,0,191,0,0,0
train,0523-0098.svg,9350,7241,0,14,2048,5,0,0.0,0.0,140.0,140.0,149,22,0,9179,0,0,0
train,0524-0007.svg,1622,1486,0,14,2048,1,0,0.0,0.0,140.0,140.0,22,8,0,1592,0,0,0
train,0524-0013.svg,1631,1467,0,15,2048,1,0,0.0,0.0,140.0,140.0,22,8,0,1601,0,0,0
train,0524-0014.svg,511,393,0,10,2048,1,0,0.0,0.0,140.0,140.0,10,0,0,501,0,0,0
train,0524-0019.svg,1071,906,0,14,2048,1,0,0.0,0.0,140.0,140.0,11,4,0,1056,0,0,0
train,0525-0001.svg,1591,968,0,9,2048,1,0,0.0,0.0,140.0,140.0,20,8,0,1563,0,0,0
train,0525-0002.svg,1103,92,0,2,2048,1,0,0.0,0.0,140.0,140.0,15,0,0,1088,0,0,0
train,0525-0004.svg,1105,706,0,9,2048,1,0,0.0,0.0,140.0,140.0,6,0,0,1099,0,0,0
train,0525-0010.svg,970,458,0,6,2048,1,0,0.0,0.0,140.0,140.0,2,0,0,968,0,0,0
train,0525-0013.svg,2937,1900,0,9,2048,2,0,0.0,0.0,140.0,140.0,40,16,0,2881,0,0,0
train,0526-0001.svg,1753,1561,0,17,2048,1,0,0.0,0.0,140.0,140.0,31,8,0,1714,0,0,0
train,0526-0010.svg,2233,1803,0,18,2048,2,0,0.0,0.0,140.0,140.0,44,0,0,2189,0,0,0
train,0526-0012.svg,262,112,0,2,2048,1,0,0.0,0.0,140.0,140.0,12,0,0,250,0,0,0
train,0526-0013.svg,2956,2702,0,17,2048,2,0,0.0,0.0,140.0,140.0,51,16,0,2889,0,0,0
train,0526-0016.svg,2315,1845,0,18,2048,2,0,0.0,0.0,140.0,140.0,44,0,0,2271,0,0,0
train,0526-0021.svg,361,195,0,7,2048,1,0,0.0,0.0,140.0,140.0,6,0,0,355,0,0,0
train,0526-0036.svg,492,296,0,8,2048,1,0,0.0,0.0,140.0,140.0,7,0,0,485,0,0,0
train,0526-0038.svg,73,42,0,1,2048,1,0,0.0,0.0,140.0,140.0,0,0,0,73,0,0,0
train,0526-0081.svg,463,316,0,8,2048,1,0,0.0,0.0,140.0,140.0,6,0,0,457,0,0,0
train,0526-0082.svg,58,50,0,1,2048,1,0,0.0,0.0,140.0,140.0,0,0,0,58,0,0,0
train,0526-0111.svg,448,273,0,8,2048,1,0,0.0,0.0,140.0,140.0,6,0,0,442,0,0,0
train,0527-0004.svg,2158,1802,0,18,2048,2,0,0.0,0.0,140.0,140.0,40,0,0,2118,0,0,0
train,0527-0007.svg,3059,2719,0,18,2048,2,0,0.0,0.0,140.0,140.0,51,16,0,2992,0,0,0
train,0527-0010.svg,2093,1622,0,17,2048,2,0,0.0,0.0,140.0,140.0,40,0,0,2053,0,0,0
train,0527-0013.svg,3056,2776,0,18,2048,2,0,0.0,0.0,140.0,140.0,51,16,0,2989,0,0,0
train,0528-0001.svg,310,64,0,2,2048,1,0,0.0,0.0,140.0,140.0,1,0,0,309,0,0,0
train,0528-0004.svg,2604,801,0,13,2048,2,0,0.0,0.0,140.0,140.0,53,1,0,2550,0,0,0
train,0529-0002.svg,615,404,0,6,2048,1,0,0.0,0.0,140.0,140.0,6,0,0,609,0,0,0
train,0529-0004.svg,1130,662,0,13,2048,1,0,0.0,0.0,140.0,140.0,39,0,0,1091,0,0,0
train,0529-0008.svg,1078,652,0,12,2048,1,0,0.0,0.0,140.0,140.0,33,0,0,1045,0,0,0
train,0530-0002.svg,2903,1082,0,12,2048,2,0,0.0,0.0,140.0,140.0,52,1,0,2850,0,0,0
train,0530-0004.svg,2902,859,0,14,2048,2,0,0.0,0.0,140.0,140.0,53,1,0,2848,0,0,0
train,0530-0005.svg,613,275,0,5,2048,1,0,0.0,0.0,140.0,140.0,12,0,0,601,0,0,0
train,0530-0010.svg,1032,783,0,8,2048,1,0,0.0,0.0,140.0,140.0,12,0,0,1020,0,0,0
train,0530-0013.svg,839,624,0,9,2048,1,0,0.0,0.0,140.0,140.0,5,0,0,834,0,0,0
train,0531-0002.svg,2550,775,0,12,2048,2,0,0.0,0.0,140.0,140.0,52,1,0,2497,0,0,0
train,0531-0004.svg,2524,689,0,11,2048,2,0,0.0,0.0,140.0,140.0,53,1,0,2470,0,0,0
train,0531-0014.svg,770,44,0,2,2048,1,0,0.0,0.0,140.0,140.0,0,0,0,770,0,0,0
train,0531-0027.svg,416,270,0,5,2048,1,0,0.0,0.0,140.0,140.0,11,0,0,405,0,0,0
train,0532-0004.svg,2570,750,0,11,2048,2,0,0.0,0.0,140.0,140.0,53,1,0,2516,0,0,0
train,0532-0005.svg,167,53,0,1,2048,1,0,0.0,0.0,140.0,140.0,4,0,0,163,0,0,0
train,0532-0021.svg,521,312,0,5,2048,1,0,0.0,0.0,140.0,140.0,27,0,0,494,0,0,0
train,0533-0004.svg,2678,733,0,11,2048,2,0,0.0,0.0,140.0,140.0,53,1,0,2624,0,0,0
train,0533-0012.svg,2262,1648,0,15,2048,2,0,0.0,0.0,140.0,140.0,54,0,0,2208,0,0,0
train,0533-0016.svg,681,350,0,11,2048,1,0,0.0,0.0,140.0,140.0,39,0,0,642,0,0,0
train,0533-0021.svg,781,452,0,11,2048,1,0,0.0,0.0,140.0,140.0,64,0,0,717,0,0,0
train,0533-0028.svg,371,93,0,4,2048,1,0,0.0,0.0,140.0,140.0,11,0,0,360,0,0,0
train,0534-0000.svg,781,6,0,1,2048,1,0,0.0,0.0,140.0,140.0,0,0,0,781,0,0,0
train,0534-0001.svg,301,14,0,1,2048,1,0,0.0,0.0,140.0,140.0,2,0,0,299,0,0,0
train,0534-0004.svg,2813,901,0,11,2048,2,0,0.0,0.0,140.0,140.0,51,1,0,2761,0,0,0
train,0534-0013.svg,577,4,0,1,2048,1,0,0.0,0.0,140.0,140.0,2,0,0,575,0,0,0
train,0534-0014.svg,441,8,0,1,2048,1,0,0.0,0.0,140.0,140.0,2,0,0,439,0,0,0
train,0535-0009.svg,1169,789,0,7,2048,1,0,0.0,0.0,140.0,140.0,13,0,0,1156,0,0,0
train,0535-0010.svg,1002,311,0,7,2048,1,0,0.0,0.0,140.0,140.0,25,0,0,977,0,0,0
train,0535-0012.svg,1660,1304,0,7,2048,1,0,0.0,0.0,140.0,140.0,16,0,0,1644,0,0,0
train,0535-0013.svg,1167,534,0,9,2048,1,0,0.0,0.0,140.0,140.0,40,8,0,1119,0,0,0
train,0535-0018.svg,1556,1127,0,10,2048,1,0,0.0,0.0,140.0,140.0,15,0,0,1541,0,0,0
train,0536-0003.svg,516,284,0,9,2048,1,0,0.0,0.0,140.0,140.0,2,0,0,514,0,0,0
train,0536-0004.svg,797,375,0,8,2048,1,0,0.0,0.0,140.0,140.0,4,2,0,791,0,0,0
train,0536-0009.svg,1214,802,0,9,2048,1,0,0.0,0.0,140.0,140.0,13,0,0,1201,0,0,0
train,0536-0010.svg,1244,586,0,9,2048,1,0,0.0,0.0,140.0,140.0,30,0,0,1214,0,0,0
train,0536-0018.svg,1590,680,0,9,2048,1,0,0.0,0.0,140.0,140.0,15,0,0,1575,0,0,0
train,0536-0021.svg,388,166,0,4,2048,1,0,0.0,0.0,140.0,140.0,6,0,0,382,0,0,0
train,0536-0023.svg,681,469,0,9,2048,1,0,0.0,0.0,140.0,140.0,6,0,0,675,0,0,0
train,0536-0028.svg,396,163,0,7,2048,1,0,0.0,0.0,140.0,140.0,3,0,0,393,0,0,0
train,0537-0001.svg,2033,1043,0,8,2048,1,0,0.0,0.0,140.0,140.0,88,4,0,1941,0,0,0
train,0537-0002.svg,1793,1153,0,13,2048,1,0,0.0,0.0,140.0,140.0,64,0,0,1729,0,0,0
train,0537-0004.svg,2224,1322,0,11,2048,2,0,0.0,0.0,140.0,140.0,51,4,0,2169,0,0,0
train,0537-0005.svg,1082,398,0,7,2048,1,0,0.0,0.0,140.0,140.0,24,4,0,1054,0,0,0
train,0537-0010.svg,1156,607,0,10,2048,1,0,0.0,0.0,140.0,140.0,21,1,0,1134,0,0,0
train,0538-0000.svg,6528,783,0,16,2048,4,0,0.0,0.0,140.0,140.0,17,3,0,6508,0,0,0
train,0538-0017.svg,16811,23,0,1,2048,9,0,0.0,0.0,140.0,140.0,6,0,0,16805,0,0,0
train,0538-0027.svg,20566,12,0,1,2048,11,0,0.0,0.0,140.0,140.0,7,0,0,20559,0,0,0
train,0538-0085.svg,134,6,0,1,2048,1,0,0.0,0.0,140.0,140.0,2,0,0,132,0,0,0
train,0539-0010.svg,1490,8,0,1,2048,1,0,0.0,0.0,140.0,140.0,0,0,0,1490,0,0,0
train,0539-0017.svg,1877,40,0,3,2048,1,0,0.0,0.0,140.0,140.0,0,0,0,1877,0,0,0
train,0539-0018.svg,2273,82,0,3,2048,2,0,0.0,0.0,140.0,140.0,0,0,0,2273,0,0,0
train,0539-0145.svg,865,564,0,9,2048,1,0,0.0,0.0,140.0,140.0,18,0,0,847,0,0,0
train,0540-0000.svg,1344,1021,0,15,2048,1,0,0.0,0.0,140.0,140.0,26,3,0,1315,0,0,0
train,0540-0002.svg,1811,1202,0,15,2048,1,0,0.0,0.0,140.0,140.0,47,0,0,1764,0,0,0
train,0541-0023.svg,336,84,0,4,2048,1,0,0.0,0.0,140.0,140.0,7,1,0,328,0,0,0
train,0543-0015.svg,208,36,0,5,2048,1,0,0.0,0.0,140.0,140.0,0,0,0,208,0,0,0
train,0543-0019.svg,834,172,0,6,2048,1,0,0.0,0.0,140.0,140.0,36,0,0,798,0,0,0
train,0543-0021.svg,336,106,0,4,2048,1,0,0.0,0.0,140.0,140.0,0,0,0,336,0,0,0
train,0543-0027.svg,359,122,0,3,2048,1,0,0.0,0.0,140.0,140.0,0,0,0,359,0,0,0
train,0543-0034.svg,230,21,0,2,2048,1,0,0.0,0.0,140.0,140.0,0,0,0,230,0,0,0
train,0543-0037.svg,917,401,0,8,2048,1,0,0.0,0.0,140.0,140.0,14,0,0,903,0,0,0
train,0543-0043.svg,680,152,0,5,2048,1,0,0.0,0.0,140.0,140.0,20,0,0,660,0,0,0
train,0543-0046.svg,217,11,0,2,2048,1,0,0.0,0.0,140.0,140.0,0,0,0,217,0,0,0
train,0543-0049.svg,1123,234,0,7,2048,1,0,0.0,0.0,140.0,140.0,48,0,0,1075,0,0,0
train,0543-0057.svg,170,41,0,3,2048,1,0,0.0,0.0,140.0,140.0,0,0,0,170,0,0,0
train,0545-0000.svg,1104,512,0,13,2048,1,0,0.0,0.0,140.0,140.0,36,0,0,1068,0,0,0
train,0546-0001.svg,10497,1359,0,16,2048,6,0,0.0,0.0,140.0,140.0,20,6,0,10471,0,0,0
train,0547-0000.svg,757,496,0,12,2048,1,0,0.0,0.0,140.0,140.0,15,0,0,742,0,0,0
train,0547-0003.svg,1024,681,0,14,2048,1,0,0.0,0.0,140.0,140.0,23,0,0,1001,0,0,0
train,0547-0006.svg,999,740,0,12,2048,1,0,0.0,0.0,140.0,140.0,21,0,0,978,0,0,0
train,0548-0011.svg,680,60,0,3,2048,1,0,0.0,0.0,140.0,140.0,13,0,0,667,0,0,0
train,0548-0016.svg,669,79,0,3,2048,1,0,0.0,0.0,140.0,140.0,14,0,0,655,0,0,0
train,0548-0021.svg,415,41,0,3,2048,1,0,0.0,0.0,140.0,140.0,10,0,0,405,0,0,0
train,0550-0001.svg,5522,275,0,11,2048,3,0,0.0,0.0,140.0,140.0,7,0,0,5515,0,0,0
train,0550-0005.svg,7740,334,0,10,2048,4,0,0.0,0.0,140.0,140.0,13,0,0,7727,0,0,0
train,0550-0013.svg,887,649,0,5,2048,1,0,0.0,0.0,140.0,140.0,14,0,0,873,0,0,0
train,0551-0000.svg,624,450,0,8,2048,1,0,0.0,0.0,140.0,140.0,20,0,0,604,0,0,0
train,0551-0004.svg,788,300,0,5,2048,1,0,0.0,0.0,140.0,140.0,25,0,0,763,0,0,0
train,0551-0071.svg,438,150,0,6,2048,1,0,0.0,0.0,140.0,140.0,14,3,0,421,0,0,0
train,0551-0080.svg,520,128,0,4,2048,1,0,0.0,0.0,140.0,140.0,9,2,0,509,0,0,0
train,0551-0098.svg,9911,6878,0,11,2048,5,0,0.0,0.0,140.0,140.0,156,35,0,9720,0,0,0
train,0551-0105.svg,8728,4010,0,9,2048,5,0,0.0,0.0,140.0,140.0,178,37,0,8513,0,0,0
train,0552-0007.svg,1420,547,0,10,2048,1,0,0.0,0.0,140.0,140.0,30,10,0,1380,0,0,0
train,0552-0012.svg,1395,631,0,10,2048,1,0,0.0,0.0,140.0,140.0,24,12,0,1359,0,0,0
train,0552-0017.svg,1282,605,0,10,2048,1,0,0.0,0.0,140.0,140.0,21,12,0,1249,0,0,0
train,0552-0021.svg,673,137,0,3,2048,1,0,0.0,0.0,140.0,140.0,13,0,0,660,0,0,0
train,0552-0022.svg,1376,580,0,10,2048,1,0,0.0,0.0,140.0,140.0,19,16,0,1341,0,0,0
train,0553-0003.svg,1056,738,0,15,2048,1,0,0.0,0.0,140.0,140.0,19,0,0,1037,0,0,0
train,0553-0005.svg,1134,799,0,15,2048,1,0,0.0,0.0,140.0,140.0,20,0,0,1114,0,0,0
train,0553-0007.svg,1375,512,0,10,2048,1,0,0.0,0.0,140.0,140.0,19,16,0,1340,0,0,0
train,0553-0022.svg,1390,600,0,10,2048,1,0,0.0,0.0,140.0,140.0,29,10,0,1351,0,0,0
train,0554-0000.svg,6046,1162,0,16,2048,3,0,0.0,0.0,140.0,140.0,16,6,0,6024,0,0,0
train,0554-0002.svg,6898,1125,0,15,2048,4,0,0.0,0.0,140.0,140.0,16,6,0,6876,0,0,0
train,0554-0073.svg,3928,3641,0,9,2048,2,0,0.0,0.0,140.0,140.0,77,5,0,3846,0,0,0
train,0554-0074.svg,1617,1237,0,10,2048,1,0,0.0,0.0,140.0,140.0,71,6,0,1540,0,0,0
train,0554-0111.svg,379,104,0,6,2048,1,0,0.0,0.0,140.0,140.0,12,0,0,367,0,0,0
train,0554-0161.svg,3552,3305,0,9,2048,2,0,0.0,0.0,140.0,140.0,66,5,0,3481,0,0,0
train,0554-0182.svg,488,194,0,7,2048,1,0,0.0,0.0,140.0,140.0,17,0,0,471,0,0,0
train,0554-0218.svg,495,162,0,6,2048,1,0,0.0,0.0,140.0,140.0,29,0,0,466,0,0,0
train,0554-0219.svg,186,16,0,3,2048,1,0,0.0,0.0,140.0,140.0,6,0,0,180,0,0,0
train,0554-0220.svg,346,124,0,4,2048,1,0,0.0,0.0,140.0,140.0,13,0,0,333,0,0,0
train,0554-0225.svg,370,114,0,6,2048,1,0,0.0,0.0,140.0,140.0,9,0,0,361,0,0,0
train,0554-0227.svg,390,132,0,8,2048,1,0,0.0,0.0,140.0,140.0,9,0,0,381,0,0,0
train,0554-0230.svg,209,70,0,3,2048,1,0,0.0,0.0,140.0,140.0,12,0,0,197,0,0,0
train,0554-0255.svg,389,82,0,6,2048,1,0,0.0,0.0,140.0,140.0,11,0,0,378,0,0,0
train,0554-0262.svg,2853,2409,0,10,2048,2,0,0.0,0.0,140.0,140.0,57,3,0,2793,0,0,0
train,0554-0263.svg,2313,1968,0,10,2048,2,0,0.0,0.0,140.0,140.0,46,4,0,2263,0,0,0
train,0554-0268.svg,464,145,0,7,2048,1,0,0.0,0.0,140.0,140.0,10,0,0,454,0,0,0
train,0554-0292.svg,664,349,0,10,2048,1,0,0.0,0.0,140.0,140.0,27,1,0,636,0,0,0
train,0554-0293.svg,639,289,0,5,2048,1,0,0.0,0.0,140.0,140.0,33,0,0,606,0,0,0
train,0554-0297.svg,423,161,0,4,2048,1,0,0.0,0.0,140.0,140.0,5,0,0,418,0,0,0
train,0554-0299.svg,473,174,0,5,2048,1,0,0.0,0.0,140.0,140.0,23,0,0,450,0,0,0
train,0554-0333.svg,323,112,0,7,2048,1,0,0.0,0.0,140.0,140.0,8,0,0,315,0,0,0
train,0555-0002.svg,1868,1417,0,13,2048,1,0,0.0,0.0,140.0,140.0,29,6,0,1833,0,0,0
train,0555-0004.svg,1834,1263,0,14,2048,1,0,0.0,0.0,140.0,140.0,31,6,0,1797,0,0,0
train,0555-0021.svg,740,185,0,6,2048,1,0,0.0,0.0,140.0,140.0,10,0,0,730,0,0,0
train,0555-0026.svg,2111,1698,0,7,2048,2,0,0.0,0.0,140.0,140.0,22,0,0,2089,0,0,0
train,0555-0028.svg,551,242,0,6,2048,1,0,0.0,0.0,140.0,140.0,5,0,0,546,0,0,0
train,0556-0002.svg,2274,1694,0,14,2048,2,0,0.0,0.0,140.0,140.0,45,0,0,2229,0,0,0
train,0556-0006.svg,420,194,0,8,2048,1,0,0.0,0.0,140.0,140.0,17,0,0,403,0,0,0
train,0556-0010.svg,308,71,0,3,2048,1,0,0.0,0.0,140.0,140.0,6,0,0,302,0,0,0
train,0556-0015.svg,1006,564,0,9,2048,1,0,0.0,0.0,140.0,140.0,27,4,0,975,0,0,0
train,0556-0018.svg,1183,767,0,7,2048,1,0,0.0,0.0,140.0,140.0,21,0,0,1162,0,0,0
train,0556-0024.svg,460,199,0,7,2048,1,0,0.0,0.0,140.0,140.0,6,0,0,454,0,0,0
train,0557-2174.svg,3952,10,0,1,2048,2,0,0.0,0.0,140.0,140.0,1,0,0,3951,0,0,0
train,0557-2202.svg,1230,117,0,2,2048,1,0,0.0,0.0,140.0,140.0,5,0,0,1225,0,0,0
train,0557-2204.svg,1640,36,0,2,2048,1,0,0.0,0.0,140.0,140.0,2,0,0,1638,0,0,0
train,0557-2258.svg,508,197,0,3,2048,1,0,0.0,0.0,140.0,140.0,3,0,0,505,0,0,0
train,0557-2259.svg,866,407,0,5,2048,1,0,0.0,0.0,140.0,140.0,2,0,0,864,0,0,0
train,0557-2262.svg,511,276,0,7,2048,1,0,0.0,0.0,140.0,140.0,1,0,0,510,0,0,0
train,0557-2263.svg,480,405,0,5,2048,1,0,0.0,0.0,140.0,140.0,3,0,0,477,0,0,0
train,0557-2287.svg,73,12,0,1,2048,1,0,0.0,0.0,140.0,140.0,0,0,0,73,0,0,0
train,0557-2288.svg,597,103,0,2,2048,1,0,0.0,0.0,140.0,140.0,0,0,0,597,0,0,0
train,0557-2322.svg,1993,710,0,7,2048,1,0,0.0,0.0,140.0,140.0,1,0,0,1992,0,0,0
train,0557-2353.svg,285,94,0,3,2048,1,0,0.0,0.0,140.0,140.0,1,0,0,284,0,0,0
train,0558-0007.svg,1168,840,0,11,2048,1,0,0.0,0.0,140.0,140.0,30,0,0,1138,0,0,0
train,0558-0010.svg,1461,927,0,12,2048,1,0,0.0,0.0,140.0,140.0,33,0,0,1428,0,0,0
train,0558-0016.svg,1633,1247,0,13,2048,1,0,0.0,0.0,140.0,140.0,50,5,0,1578,0,0,0
train,0558-0019.svg,1546,925,0,14,2048,1,0,0.0,0.0,140.0,140.0,32,0,0,1514,0,0,0
train,0558-0113.svg,672,285,0,8,2048,1,0,0.0,0.0,140.0,140.0,20,0,0,652,0,0,0
train,0559-0002.svg,2054,840,0,14,2048,2,0,0.0,0.0,140.0,140.0,29,0,0,2025,0,0,0
train,0559-0006.svg,2535,1555,0,9,2048,2,0,0.0,0.0,140.0,140.0,54,0,0,2481,0,0,0
train,0559-0009.svg,1015,542,0,9,2048,1,0,0.0,0.0,140.0,140.0,33,0,0,982,0,0,0
train,0559-0010.svg,473,247,0,7,2048,1,0,0.0,0.0,140.0,140.0,10,0,0,463,0,0,0
train,0559-0024.svg,676,396,0,6,2048,1,0,0.0,0.0,140.0,140.0,8,0,0,668,0,0,0
train,0559-0032.svg,415,190,0,6,2048,1,0,0.0,0.0,140.0,140.0,22,0,0,393,0,0,0
train,0559-0033.svg,330,142,0,5,2048,1,0,0.0,0.0,140.0,140.0,8,0,0,322,0,0,0
train,0560-0003.svg,1150,767,0,15,2048,1,0,0.0,0.0,140.0,140.0,19,0,0,1131,0,0,0
train,0560-0020.svg,1012,893,0,4,2048,1,0,0.0,0.0,140.0,140.0,0,0,0,1012,0,0,0
train,0560-0032.svg,800,459,0,7,2048,1,0,0.0,0.0,140.0,140.0,2,0,0,798,0,0,0
train,0560-0037.svg,664,250,0,6,2048,1,0,0.0,0.0,140.0,140.0,12,0,0,652,0,0,0
train,0560-0040.svg,603,549,0,3,2048,1,0,0.0,0.0,140.0,140.0,2,0,0,601,0,0,0
train,0560-0042.svg,511,320,0,5,2048,1,0,0.0,0.0,140.0,140.0,3,0,0,508,0,0,0
train,0561-0003.svg,6181,761,0,15,2048,4,0,0.0,0.0,140.0,140.0,18,3,0,6160,0,0,0
train,0562-0001.svg,513,94,0,2,2048,1,0,0.0,0.0,140.0,140.0,5,0,0,508,0,0,0
train,0562-0003.svg,732,310,0,3,2048,1,0,0.0,0.0,140.0,140.0,4,0,0,728,0,0,0
train,0562-0004.svg,649,287,0,3,2048,1,0,0.0,0.0,140.0,140.0,5,0,0,644,0,0,0
train,0564-0000.svg,1881,1529,0,14,2048,1,0,0.0,0.0,140.0,140.0,46,0,0,1835,0,0,0
train,0564-0007.svg,879,572,0,5,2048,1,0,0.0,0.0,140.0,140.0,1,0,0,878,0,0,0
train,0564-0008.svg,533,153,0,3,2048,1,0,0.0,0.0,140.0,140.0,14,0,0,519,0,0,0
train,0567-0020.svg,1050,908,0,3,2048,1,0,0.0,0.0,140.0,140.0,0,0,0,1050,0,0,0
train,0569-0002.svg,330,80,0,4,2048,1,0,0.0,0.0,140.0,140.0,13,0,0,317,0,0,0
train,0569-0008.svg,353,93,0,6,2048,1,0,0.0,0.0,140.0,140.0,4,0,0,349,0,0,0
train,0569-0020.svg,993,610,0,2,2048,1,0,0.0,0.0,140.0,140.0,0,0,0,993,0,0,0
train,0569-0025.svg,842,654,0,7,2048,1,0,0.0,0.0,140.0,140.0,14,0,0,828,0,0,0
train,0569-0039.svg,571,196,0,2,2048,1,0,0.0,0.0,140.0,140.0,4,0,0,567,0,0,0
train,0570-0004.svg,2783,826,0,15,2048,2,0,0.0,0.0,140.0,140.0,11,0,0,2772,0,0,0
train,0570-0005.svg,2955,1378,0,15,2048,2,0,0.0,0.0,140.0,140.0,21,3,0,2931,0,0,0
train,0570-0007.svg,3901,1408,0,16,2048,2,0,0.0,0.0,140.0,140.0,19,3,0,3879,0,0,0
train,0570-0017.svg,1290,611,0,10,2048,1,0,0.0,0.0,140.0,140.0,19,13,0,1258,0,0,0
train,0571-0004.svg,1428,920,0,14,2048,1,0,0.0,0.0,140.0,140.0,37,3,0,1388,0,0,0
train,0572-0007.svg,250,51,0,2,2048,1,0,0.0,0.0,140.0,140.0,2,0,0,248,0,0,0
train,0572-0013.svg,208,59,0,2,2048,1,0,0.0,0.0,140.0,140.0,2,0,0,206,0,0,0
train,0572-0017.svg,372,96,0,4,2048,1,0,0.0,0.0,140.0,140.0,7,0,0,365,0,0,0
train,0572-0022.svg,923,605,0,5,2048,1,0,0.0,0.0,140.0,140.0,14,0,0,909,0,0,0
train,0573-0012.svg,2013,1407,0,15,2048,1,0,0.0,0.0,140.0,140.0,51,0,0,1962,0,0,0
train,0573-0017.svg,2061,1489,0,14,2048,2,0,0.0,0.0,140.0,140.0,65,0,0,1996,0,0,0
train,0573-0021.svg,714,454,0,12,2048,1,0,0.0,0.0,140.0,140.0,28,0,0,686,0,0,0
train,0573-0027.svg,1400,935,0,13,2048,1,0,0.0,0.0,140.0,140.0,38,0,0,1362,0,0,0
train,0574-0006.svg,555,315,0,4,2048,1,0,0.0,0.0,140.0,140.0,7,0,0,548,0,0,0
train,0575-0016.svg,1078,52,0,2,2048,1,0,0.0,0.0,140.0,140.0,2,0,0,1076,0,0,0
train,0578-0016.svg,992,373,0,7,2048,1,0,0.0,0.0,140.0,140.0,16,0,0,976,0,0,0
train,0578-0017.svg,1830,878,0,7,2048,1,0,0.0,0.0,140.0,140.0,67,2,0,1761,0,0,0
train,0578-0033.svg,317,231,0,4,2048,1,0,0.0,0.0,140.0,140.0,7,0,0,310,0,0,0
train,0579-0003.svg,734,317,0,8,2048,1,0,0.0,0.0,140.0,140.0,22,0,0,712,0,0,0
train,0579-0009.svg,702,358,0,9,2048,1,0,0.0,0.0,140.0,140.0,15,0,0,687,0,0,0
train,0580-0012.svg,1106,600,0,11,2048,1,0,0.0,0.0,140.0,140.0,46,5,0,1055,0,0,0
train,0580-0016.svg,676,272,0,7,2048,1,0,0.0,0.0,140.0,140.0,16,0,0,660,0,0,0
train,0580-0022.svg,1189,601,0,10,2048,1,0,0.0,0.0,140.0,140.0,42,8,0,1139,0,0,0
train,0581-0410.svg,734,667,0,3,2048,1,0,0.0,0.0,140.0,140.0,70,0,0,664,0,0,0
train,0581-0424.svg,637,14,0,1,2048,1,0,0.0,0.0,140.0,140.0,4,0,0,633,0,0,0
train,0581-0427.svg,106,58,0,2,2048,1,0,0.0,0.0,140.0,140.0,1,0,0,105,0,0,0
train,0581-0430.svg,3235,3166,0,1,2048,2,0,0.0,0.0,140.0,140.0,372,0,0,2863,0,0,0
train,0581-0450.svg,1473,1380,0,3,2048,1,0,0.0,0.0,140.0,140.0,156,0,0,1317,0,0,0
train,0581-0590.svg,61,36,0,1,2048,1,0,0.0,0.0,140.0,140.0,0,0,0,61,0,0,0
train,0581-0631.svg,2752,1922,0,4,2048,2,0,0.0,0.0,140.0,140.0,218,0,0,2534,0,0,0
train,0581-0633.svg,851,705,0,4,2048,1,0,0.0,0.0,140.0,140.0,70,0,0,781,0,0,0
train,0581-0649.svg,317,104,0,3,2048,1,0,0.0,0.0,140.0,140.0,3,0,0,314,0,0,0
train,0581-0650.svg,1511,1412,0,4,2048,1,0,0.0,0.0,140.0,140.0,159,0,0,1352,0,0,0
train,0581-0674.svg,151,70,0,3,2048,1,0,0.0,0.0,140.0,140.0,6,0,0,145,0,0,0
train,0581-0690.svg,2123,2083,0,3,2048,2,0,0.0,0.0,140.0,140.0,237,0,0,1886,0,0,0
train,0581-0693.svg,1386,1275,0,3,2048,1,0,0.0,0.0,140.0,140.0,144,0,0,1242,0,0,0
train,0581-0710.svg,2027,1956,0,3,2048,1,0,0.0,0.0,140.0,140.0,219,0,0,1808,0,0,0
train,0581-0712.svg,2498,1652,0,4,2048,2,0,0.0,0.0,140.0,140.0,184,0,0,2314,0,0,0
train,0581-0713.svg,1451,1361,0,3,2048,1,0,0.0,0.0,140.0,140.0,157,0,0,1294,0,0,0
train,0581-0727.svg,7840,51,0,3,2048,4,0,0.0,0.0,140.0,140.0,93,1,0,7746,0,0,0
train,0581-0731.svg,2052,1488,0,3,2048,2,0,0.0,0.0,140.0,140.0,157,0,0,1895,0,0,0
train,0581-0753.svg,701,535,0,4,2048,1,0,0.0,0.0,140.0,140.0,25,0,0,676,0,0,0
train,0581-0773.svg,2513,1633,0,4,2048,2,0,0.0,0.0,140.0,140.0,111,0,0,2402,0,0,0
train,0581-0774.svg,153,101,0,5,2048,1,0,0.0,0.0,140.0,140.0,5,0,0,148,0,0,0
train,0581-0810.svg,1700,1626,0,3,2048,1,0,0.0,0.0,140.0,140.0,188,0,0,1512,0,0,0
train,0581-0811.svg,3407,2613,0,4,2048,2,0,0.0,0.0,140.0,140.0,284,0,0,3123,0,0,0
train,0581-0831.svg,1336,892,0,4,2048,1,0,0.0,0.0,140.0,140.0,89,0,0,1247,0,0,0
train,0581-0833.svg,455,225,0,4,2048,1,0,0.0,0.0,140.0,140.0,4,0,0,451,0,0,0
train,0581-0853.svg,209,104,0,3,2048,1,0,0.0,0.0,140.0,140.0,0,0,0,209,0,0,0
train,0581-0868.svg,72,5,0,1,2048,1,0,0.0,0.0,140.0,140.0,0,0,0,72,0,0,0
train,0581-0884.svg,38,22,0,1,2048,1,0,0.0,0.0,140.0,140.0,1,0,0,37,0,0,0
train,0581-0927.svg,16,2,0,1,2048,1,0,0.0,0.0,140.0,140.0,0,0,0,16,0,0,0
train,0582-0002.svg,425,129,0,7,2048,1,0,0.0,0.0,140.0,140.0,18,1,0,406,0,0,0
train,0582-0007.svg,1075,633,0,10,2048,1,0,0.0,0.0,140.0,140.0,39,7,0,1029,0,0,0
train,0582-0026.svg,561,182,0,8,2048,1,0,0.0,0.0,140.0,140.0,19,0,0,542,0,0,0
train,0583-0001.svg,1314,847,0,17,2048,1,0,0.0,0.0,140.0,140.0,22,0,0,1292,0,0,0
train,0584-0012.svg,323,124,0,4,2048,1,0,0.0,0.0,140.0,140.0,6,0,0,317,0,0,0
train,0586-0006.svg,620,230,0,5,2048,1,0,0.0,0.0,140.0,140.0,27,0,0,593,0,0,0
train,0586-0016.svg,572,198,0,5,2048,1,0,0.0,0.0,140.0,140.0,20,0,0,552,0,0,0
train,0586-0017.svg,1038,603,0,12,2048,1,0,0.0,0.0,140.0,140.0,38,8,0,992,0,0,0
train,0586-0021.svg,576,259,0,5,2048,1,0,0.0,0.0,140.0,140.0,22,0,0,554,0,0,0
train,0586-0022.svg,1081,565,0,12,2048,1,0,0.0,0.0,140.0,140.0,35,8,0,1038,0,0,0
train,0587-0002.svg,358,225,0,4,2048,1,0,0.0,0.0,140.0,140.0,9,0,0,349,0,0,0
train,0587-0004.svg,145,118,0,1,2048,1,0,0.0,0.0,140.0,140.0,0,0,0,145,0,0,0
train,0587-0008.svg,524,369,0,5,2048,1,0,0.0,0.0,140.0,140.0,6,0,0,518,0,0,0
train,0587-0021.svg,137,105,0,2,2048,1,0,0.0,0.0,140.0,140.0,0,0,0,137,0,0,0
train,0587-0034.svg,225,151,0,2,2048,1,0,0.0,0.0,140.0,140.0,5,0,0,220,0,0,0
train,0588-0012.svg,2489,1735,0,18,2048,2,0,0.0,0.0,140.0,140.0,87,2,0,2400,0,0,0
train,0588-0013.svg,2638,1408,0,20,2048,2,0,0.0,0.0,140.0,140.0,48,4,0,2586,0,0,0
train,0588-0022.svg,2362,1511,0,18,2048,2,0,0.0,0.0,140.0,140.0,54,4,0,2304,0,0,0
train,0588-0027.svg,1738,1185,0,19,2048,1,0,0.0,0.0,140.0,140.0,47,7,0,1684,0,0,0
train,0590-0011.svg,1406,943,0,13,2048,1,0,0.0,0.0,140.0,140.0,28,6,0,1372,0,0,0
train,0590-0012.svg,798,597,0,9,2048,1,0,0.0,0.0,140.0,140.0,18,0,0,780,0,0,0
train,0590-0022.svg,951,775,0,10,2048,1,0,0.0,0.0,140.0,140.0,14,0,0,937,0,0,0
train,0590-0026.svg,1228,810,0,13,2048,1,0,0.0,0.0,140.0,140.0,26,3,0,1199,0,0,0
train,0591-0487.svg,403,274,0,5,2048,1,0,0.0,0.0,140.0,140.0,0,0,0,403,0,0,0
train,0591-0488.svg,787,666,0,5,2048,1,0,0.0,0.0,140.0,140.0,8,0,0,779,0,0,0
train,0591-0491.svg,94,51,0,2,2048,1,0,0.0,0.0,140.0,140.0,0,0,0,94,0,0,0
train,0591-0508.svg,901,564,0,6,2048,1,0,0.0,0.0,140.0,140.0,2,0,0,899,0,0,0
train,0591-0514.svg,309,97,0,2,2048,1,0,0.0,0.0,140.0,140.0,6,0,0,303,0,0,0
train,0591-0517.svg,37,4,0,1,2048,1,0,0.0,0.0,140.0,140.0,0,0,0,37,0,0,0
train,0591-0529.svg,288,124,0,5,2048,1,0,0.0,0.0,140.0,140.0,4,0,0,284,0,0,0
train,0591-0532.svg,149,70,0,4,2048,1,0,0.0,0.0,140.0,140.0,1,0,0,148,0,0,0
train,0591-0556.svg,144,40,0,4,2048,1,0,0.0,0.0,140.0,140.0,1,0,0,143,0,0,0
train,0591-0559.svg,222,149,0,3,2048,1,0,0.0,0.0,140.0,140.0,0,0,0,222,0,0,0
train,0591-0573.svg,204,109,0,4,2048,1,0,0.0,0.0,140.0,140.0,2,0,0,202,0,0,0
train,0591-0579.svg,168,94,0,3,2048,1,0,0.0,0.0,140.0,140.0,0,0,0,168,0,0,0
train,0591-0618.svg,332,165,0,3,2048,1,0,0.0,0.0,140.0,140.0,2,0,0,330,0,0,0
train,0591-0619.svg,281,99,0,2,2048,1,0,0.0,0.0,140.0,140.0,6,0,0,275,0,0,0
train,0591-0636.svg,122,66,0,4,2048,1,0,0.0,0.0,140.0,140.0,1,0,0,121,0,0,0
train,0591-0644.svg,161,91,0,6,2048,1,0,0.0,0.0,140.0,140.0,3,0,0,158,0,0,0
train,0591-0654.svg,158,60,0,3,2048,1,0,0.0,0.0,140.0,140.0,2,0,0,156,0,0,0
train,0591-0660.svg,398,182,0,4,2048,1,0,0.0,0.0,140.0,140.0,4,0,0,394,0,0,0
train,0591-0697.svg,289,119,0,4,2048,1,0,0.0,0.0,140.0,140.0,4,0,0,285,0,0,0
train,0591-0700.svg,154,71,0,3,2048,1,0,0.0,0.0,140.0,140.0,1,0,0,153,0,0,0
train,0591-0707.svg,215,118,0,3,2048,1,0,0.0,0.0,140.0,140.0,6,0,0,209,0,0,0
train,0591-0717.svg,148,68,0,3,2048,1,0,0.0,0.0,140.0,140.0,1,0,0,147,0,0,0
train,0591-0718.svg,342,178,0,5,2048,1,0,0.0,0.0,140.0,140.0,1,0,0,341,0,0,0
train,0591-0740.svg,321,177,0,5,2048,1,0,0.0,0.0,140.0,140.0,0,0,0,321,0,0,0
train,0591-0761.svg,219,82,0,4,2048,1,0,0.0,0.0,140.0,140.0,2,0,0,217,0,0,0
train,0591-0770.svg,75,17,0,2,2048,1,0,0.0,0.0,140.0,140.0,5,0,0,70,0,0,0
train,0591-0783.svg,166,99,0,4,2048,1,0,0.0,0.0,140.0,140.0,0,0,0,166,0,0,0
train,0591-0801.svg,59,22,0,2,2048,1,0,0.0,0.0,140.0,140.0,1,0,0,58,0,0,0
train,0591-0808.svg,444,240,0,4,2048,1,0,0.0,0.0,140.0,140.0,2,0,0,442,0,0,0
train,0591-0827.svg,107,46,0,2,2048,1,0,0.0,0.0,140.0,140.0,0,0,0,107,0,0,0
train,0591-0832.svg,165,67,0,2,2048,1,0,0.0,0.0,140.0,140.0,6,0,0,159,0,0,0
train,0591-0844.svg,418,218,0,5,2048,1,0,0.0,0.0,140.0,140.0,1,0,0,417,0,0,0
train,0591-0848.svg,132,54,0,2,2048,1,0,0.0,0.0,140.0,140.0,1,0,0,131,0,0,0
train,0591-0865.svg,402,200,0,4,2048,1,0,0.0,0.0,140.0,140.0,2,0,0,400,0,0,0
train,0591-0912.svg,108,49,0,3,2048,1,0,0.0,0.0,140.0,140.0,1,0,0,107,0,0,0
train,0591-0935.svg,208,130,0,5,2048,1,0,0.0,0.0,140.0,140.0,1,0,0,207,0,0,0
train,0591-0949.svg,839,590,0,5,2048,1,0,0.0,0.0,140.0,140.0,3,0,0,836,0,0,0
train,0591-0954.svg,195,68,0,4,2048,1,0,0.0,0.0,140.0,140.0,4,0,0,191,0,0,0
train,0591-0956.svg,196,65,0,3,2048,1,0,0.0,0.0,140.0,140.0,3,0,0,193,0,0,0
train,0591-0971.svg,752,565,0,5,2048,1,0,0.0,0.0,140.0,140.0,9,0,0,743,0,0,0
train,0592-0031.svg,330,104,0,1,2048,1,0,0.0,0.0,140.0,140.0,10,0,0,320,0,0,0
train,0593-0014.svg,537,299,0,7,2048,1,0,0.0,0.0,140.0,140.0,19,0,0,518,0,0,0
train,0593-0016.svg,222,55,0,2,2048,1,0,0.0,0.0,140.0,140.0,15,0,0,207,0,0,0
train,0593-0021.svg,734,353,0,4,2048,1,0,0.0,0.0,140.0,140.0,13,0,0,721,0,0,0
train,0593-0028.svg,292,67,0,2,2048,1,0,0.0,0.0,140.0,140.0,6,0,0,286,0,0,0
train,0594-0007.svg,1490,75,0,1,2048,1,0,0.0,0.0,140.0,140.0,23,0,0,1467,0,0,0
train,0595-0007.svg,5200,2944,0,19,2048,3,0,0.0,0.0,140.0,140.0,34,84,0,5082,0,0,0
train,0595-0022.svg,6621,2930,0,22,2048,4,0,0.0,0.0,140.0,140.0,40,82,0,6499,0,0,0
train,0596-0015.svg,584,351,0,2,2048,1,0,0.0,0.0,140.0,140.0,2,0,0,582,0,0,0
train,0596-0017.svg,699,332,0,3,2048,1,0,0.0,0.0,140.0,140.0,1,0,0,698,0,0,0
train,0597-0013.svg,449,126,0,4,2048,1,0,0.0,0.0,140.0,140.0,15,0,0,434,0,0,0
train,0597-0016.svg,1645,1120,0,14,2048,1,0,0.0,0.0,140.0,140.0,50,0,0,1595,0,0,0
train,0597-0021.svg,1297,822,0,11,2048,1,0,0.0,0.0,140.0,140.0,27,0,0,1270,0,0,0
train,0597-0026.svg,953,589,0,13,2048,1,0,0.0,0.0,140.0,140.0,28,0,0,925,0,0,0
train,0598-0000.svg,1381,727,0,14,2048,1,0,0.0,0.0,140.0,140.0,36,0,0,1345,0,0,0
train,0598-0004.svg,1434,722,0,14,2048,1,0,0.0,0.0,140.0,140.0,36,0,0,1398,0,0,0
train,0599-0007.svg,676,247,0,9,2048,1,0,0.0,0.0,140.0,140.0,17,1,0,658,0,0,0
train,0599-0011.svg,445,152,0,3,2048,1,0,0.0,0.0,140.0,140.0,13,0,0,432,0,0,0
train,0599-0016.svg,348,128,0,4,2048,1,0,0.0,0.0,140.0,140.0,13,0,0,335,0,0,0
train,0600-0001.svg,1513,1017,0,13,2048,1,0,0.0,0.0,140.0,140.0,48,0,0,1465,0,0,0
train,0602-0011.svg,350,105,0,3,2048,1,0,0.0,0.0,140.0,140.0,9,0,0,341,0,0,0
train,0602-0018.svg,1089,725,0,3,2048,1,0,0.0,0.0,140.0,140.0,3,0,0,1086,0,0,0
train,0603-0013.svg,531,141,0,2,2048,1,0,0.0,0.0,140.0,140.0,11,0,0,520,0,0,0
train,0603-0014.svg,293,63,0,1,2048,1,0,0.0,0.0,140.0,140.0,8,0,0,285,0,0,0
train,0604-0004.svg,1692,321,0,5,2048,1,0,0.0,0.0,140.0,140.0,11,0,0,1681,0,0,0
train,0605-0013.svg,452,157,0,3,2048,1,0,0.0,0.0,140.0,140.0,15,0,0,437,0,0,0
train,0605-0021.svg,688,206,0,9,2048,1,0,0.0,0.0,140.0,140.0,15,0,0,673,0,0,0
train,0607-0008.svg,555,160,0,4,2048,1,0,0.0,0.0,140.0,140.0,14,0,0,541,0,0,0
train,0608-0007.svg,744,256,0,8,2048,1,0,0.0,0.0,140.0,140.0,21,2,0,721,0,0,0
train,0608-0012.svg,1429,619,0,10,2048,1,0,0.0,0.0,140.0,140.0,28,9,0,1392,0,0,0
train,0608-0022.svg,948,351,0,9,2048,1,0,0.0,0.0,140.0,140.0,12,11,0,925,0,0,0
train,0609-0002.svg,1516,1045,0,12,2048,1,0,0.0,0.0,140.0,140.0,64,0,0,1452,0,0,0
train,0610-0018.svg,440,164,0,3,2048,1,0,0.0,0.0,140.0,140.0,4,0,0,436,0,0,0
train,0610-0021.svg,751,249,0,8,2048,1,0,0.0,0.0,140.0,140.0,31,0,0,720,0,0,0
train,0610-0027.svg,744,307,0,10,2048,1,0,0.0,0.0,140.0,140.0,32,2,0,710,0,0,0
train,0611-0012.svg,949,518,0,11,2048,1,0,0.0,0.0,140.0,140.0,34,5,0,910,0,0,0
train,0611-0016.svg,572,242,0,5,2048,1,0,0.0,0.0,140.0,140.0,20,0,0,552,0,0,0
train,0611-0021.svg,576,271,0,5,2048,1,0,0.0,0.0,140.0,140.0,22,0,0,554,0,0,0
train,0612-0156.svg,97,33,0,2,2048,1,0,0.0,0.0,140.0,140.0,0,0,0,97,0,0,0
train,0612-0157.svg,147,50,0,2,2048,1,0,0.0,0.0,140.0,140.0,3,0,0,144,0,0,0
train,0612-0168.svg,191,67,0,2,2048,1,0,0.0,0.0,140.0,140.0,3,0,0,188,0,0,0
train,0612-0172.svg,145,73,0,2,2048,1,0,0.0,0.0,140.0,140.0,0,0,0,145,0,0,0
train,0612-0184.svg,460,344,0,5,2048,1,0,0.0,0.0,140.0,140.0,6,0,0,454,0,0,0
train,0612-0185.svg,405,280,0,6,2048,1,0,0.0,0.0,140.0,140.0,5,0,0,400,0,0,0
train,0612-0188.svg,122,67,0,1,2048,1,0,0.0,0.0,140.0,140.0,0,0,0,122,0,0,0
train,0612-0190.svg,147,43,0,2,2048,1,0,0.0,0.0,140.0,140.0,3,0,0,144,0,0,0
train,0612-0203.svg,257,122,0,7,2048,1,0,0.0,0.0,140.0,140.0,3,0,0,254,0,0,0
train,0612-0204.svg,233,83,0,3,2048,1,0,0.0,0.0,140.0,140.0,3,0,0,230,0,0,0
train,0612-0207.svg,78,39,0,1,2048,1,0,0.0,0.0,140.0,140.0,0,0,0,78,0,0,0
train,0612-0220.svg,183,116,0,4,2048,1,0,0.0,0.0,140.0,140.0,2,0,0,181,0,0,0
train,0612-0241.svg,123,98,0,2,2048,1,0,0.0,0.0,140.0,140.0,0,0,0,123,0,0,0
train,0612-0242.svg,221,139,0,2,2048,1,0,0.0,0.0,140.0,140.0,0,0,0,221,0,0,0
train,0612-0245.svg,114,82,0,1,2048,1,0,0.0,0.0,140.0,140.0,0,0,0,114,0,0,0
train,0612-0246.svg,126,57,0,3,2048,1,0,0.0,0.0,140.0,140.0,0,0,0,126,0,0,0
train,0612-0258.svg,153,99,0,2,2048,1,0,0.0,0.0,140.0,140.0,0,0,0,153,0,0,0
train,0612-0264.svg,95,59,0,2,2048,1,0,0.0,0.0,140.0,140.0,0,0,0,95,0,0,0
train,0612-0277.svg,93,82,0,1,2048,1,0,0.0,0.0,140.0,140.0,0,0,0,93,0,0,0
train,0612-0280.svg,339,191,0,5,2048,1,0,0.0,0.0,140.0,140.0,6,0,0,333,0,0,0
train,0612-0283.svg,110,54,0,3,2048,1,0,0.0,0.0,140.0,140.0,0,0,0,110,0,0,0
train,0612-0294.svg,115,76,0,1,2048,1,0,0.0,0.0,140.0,140.0,0,0,0,115,0,0,0
train,0612-0297.svg,124,75,0,3,2048,1,0,0.0,0.0,140.0,140.0,0,0,0,124,0,0,0
train,0612-0300.svg,84,44,0,1,2048,1,0,0.0,0.0,140.0,140.0,0,0,0,84,0,0,0
train,0613-0020.svg,1184,268,0,3,2048,1,0,0.0,0.0,140.0,140.0,0,0,0,1184,0,0,0
train,0613-0026.svg,1751,643,0,8,2048,1,0,0.0,0.0,140.0,140.0,14,0,0,1737,0,0,0
train,0613-0031.svg,1510,837,0,8,2048,1,0,0.0,0.0,140.0,140.0,6,0,0,1504,0,0,0
train,0613-0042.svg,507,52,0,2,2048,1,0,0.0,0.0,140.0,140.0,9,0,0,498,0,0,0
train,0614-0003.svg,458,313,0,1,2048,1,0,0.0,0.0,140.0,140.0,4,0,0,454,0,0,0
train,0614-0018.svg,293,23,0,1,2048,1,0,0.0,0.0,140.0,140.0,4,0,0,289,0,0,0
train,0614-0019.svg,346,29,0,1,2048,1,0,0.0,0.0,140.0,140.0,4,0,0,342,0,0,0
train,0614-0020.svg,598,138,0,5,2048,1,0,0.0,0.0,140.0,140.0,18,0,0,580,0,0,0
train,0614-0021.svg,142,12,0,2,2048,1,0,0.0,0.0,140.0,140.0,5,0,0,137,0,0,0
train,0614-0032.svg,62,18,0,1,2048,1,0,0.0,0.0,140.0,140.0,1,0,0,61,0,0,0
train,0614-0057.svg,78,24,0,2,2048,1,0,0.0,0.0,140.0,140.0,4,0,0,74,0,0,0
train,0614-0072.svg,603,63,0,1,2048,1,0,0.0,0.0,140.0,140.0,12,0,0,591,0,0,0
train,0614-0112.svg,288,9,0,2,2048,1,0,0.0,0.0,140.0,140.0,7,0,0,281,0,0,0
train,0614-0115.svg,395,120,0,1,2048,1,0,0.0,0.0,140.0,140.0,8,0,0,387,0,0,0
train,0614-0120.svg,559,135,0,5,2048,1,0,0.0,0.0,140.0,140.0,12,0,0,547,0,0,0
train,0614-0143.svg,387,31,0,1,2048,1,0,0.0,0.0,140.0,140.0,8,0,0,379,0,0,0
train,0614-0148.svg,154,6,0,2,2048,1,0,0.0,0.0,140.0,140.0,2,0,0,152,0,0,0
train,0614-0151.svg,81,7,0,2,2048,1,0,0.0,0.0,140.0,140.0,2,0,0,79,0,0,0
train,0614-0153.svg,69,8,0,2,2048,1,0,0.0,0.0,140.0,140.0,1,0,0,68,0,0,0
train,0614-0156.svg,161,12,0,2,2048,1,0,0.0,0.0,140.0,140.0,4,0,0,157,0,0,0
train,0614-0169.svg,488,361,0,1,2048,1,0,0.0,0.0,140.0,140.0,4,0,0,484,0,0,0
train,0615-0017.svg,1407,924,0,13,2048,1,0,0.0,0.0,140.0,140.0,37,5,0,1365,0,0,0
train,0615-0020.svg,1290,897,0,11,2048,1,0,0.0,0.0,140.0,140.0,47,5,0,1238,0,0,0
train,0615-0025.svg,1372,817,0,12,2048,1,0,0.0,0.0,140.0,140.0,24,0,0,1348,0,0,0
train,0617-0002.svg,202,46,0,2,2048,1,0,0.0,0.0,140.0,140.0,0,0,0,202,0,0,0
train,0617-0003.svg,108,6,0,1,2048,1,0,0.0,0.0,140.0,140.0,2,0,0,106,0,0,0
train,0617-0008.svg,91,2,0,1,2048,1,0,0.0,0.0,140.0,140.0,0,0,0,91,0,0,0
train,0618-0017.svg,2304,1621,0,12,2048,2,0,0.0,0.0,140.0,140.0,22,4,0,2278,0,0,0
train,0618-0027.svg,2336,1432,0,10,2048,2,0,0.0,0.0,140.0,140.0,27,3,0,2306,0,0,0
train,0618-0032.svg,335,24,0,2,2048,1,0,0.0,0.0,140.0,140.0,10,0,0,325,0,0,0
train,0620-0005.svg,563,57,0,2,2048,1,0,0.0,0.0,140.0,140.0,16,0,0,547,0,0,0
train,0622-0001.svg,1540,781,0,14,2048,1,0,0.0,0.0,140.0,140.0,43,0,0,1497,0,0,0
train,0623-0006.svg,1698,999,0,13,2048,1,0,0.0,0.0,140.0,140.0,46,0,0,1652,0,0,0
train,0624-0003.svg,3456,2853,0,16,2048,2,0,0.0,0.0,140.0,140.0,71,5,0,3380,0,0,0
train,0624-0033.svg,886,628,0,10,2048,1,0,0.0,0.0,140.0,140.0,30,5,0,851,0,0,0
train,0625-0002.svg,460,97,0,4,2048,1,0,0.0,0.0,140.0,140.0,10,0,0,450,0,0,0
train,0625-0003.svg,457,121,0,4,2048,1,0,0.0,0.0,140.0,140.0,3,0,0,454,0,0,0
train,0625-0007.svg,77,9,0,1,2048,1,0,0.0,0.0,140.0,140.0,3,0,0,74,0,0,0
train,0625-0030.svg,377,185,0,6,2048,1,0,0.0,0.0,140.0,140.0,3,0,0,374,0,0,0
train,0625-0036.svg,611,170,0,5,2048,1,0,0.0,0.0,140.0,140.0,6,0,0,605,0,0,0
train,0625-0040.svg,221,10,0,2,2048,1,0,0.0,0.0,140.0,140.0,2,0,0,219,0,0,0
train,0625-0056.svg,1893,26,0,1,2048,1,0,0.0,0.0,140.0,140.0,0,0,0,1893,0,0,0
train,0626-0005.svg,1830,180,0,3,2048,1,0,0.0,0.0,140.0,140.0,0,0,0,1830,0,0,0
train,0627-0010.svg,492,102,0,3,2048,1,0,0.0,0.0,140.0,140.0,20,0,0,472,0,0,0
train,0628-0017.svg,2345,1735,0,13,2048,2,0,0.0,0.0,140.0,140.0,70,0,0,2275,0,0,0
train,0630-0015.svg,330,81,0,4,2048,1,0,0.0,0.0,140.0,140.0,6,0,0,324,0,0,0
train,0630-0016.svg,678,302,0,9,2048,1,0,0.0,0.0,140.0,140.0,7,0,0,671,0,0,0
train,0630-0044.svg,772,394,0,8,2048,1,0,0.0,0.0,140.0,140.0,12,0,0,760,0,0,0
train,0630-0051.svg,578,183,0,7,2048,1,0,0.0,0.0,140.0,140.0,5,0,0,573,0,0,0
train,0633-0012.svg,1364,635,0,11,2048,1,0,0.0,0.0,140.0,140.0,18,13,0,1333,0,0,0
train,0634-0012.svg,1031,721,0,14,2048,1,0,0.0,0.0,140.0,140.0,32,0,0,999,0,0,0
train,0635-0021.svg,568,198,0,5,2048,1,0,0.0,0.0,140.0,140.0,22,0,0,546,0,0,0
train,0636-0000.svg,1182,254,0,7,2048,1,0,0.0,0.0,140.0,140.0,4,2,0,1176,0,0,0
train,0636-0022.svg,2774,639,0,7,2048,2,0,0.0,0.0,140.0,140.0,3,3,0,2768,0,0,0
train,0636-0023.svg,2609,159,0,4,2048,2,0,0.0,0.0,140.0,140.0,31,0,0,2578,0,0,0
train,0637-0014.svg,178,65,0,3,2048,1,0,0.0,0.0,140.0,140.0,0,0,0,178,0,0,0
train,0637-0024.svg,184,60,0,1,2048,1,0,0.0,0.0,140.0,140.0,0,0,0,184,0,0,0
train,0637-0052.svg,597,75,0,2,2048,1,0,0.0,0.0,140.0,140.0,2,0,0,595,0,0,0
train,0637-0063.svg,1343,1075,0,7,2048,1,0,0.0,0.0,140.0,140.0,24,0,0,1319,0,0,0
train,0637-0064.svg,342,81,0,2,2048,1,0,0.0,0.0,140.0,140.0,0,0,0,342,0,0,0
train,0637-0067.svg,175,41,0,1,2048,1,0,0.0,0.0,140.0,140.0,1,0,0,174,0,0,0
train,0637-0072.svg,6572,16,0,1,2048,4,0,0.0,0.0,140.0,140.0,0,0,0,6572,0,0,0
train,0637-0075.svg,174,61,0,2,2048,1,0,0.0,0.0,140.0,140.0,0,0,0,174,0,0,0
train,0637-0083.svg,4568,6,0,1,2048,3,0,0.0,0.0,140.0,140.0,1,0,0,4567,0,0,0
train,0637-0093.svg,1822,1663,0,4,2048,1,0,0.0,0.0,140.0,140.0,1,0,0,1821,0,0,0
train,0637-0094.svg,3470,3294,0,2,2048,2,0,0.0,0.0,140.0,140.0,1,0,0,3469,0,0,0
train,0637-0108.svg,98,48,0,2,2048,1,0,0.0,0.0,140.0,140.0,0,0,0,98,0,0,0
train,0640-0010.svg,1352,768,0,13,2048,1,0,0.0,0.0,140.0,140.0,20,0,0,1332,0,0,0
train,0640-0019.svg,1511,950,0,15,2048,1,0,0.0,0.0,140.0,140.0,28,0,0,1483,0,0,0
train,0640-0025.svg,1052,672,0,11,2048,1,0,0.0,0.0,140.0,140.0,29,5,0,1018,0,0,0
train,0641-0003.svg,1181,954,0,9,2048,1,0,0.0,0.0,140.0,140.0,28,5,0,1148,0,0,0
train,0641-0007.svg,682,273,0,9,2048,1,0,0.0,0.0,140.0,140.0,8,0,0,674,0,0,0
train,0641-0008.svg,1237,780,0,8,2048,1,0,0.0,0.0,140.0,140.0,32,4,0,1201,0,0,0
train,0642-0016.svg,928,559,0,12,2048,1,0,0.0,0.0,140.0,140.0,20,3,0,905,0,0,0
train,0642-0018.svg,322,174,0,5,2048,1,0,0.0,0.0,140.0,140.0,8,0,0,314,0,0,0
train,0642-0047.svg,3363,2452,0,12,2048,2,0,0.0,0.0,140.0,140.0,59,7,0,3297,0,0,0
train,0645-0004.svg,543,199,0,6,2048,1,0,0.0,0.0,140.0,140.0,0,0,0,543,0,0,0
train,0645-0009.svg,984,247,0,5,2048,1,0,0.0,0.0,140.0,140.0,6,0,0,978,0,0,0
train,0645-0011.svg,751,44,0,2,2048,1,0,0.0,0.0,140.0,140.0,0,0,0,751,0,0,0
train,0645-0022.svg,1003,145,0,5,2048,1,0,0.0,0.0,140.0,140.0,3,0,0,1000,0,0,0
train,0645-0027.svg,531,213,0,5,2048,1,0,0.0,0.0,140.0,140.0,10,0,0,521,0,0,0
train,0645-0028.svg,593,186,0,7,2048,1,0,0.0,0.0,140.0,140.0,4,0,0,589,0,0,0
train,0647-0055.svg,439,383,0,2,2048,1,0,0.0,0.0,140.0,140.0,2,0,0,437,0,0,0
train,0647-0085.svg,658,513,0,6,2048,1,0,0.0,0.0,140.0,140.0,14,0,0,644,0,0,0
train,0647-0101.svg,1431,784,0,7,2048,1,0,0.0,0.0,140.0,140.0,7,0,0,1424,0,0,0
train,0647-0102.svg,888,438,0,7,2048,1,0,0.0,0.0,140.0,140.0,5,0,0,883,0,0,0
train,0647-0116.svg,590,141,0,3,2048,1,0,0.0,0.0,140.0,140.0,1,0,0,589,0,0,0
train,0649-0022.svg,867,374,0,9,2048,1,0,0.0,0.0,140.0,140.0,33,0,0,834,0,0,0
train,0650-0037.svg,21520,111,0,3,2048,11,0,0.0,0.0,140.0,140.0,25,0,0,21495,0,0,0
train,0650-0068.svg,290,177,0,6,2048,1,0,0.0,0.0,140.0,140.0,0,0,0,290,0,0,0
train,0650-0071.svg,460,183,0,4,2048,1,0,0.0,0.0,140.0,140.0,10,0,0,450,0,0,0
train,0650-0072.svg,9418,212,0,6,2048,5,0,0.0,0.0,140.0,140.0,4,0,0,9414,0,0,0
train,0650-0082.svg,268,80,0,4,2048,1,0,0.0,0.0,140.0,140.0,4,0,0,264,0,0,0
train,0650-0094.svg,14655,240,0,4,2048,8,0,0.0,0.0,140.0,140.0,8,0,0,14647,0,0,0
train,0650-0095.svg,16064,493,0,5,2048,8,0,0.0,0.0,140.0,140.0,6,0,0,16058,0,0,0
train,0650-0096.svg,16451,48,0,2,2048,9,0,0.0,0.0,140.0,140.0,26,0,0,16425,0,0,0
train,0650-0116.svg,250,7,0,2,2048,1,0,0.0,0.0,140.0,140.0,10,0,0,240,0,0,0
train,0650-0134.svg,317,240,0,6,2048,1,0,0.0,0.0,140.0,140.0,0,0,0,317,0,0,0
train,0650-0139.svg,1859,866,0,8,2048,1,0,0.0,0.0,140.0,140.0,30,0,0,1829,0,0,0
train,0650-0140.svg,8493,298,0,8,2048,5,0,0.0,0.0,140.0,140.0,14,0,0,8479,0,0,0
train,0650-0162.svg,146,19,0,1,2048,1,0,0.0,0.0,140.0,140.0,5,0,0,141,0,0,0
train,0652-0054.svg,129,58,0,2,2048,1,0,0.0,0.0,140.0,140.0,2,0,0,127,0,0,0
train,0652-0057.svg,117,49,0,2,2048,1,0,0.0,0.0,140.0,140.0,2,0,0,115,0,0,0
train,0652-0061.svg,269,160,0,4,2048,1,0,0.0,0.0,140.0,140.0,2,0,0,267,0,0,0
train,0652-0107.svg,207,111,0,2,2048,1,0,0.0,0.0,140.0,140.0,2,0,0,205,0,0,0
train,0652-0108.svg,151,60,0,2,2048,1,0,0.0,0.0,140.0,140.0,2,0,0,149,0,0,0
train,0652-0122.svg,109,67,0,3,2048,1,0,0.0,0.0,140.0,140.0,0,0,0,109,0,0,0
train,0652-0140.svg,170,72,0,3,2048,1,0,0.0,0.0,140.0,140.0,0,0,0,170,0,0,0
train,0652-0144.svg,222,80,0,5,2048,1,0,0.0,0.0,140.0,140.0,0,0,0,222,0,0,0
train,0652-0145.svg,254,52,0,2,2048,1,0,0.0,0.0,140.0,140.0,2,0,0,252,0,0,0
train,0652-0156.svg,365,216,0,4,2048,1,0,0.0,0.0,140.0,140.0,2,0,0,363,0,0,0
train,0652-0176.svg,179,52,0,2,2048,1,0,0.0,0.0,140.0,140.0,1,0,0,178,0,0,0
train,0652-0196.svg,300,237,0,5,2048,1,0,0.0,0.0,140.0,140.0,0,0,0,300,0,0,0
train,0652-0199.svg,135,62,0,2,2048,1,0,0.0,0.0,140.0,140.0,0,0,0,135,0,0,0
train,0652-0200.svg,155,53,0,2,2048,1,0,0.0,0.0,140.0,140.0,0,0,0,155,0,0,0
train,0653-0004.svg,1774,1030,0,17,2048,1,0,0.0,0.0,140.0,140.0,14,0,0,1760,0,0,0
train,0654-0010.svg,632,206,0,6,2048,1,0,0.0,0.0,140.0,140.0,5,0,0,627,0,0,0
train,0654-0014.svg,391,176,0,6,2048,1,0,0.0,0.0,140.0,140.0,6,0,0,385,0,0,0
train,0654-0026.svg,557,181,0,4,2048,1,0,0.0,0.0,140.0,140.0,14,0,0,543,0,0,0
train,0654-0031.svg,564,181,0,4,2048,1,0,0.0,0.0,140.0,140.0,11,0,0,553,0,0,0
train,0654-0038.svg,1099,659,0,8,2048,1,0,0.0,0.0,140.0,140.0,38,0,0,1061,0,0,0
train,0654-0040.svg,1559,942,0,11,2048,1,0,0.0,0.0,140.0,140.0,52,0,0,1507,0,0,0
train,0654-0041.svg,907,462,0,8,2048,1,0,0.0,0.0,140.0,140.0,30,0,0,877,0,0,0
train,0654-0047.svg,540,114,0,4,2048,1,0,0.0,0.0,140.0,140.0,10,0,0,530,0,0,0
train,0654-0063.svg,518,17,0,2,2048,1,0,0.0,0.0,140.0,140.0,0,0,0,518,0,0,0
train,0655-0009.svg,533,139,0,6,2048,1,0,0.0,0.0,140.0,140.0,3,0,0,530,0,0,0
train,0655-0014.svg,479,111,0,4,2048,1,0,0.0,0.0,140.0,140.0,2,0,0,477,0,0,0
train,0655-0031.svg,294,52,0,4,2048,1,0,0.0,0.0,140.0,140.0,0,0,0,294,0,0,0
train,0657-0010.svg,1108,580,0,12,2048,1,0,0.0,0.0,140.0,140.0,34,0,0,1074,0,0,0
train,0661-0011.svg,746,505,0,5,2048,1,0,0.0,0.0,140.0,140.0,4,0,0,742,0,0,0
train,0661-0015.svg,919,439,0,5,2048,1,0,0.0,0.0,140.0,140.0,5,0,0,914,0,0,0
train,0661-0022.svg,506,213,0,4,2048,1,0,0.0,0.0,140.0,140.0,6,0,0,500,0,0,0
train,0661-0025.svg,351,307,0,3,2048,1,0,0.0,0.0,140.0,140.0,2,0,0,349,0,0,0
train,0662-0016.svg,902,688,0,10,2048,1,0,0.0,0.0,140.0,140.0,25,3,0,874,0,0,0
train,0662-0017.svg,1070,874,0,10,2048,1,0,0.0,0.0,140.0,140.0,29,0,0,1041,0,0,0
train,0662-0021.svg,1415,1012,0,14,2048,1,0,0.0,0.0,140.0,140.0,29,3,0,1383,0,0,0
train,0662-0027.svg,1033,825,0,10,2048,1,0,0.0,0.0,140.0,140.0,28,0,0,1005,0,0,0
train,0662-0036.svg,1227,784,0,12,2048,1,0,0.0,0.0,140.0,140.0,18,3,0,1206,0,0,0
train,0662-0037.svg,1727,1233,0,12,2048,1,0,0.0,0.0,140.0,140.0,48,6,0,1673,0,0,0
train,0664-0004.svg,3805,1430,0,10,2048,2,0,0.0,0.0,140.0,140.0,31,4,0,3770,0,0,0
train,0664-0010.svg,4135,1454,0,13,2048,3,0,0.0,0.0,140.0,140.0,32,3,0,4100,0,0,0
train,0664-0013.svg,3824,1572,0,11,2048,2,0,0.0,0.0,140.0,140.0,31,4,0,3789,0,0,0
train,0666-0016.svg,240,99,0,3,2048,1,0,0.0,0.0,140.0,140.0,0,0,0,240,0,0,0
train,0666-0017.svg,223,36,0,1,2048,1,0,0.0,0.0,140.0,140.0,0,0,0,223,0,0,0
train,0666-0020.svg,355,135,0,4,2048,1,0,0.0,0.0,140.0,140.0,0,0,0,355,0,0,0
train,0666-0033.svg,407,139,0,4,2048,1,0,0.0,0.0,140.0,140.0,0,0,0,407,0,0,0
train,0667-0109.svg,378,48,0,1,2048,1,0,0.0,0.0,140.0,140.0,0,0,0,378,0,0,0
train,0667-0120.svg,979,427,0,6,2048,1,0,0.0,0.0,140.0,140.0,5,0,0,974,0,0,0
train,0667-0125.svg,482,372,0,1,2048,1,0,0.0,0.0,140.0,140.0,0,0,0,482,0,0,0
train,0667-0137.svg,649,313,0,4,2048,1,0,0.0,0.0,140.0,140.0,1,0,0,648,0,0,0
train,0667-0157.svg,546,41,0,2,2048,1,0,0.0,0.0,140.0,140.0,0,0,0,546,0,0,0
train,0667-0184.svg,360,164,0,4,2048,1,0,0.0,0.0,140.0,140.0,2,0,0,358,0,0,0
train,0668-0011.svg,667,58,0,3,2048,1,0,0.0,0.0,140.0,140.0,13,0,0,654,0,0,0
train,0668-0012.svg,1386,631,0,10,2048,1,0,0.0,0.0,140.0,140.0,28,7,0,1351,0,0,0
train,0668-0017.svg,1293,625,0,11,2048,1,0,0.0,0.0,140.0,140.0,23,6,0,1264,0,0,0
train,0668-0018.svg,384,94,0,5,2048,1,0,0.0,0.0,140.0,140.0,9,0,0,375,0,0,0
train,0668-0021.svg,410,42,0,3,2048,1,0,0.0,0.0,140.0,140.0,10,0,0,400,0,0,0
train,0669-0004.svg,464,196,0,6,2048,1,0,0.0,0.0,140.0,140.0,7,1,0,456,0,0,0
train,0669-0012.svg,517,227,0,7,2048,1,0,0.0,0.0,140.0,140.0,5,1,0,511,0,0,0
train,0669-0013.svg,506,256,0,8,2048,1,0,0.0,0.0,140.0,140.0,9,1,0,496,0,0,0
train,0669-0017.svg,145,39,0,3,2048,1,0,0.0,0.0,140.0,140.0,4,0,0,141,0,0,0
train,0669-0019.svg,723,423,0,9,2048,1,0,0.0,0.0,140.0,140.0,18,5,0,700,0,0,0
train,0669-0020.svg,451,136,0,6,2048,1,0,0.0,0.0,140.0,140.0,12,2,0,437,0,0,0
train,0669-0021.svg,255,72,0,3,2048,1,0,0.0,0.0,140.0,140.0,11,1,0,243,0,0,0
train,0669-0027.svg,363,143,0,6,2048,1,0,0.0,0.0,140.0,140.0,9,3,0,351,0,0,0
train,0669-0049.svg,1358,691,0,9,2048,1,0,0.0,0.0,140.0,140.0,13,4,0,1341,0,0,0
train,0669-0060.svg,431,125,0,7,2048,1,0,0.0,0.0,140.0,140.0,11,3,0,417,0,0,0
train,0669-0067.svg,660,381,0,9,2048,1,0,0.0,0.0,140.0,140.0,15,6,0,639,0,0,0
train,0669-0068.svg,418,152,0,7,2048,1,0,0.0,0.0,140.0,140.0,4,1,0,413,0,0,0
train,0669-0072.svg,5199,2172,0,9,2048,3,0,0.0,0.0,140.0,140.0,109,28,0,5062,0,0,0
train,0669-0075.svg,532,292,0,8,2048,1,0,0.0,0.0,140.0,140.0,20,6,0,506,0,0,0
train,0671-0004.svg,1132,589,0,12,2048,1,0,0.0,0.0,140.0,140.0,21,0,0,1111,0,0,0
train,0671-0013.svg,1266,971,0,11,2048,1,0,0.0,0.0,140.0,140.0,28,0,0,1238,0,0,0
train,0671-0019.svg,1893,1452,0,15,2048,1,0,0.0,0.0,140.0,140.0,53,0,0,1840,0,0,0
train,0672-0016.svg,2552,1383,0,15,2048,2,0,0.0,0.0,140.0,140.0,81,4,0,2467,0,0,0
train,0672-0026.svg,1450,970,0,17,2048,1,0,0.0,0.0,140.0,140.0,47,2,0,1401,0,0,0
train,0673-0007.svg,1090,559,0,10,2048,1,0,0.0,0.0,140.0,140.0,41,6,0,1043,0,0,0
train,0673-0017.svg,1068,604,0,10,2048,1,0,0.0,0.0,140.0,140.0,39,7,0,1022,0,0,0
train,0673-0021.svg,568,256,0,5,2048,1,0,0.0,0.0,140.0,140.0,22,0,0,546,0,0,0
train,0673-0022.svg,1033,562,0,11,2048,1,0,0.0,0.0,140.0,140.0,36,7,0,990,0,0,0
train,0674-0132.svg,169,40,0,2,2048,1,0,0.0,0.0,140.0,140.0,1,0,0,168,0,0,0
train,0674-0134.svg,1121,490,0,8,2048,1,0,0.0,0.0,140.0,140.0,2,0,0,1119,0,0,0
train,0674-0162.svg,215,68,0,1,2048,1,0,0.0,0.0,140.0,140.0,0,0,0,215,0,0,0
train,0674-0163.svg,174,61,0,1,2048,1,0,0.0,0.0,140.0,140.0,0,0,0,174,0,0,0
train,0674-0190.svg,342,168,0,4,2048,1,0,0.0,0.0,140.0,140.0,2,0,0,340,0,0,0
train,0674-0191.svg,275,92,0,3,2048,1,0,0.0,0.0,140.0,140.0,3,0,0,272,0,0,0
train,0674-0192.svg,240,68,0,1,2048,1,0,0.0,0.0,140.0,140.0,1,0,0,239,0,0,0
train,0674-0222.svg,254,78,0,1,2048,1,0,0.0,0.0,140.0,140.0,1,0,0,253,0,0,0
train,0674-0227.svg,114,25,0,2,2048,1,0,0.0,0.0,140.0,140.0,0,0,0,114,0,0,0
train,0674-0249.svg,404,299,0,4,2048,1,0,0.0,0.0,140.0,140.0,1,0,0,403,0,0,0
train,0674-0250.svg,452,203,0,4,2048,1,0,0.0,0.0,140.0,140.0,2,0,0,450,0,0,0
train,0674-0252.svg,276,74,0,2,2048,1,0,0.0,0.0,140.0,140.0,1,0,0,275,0,0,0
train,0674-0256.svg,205,44,0,1,2048,1,0,0.0,0.0,140.0,140.0,1,0,0,204,0,0,0
train,0674-0282.svg,263,69,0,2,2048,1,0,0.0,0.0,140.0,140.0,0,0,0,263,0,0,0
train,0674-0284.svg,282,71,0,2,2048,1,0,0.0,0.0,140.0,140.0,2,0,0,280,0,0,0
train,0674-0285.svg,337,100,0,4,2048,1,0,0.0,0.0,140.0,140.0,4,0,0,333,0,0,0
train,0674-0286.svg,226,44,0,1,2048,1,0,0.0,0.0,140.0,140.0,3,0,0,223,0,0,0
train,0674-0310.svg,491,233,0,5,2048,1,0,0.0,0.0,140.0,140.0,8,0,0,483,0,0,0
train,0674-0311.svg,322,76,0,2,2048,1,0,0.0,0.0,140.0,140.0,2,0,0,320,0,0,0
train,0674-0312.svg,242,70,0,1,2048,1,0,0.0,0.0,140.0,140.0,1,0,0,241,0,0,0
train,0674-0316.svg,142,31,0,1,2048,1,0,0.0,0.0,140.0,140.0,0,0,0,142,0,0,0
train,0674-0346.svg,141,56,0,1,2048,1,0,0.0,0.0,140.0,140.0,0,0,0,141,0,0,0
train,0674-0349.svg,435,221,0,3,2048,1,0,0.0,0.0,140.0,140.0,2,0,0,433,0,0,0
train,0674-0371.svg,310,98,0,5,2048,1,0,0.0,0.0,140.0,140.0,2,0,0,308,0,0,0
train,0674-0372.svg,212,66,0,1,2048,1,0,0.0,0.0,140.0,140.0,1,0,0,211,0,0,0
train,0674-0373.svg,188,64,0,1,2048,1,0,0.0,0.0,140.0,140.0,1,0,0,187,0,0,0
train,0674-0374.svg,186,45,0,2,2048,1,0,0.0,0.0,140.0,140.0,2,0,0,184,0,0,0
train,0674-0400.svg,640,382,0,3,2048,1,0,0.0,0.0,140.0,140.0,1,0,0,639,0,0,0
train,0674-0431.svg,181,65,0,2,2048,1,0,0.0,0.0,140.0,140.0,2,0,0,179,0,0,0
train,0674-0433.svg,182,89,0,1,2048,1,0,0.0,0.0,140.0,140.0,1,0,0,181,0,0,0
train,0674-0439.svg,374,239,0,4,2048,1,0,0.0,0.0,140.0,140.0,0,0,0,374,0,0,0
train,0674-0458.svg,248,66,0,1,2048,1,0,0.0,0.0,140.0,140.0,0,0,0,248,0,0,0
train,0674-0520.svg,253,56,0,3,2048,1,0,0.0,0.0,140.0,140.0,1,0,0,252,0,0,0
train,0674-0524.svg,234,43,0,2,2048,1,0,0.0,0.0,140.0,140.0,0,0,0,234,0,0,0
train,0674-0548.svg,257,66,0,1,2048,1,0,0.0,0.0,140.0,140.0,1,0,0,256,0,0,0
train,0674-0551.svg,200,47,0,2,2048,1,0,0.0,0.0,140.0,140.0,2,0,0,198,0,0,0
train,0674-0552.svg,193,56,0,2,2048,1,0,0.0,0.0,140.0,140.0,1,0,0,192,0,0,0
train,0674-0574.svg,692,600,0,7,2048,1,0,0.0,0.0,140.0,140.0,3,0,0,689,0,0,0
train,0674-0575.svg,476,287,0,6,2048,1,0,0.0,0.0,140.0,140.0,9,0,0,467,0,0,0
train,0674-0578.svg,248,66,0,1,2048,1,0,0.0,0.0,140.0,140.0,1,0,0,247,0,0,0
train,0674-0580.svg,293,144,0,3,2048,1,0,0.0,0.0,140.0,140.0,4,0,0,289,0,0,0
train,0674-0605.svg,725,244,0,7,2048,1,0,0.0,0.0,140.0,140.0,12,0,0,713,0,0,0
train,0674-0611.svg,338,137,0,4,2048,1,0,0.0,0.0,140.0,140.0,2,0,0,336,0,0,0
train,0674-0614.svg,433,247,0,7,2048,1,0,0.0,0.0,140.0,140.0,1,0,0,432,0,0,0
train,0674-0635.svg,694,335,0,7,2048,1,0,0.0,0.0,140.0,140.0,9,0,0,685,0,0,0
train,0674-0643.svg,195,100,0,2,2048,1,0,0.0,0.0,140.0,140.0,1,0,0,194,0,0,0
train,0674-0668.svg,237,68,0,1,2048,1,0,0.0,0.0,140.0,140.0,1,0,0,236,0,0,0
train,0674-0670.svg,361,239,0,6,2048,1,0,0.0,0.0,140.0,140.0,1,0,0,360,0,0,0
train,0674-0699.svg,274,134,0,4,2048,1,0,0.0,0.0,140.0,140.0,0,0,0,274,0,0,0
train,0674-0704.svg,342,205,0,3,2048,1,0,0.0,0.0,140.0,140.0,2,0,0,340,0,0,0
train,0674-0725.svg,427,176,0,5,2048,1,0,0.0,0.0,140.0,140.0,12,0,0,415,0,0,0
train,0674-0730.svg,313,156,0,3,2048,1,0,0.0,0.0,140.0,140.0,3,0,0,310,0,0,0
train,0674-0733.svg,179,77,0,2,2048,1,0,0.0,0.0,140.0,140.0,3,0,0,176,0,0,0
train,0674-0762.svg,190,62,0,2,2048,1,0,0.0,0.0,140.0,140.0,1,0,0,189,0,0,0
train,0674-0825.svg,116,88,0,1,2048,1,0,0.0,0.0,140.0,140.0,0,0,0,116,0,0,0
train,0674-0850.svg,438,307,0,6,2048,1,0,0.0,0.0,140.0,140.0,2,0,0,436,0,0,0
train,0674-0851.svg,260,67,0,4,2048,1,0,0.0,0.0,140.0,140.0,9,0,0,251,0,0,0
train,0674-0874.svg,471,407,0,8,2048,1,0,0.0,0.0,140.0,140.0,0,0,0,471,0,0,0
train,0674-0875.svg,344,215,0,5,2048,1,0,0.0,0.0,140.0,140.0,14,0,0,330,0,0,0
train,0674-0876.svg,240,177,0,5,2048,1,0,0.0,0.0,140.0,140.0,19,0,0,221,0,0,0
train,0674-0879.svg,1211,939,0,12,2048,1,0,0.0,0.0,140.0,140.0,22,0,0,1189,0,0,0
train,0674-0880.svg,454,392,0,8,2048,1,0,0.0,0.0,140.0,140.0,6,0,0,448,0,0,0
train,0674-0884.svg,419,351,0,8,2048,1,0,0.0,0.0,140.0,140.0,6,0,0,413,0,0,0
train,0674-0908.svg,177,124,0,4,2048,1,0,0.0,0.0,140.0,140.0,0,0,0,177,0,0,0
train,0674-0911.svg,178,119,0,3,2048,1,0,0.0,0.0,140.0,140.0,1,0,0,177,0,0,0
train,0674-0913.svg,144,100,0,3,2048,1,0,0.0,0.0,140.0,140.0,0,0,0,144,0,0,0
train,0674-0937.svg,151,89,0,3,2048,1,0,0.0,0.0,140.0,140.0,0,0,0,151,0,0,0
train,0675-0000.svg,1380,784,0,12,2048,1,0,0.0,0.0,140.0,140.0,38,0,0,1342,0,0,0
train,0675-0002.svg,1542,855,0,15,2048,1,0,0.0,0.0,140.0,140.0,49,0,0,1493,0,0,0
train,0677-0001.svg,571,416,0,7,2048,1,0,0.0,0.0,140.0,140.0,7,0,0,564,0,0,0
train,0678-0013.svg,284,25,0,1,2048,1,0,0.0,0.0,140.0,140.0,3,0,0,281,0,0,0
train,0678-0018.svg,254,21,0,1,2048,1,0,0.0,0.0,140.0,140.0,0,0,0,254,0,0,0
train,0679-0066.svg,455,368,0,8,2048,1,0,0.0,0.0,140.0,140.0,1,6,0,448,0,0,0
train,0682-0607.svg,253,90,0,3,2048,1,0,0.0,0.0,140.0,140.0,1,0,0,252,0,0,0
train,0682-0613.svg,178,43,0,2,2048,1,0,0.0,0.0,140.0,140.0,7,0,0,171,0,0,0
train,0682-0615.svg,284,100,0,1,2048,1,0,0.0,0.0,140.0,140.0,4,0,0,280,0,0,0
train,0682-0631.svg,265,128,0,4,2048,1,0,0.0,0.0,140.0,140.0,1,0,0,264,0,0,0
train,0682-0640.svg,76,26,0,1,2048,1,0,0.0,0.0,140.0,140.0,1,0,0,75,0,0,0
train,0682-0656.svg,82,18,0,1,2048,1,0,0.0,0.0,140.0,140.0,2,0,0,80,0,0,0
train,0682-0665.svg,48,12,0,1,2048,1,0,0.0,0.0,140.0,140.0,0,0,0,48,0,0,0
train,0682-0756.svg,182,48,0,2,2048,1,0,0.0,0.0,140.0,140.0,0,0,0,182,0,0,0
train,0682-0782.svg,202,63,0,3,2048,1,0,0.0,0.0,140.0,140.0,6,0,0,196,0,0,0
train,0682-0790.svg,284,110,0,3,2048,1,0,0.0,0.0,140.0,140.0,2,0,0,282,0,0,0
train,0682-0812.svg,630,391,0,5,2048,1,0,0.0,0.0,140.0,140.0,32,0,0,598,0,0,0
train,0682-0815.svg,1886,1749,0,2,2048,1,0,0.0,0.0,140.0,140.0,197,0,0,1689,0,0,0
train,0682-0816.svg,1490,1348,0,4,2048,1,0,0.0,0.0,140.0,140.0,157,0,0,1333,0,0,0
train,0682-0838.svg,2074,1915,0,3,2048,2,0,0.0,0.0,140.0,140.0,219,0,0,1855,0,0,0
train,0682-0861.svg,179,60,0,2,2048,1,0,0.0,0.0,140.0,140.0,2,0,0,177,0,0,0
train,0682-0863.svg,1402,1260,0,5,2048,1,0,0.0,0.0,140.0,140.0,131,0,0,1271,0,0,0
train,0682-0866.svg,592,465,0,4,2048,1,0,0.0,0.0,140.0,140.0,47,0,0,545,0,0,0
train,0682-0888.svg,2502,2411,0,3,2048,2,0,0.0,0.0,140.0,140.0,278,0,0,2224,0,0,0
train,0682-0889.svg,663,255,0,4,2048,1,0,0.0,0.0,140.0,140.0,8,0,0,655,0,0,0
train,0682-0915.svg,2100,1818,0,6,2048,2,0,0.0,0.0,140.0,140.0,137,0,0,1963,0,0,0
train,0682-0962.svg,621,332,0,3,2048,1,0,0.0,0.0,140.0,140.0,4,0,0,617,0,0,0
train,0682-0964.svg,679,303,0,3,2048,1,0,0.0,0.0,140.0,140.0,29,0,0,650,0,0,0
train,0682-0986.svg,267,140,0,4,2048,1,0,0.0,0.0,140.0,140.0,1,0,0,266,0,0,0
train,0682-0988.svg,1776,1706,0,4,2048,1,0,0.0,0.0,140.0,140.0,190,0,0,1586,0,0,0
train,0682-0990.svg,1232,1003,0,4,2048,1,0,0.0,0.0,140.0,140.0,114,0,0,1118,0,0,0
train,0682-0991.svg,1018,911,0,6,2048,1,0,0.0,0.0,140.0,140.0,95,0,0,923,0,0,0
train,0682-1010.svg,130,52,0,2,2048,1,0,0.0,0.0,140.0,140.0,1,0,0,129,0,0,0
train,0682-1011.svg,271,90,0,6,2048,1,0,0.0,0.0,140.0,140.0,9,0,0,262,0,0,0
train,0682-1014.svg,773,456,0,3,2048,1,0,0.0,0.0,140.0,140.0,46,0,0,727,0,0,0
train,0682-1032.svg,217,96,0,4,2048,1,0,0.0,0.0,140.0,140.0,2,0,0,215,0,0,0
train,0682-1037.svg,113,20,0,1,2048,1,0,0.0,0.0,140.0,140.0,1,0,0,112,0,0,0
train,0682-1038.svg,2155,2041,0,3,2048,2,0,0.0,0.0,140.0,140.0,231,0,0,1924,0,0,0
train,0682-1041.svg,448,207,0,5,2048,1,0,0.0,0.0,140.0,140.0,6,0,0,442,0,0,0
train,0682-1063.svg,186,50,0,2,2048,1,0,0.0,0.0,140.0,140.0,2,0,0,184,0,0,0
train,0682-1087.svg,28,4,0,1,2048,1,0,0.0,0.0,140.0,140.0,3,0,0,25,0,0,0
train,0682-1088.svg,81,13,0,1,2048,1,0,0.0,0.0,140.0,140.0,1,0,0,80,0,0,0
train,0682-1090.svg,204,121,0,5,2048,1,0,0.0,0.0,140.0,140.0,1,0,0,203,0,0,0
train,0682-1162.svg,214,44,0,1,2048,1,0,0.0,0.0,140.0,140.0,6,0,0,208,0,0,0
train,0683-0180.svg,960,334,0,1,2048,1,0,0.0,0.0,140.0,140.0,0,0,0,960,0,0,0
train,0683-0184.svg,1288,79,0,2,2048,1,0,0.0,0.0,140.0,140.0,0,0,0,1288,0,0,0
train,0683-0201.svg,986,347,0,3,2048,1,0,0.0,0.0,140.0,140.0,0,0,0,986,0,0,0
train,0683-0206.svg,1623,74,0,1,2048,1,0,0.0,0.0,140.0,140.0,0,0,0,1623,0,0,0
train,0683-0224.svg,1049,445,0,6,2048,1,0,0.0,0.0,140.0,140.0,7,0,0,1042,0,0,0
train,0683-0226.svg,1364,175,0,5,2048,1,0,0.0,0.0,140.0,140.0,0,0,0,1364,0,0,0
train,0683-0268.svg,1144,205,0,5,2048,1,0,0.0,0.0,140.0,140.0,2,0,0,1142,0,0,0
train,0683-0285.svg,1638,62,0,2,2048,1,0,0.0,0.0,140.0,140.0,0,0,0,1638,0,0,0
train,0683-0286.svg,1551,39,0,2,2048,1,0,0.0,0.0,140.0,140.0,0,0,0,1551,0,0,0
train,0683-0288.svg,1221,417,0,2,2048,1,0,0.0,0.0,140.0,140.0,4,0,0,1217,0,0,0
train,0684-0000.svg,142,20,0,3,2048,1,0,0.0,0.0,140.0,140.0,6,0,0,136,0,0,0
train,0684-0005.svg,523,170,0,4,2048,1,0,0.0,0.0,140.0,140.0,6,0,0,517,0,0,0
train,0684-0016.svg,659,192,0,6,2048,1,0,0.0,0.0,140.0,140.0,20,0,0,639,0,0,0
train,0684-0028.svg,398,118,0,3,2048,1,0,0.0,0.0,140.0,140.0,13,0,0,385,0,0,0
train,0684-0034.svg,747,288,0,5,2048,1,0,0.0,0.0,140.0,140.0,18,0,0,729,0,0,0
train,0684-0038.svg,714,196,0,6,2048,1,0,0.0,0.0,140.0,140.0,20,0,0,694,0,0,0
train,0684-0046.svg,1741,1154,0,12,2048,1,0,0.0,0.0,140.0,140.0,57,0,0,1684,0,0,0
train,0684-0047.svg,733,255,0,6,2048,1,0,0.0,0.0,140.0,140.0,20,0,0,713,0,0,0
train,0684-0052.svg,712,192,0,7,2048,1,0,0.0,0.0,140.0,140.0,19,0,0,693,0,0,0
train,0684-0053.svg,479,116,0,4,2048,1,0,0.0,0.0,140.0,140.0,8,0,0,471,0,0,0
train,0684-0060.svg,490,264,0,7,2048,1,0,0.0,0.0,140.0,140.0,8,0,0,482,0,0,0
train,0684-0079.svg,123,18,0,2,2048,1,0,0.0,0.0,140.0,140.0,0,0,0,123,0,0,0
train,0685-0033.svg,625,452,0,3,2048,1,0,0.0,0.0,140.0,140.0,4,0,0,621,0,0,0
train,0685-0041.svg,425,184,0,1,2048,1,0,0.0,0.0,140.0,140.0,2,0,0,423,0,0,0
train,0685-0042.svg,511,453,0,6,2048,1,0,0.0,0.0,140.0,140.0,3,0,0,508,0,0,0
train,0687-0006.svg,1059,473,0,8,2048,1,0,0.0,0.0,140.0,140.0,30,0,0,1029,0,0,0
train,0688-0000.svg,1164,596,0,11,2048,1,0,0.0,0.0,140.0,140.0,33,0,0,1131,0,0,0
train,0689-0003.svg,468,200,0,4,2048,1,0,0.0,0.0,140.0,140.0,20,0,0,448,0,0,0
train,0689-0009.svg,484,232,0,4,2048,1,0,0.0,0.0,140.0,140.0,24,0,0,460,0,0,0
train,0691-0018.svg,616,290,0,4,2048,1,0,0.0,0.0,140.0,140.0,9,0,0,607,0,0,0
train,0691-0025.svg,565,262,0,3,2048,1,0,0.0,0.0,140.0,140.0,9,0,0,556,0,0,0
train,0691-0026.svg,784,322,0,5,2048,1,0,0.0,0.0,140.0,140.0,26,0,0,758,0,0,0
train,0691-0038.svg,294,170,0,4,2048,1,0,0.0,0.0,140.0,140.0,4,0,0,290,0,0,0
train,0693-0007.svg,136,37,0,1,2048,1,0,0.0,0.0,140.0,140.0,5,0,0,131,0,0,0
train,0693-0014.svg,140,40,0,1,2048,1,0,0.0,0.0,140.0,140.0,5,0,0,135,0,0,0
train,0694-0008.svg,1110,733,0,8,2048,1,0,0.0,0.0,140.0,140.0,31,4,0,1075,0,0,0
train,0694-0009.svg,194,58,0,4,2048,1,0,0.0,0.0,140.0,140.0,7,0,0,187,0,0,0
train,0694-0010.svg,326,120,0,4,2048,1,0,0.0,0.0,140.0,140.0,2,0,0,324,0,0,0
train,0694-0016.svg,464,122,0,4,2048,1,0,0.0,0.0,140.0,140.0,12,5,0,447,0,0,0
train,0694-0020.svg,337,183,0,4,2048,1,0,0.0,0.0,140.0,140.0,3,0,0,334,0,0,0
train,0694-0021.svg,244,97,0,4,2048,1,0,0.0,0.0,140.0,140.0,5,0,0,239,0,0,0
train,0695-0001.svg,495,241,0,7,2048,1,0,0.0,0.0,140.0,140.0,8,0,0,487,0,0,0
train,0695-0004.svg,788,407,0,8,2048,1,0,0.0,0.0,140.0,140.0,8,0,0,780,0,0,0
train,0696-0099.svg,394,240,0,2,2048,1,0,0.0,0.0,140.0,140.0,0,0,0,394,0,0,0
train,0696-0133.svg,638,265,0,2,2048,1,0,0.0,0.0,140.0,140.0,3,0,0,635,0,0,0
train,0696-0162.svg,1269,10,0,1,2048,1,0,0.0,0.0,140.0,140.0,1,0,0,1268,0,0,0
train,0696-0163.svg,1218,106,0,1,2048,1,0,0.0,0.0,140.0,140.0,1,0,0,1217,0,0,0
train,0696-0167.svg,619,14,0,1,2048,1,0,0.0,0.0,140.0,140.0,0,0,0,619,0,0,0
train,0696-0197.svg,1598,39,0,1,2048,1,0,0.0,0.0,140.0,140.0,0,0,0,1598,0,0,0
train,0696-0201.svg,983,104,0,2,2048,1,0,0.0,0.0,140.0,140.0,2,0,0,981,0,0,0
train,0697-0019.svg,3677,2522,0,17,2048,2,0,0.0,0.0,140.0,140.0,32,16,0,3629,0,0,0
train,0697-0023.svg,2734,1673,0,18,2048,2,0,0.0,0.0,140.0,140.0,53,4,0,2677,0,0,0
train,0698-0004.svg,1417,1019,0,15,2048,1,0,0.0,0.0,140.0,140.0,31,3,0,1383,0,0,0
train,0699-0002.svg,256,20,0,2,2048,1,0,0.0,0.0,140.0,140.0,5,0,0,251,0,0,0
train,0699-0005.svg,102,5,0,1,2048,1,0,0.0,0.0,140.0,140.0,5,0,0,97,0,0,0
train,0699-0006.svg,306,52,0,4,2048,1,0,0.0,0.0,140.0,140.0,6,0,0,300,0,0,0
train,0699-0020.svg,466,182,0,6,2048,1,0,0.0,0.0,140.0,140.0,5,0,0,461,0,0,0
train,0699-0026.svg,314,123,0,4,2048,1,0,0.0,0.0,140.0,140.0,7,0,0,307,0,0,0
train,0699-0036.svg,399,143,0,6,2048,1,0,0.0,0.0,140.0,140.0,9,0,0,390,0,0,0
train,0699-0056.svg,248,108,0,3,2048,1,0,0.0,0.0,140.0,140.0,2,0,0,246,0,0,0
train,0700-0004.svg,1157,608,0,12,2048,1,0,0.0,0.0,140.0,140.0,34,0,0,1123,0,0,0
train,0700-0008.svg,1075,543,0,11,2048,1,0,0.0,0.0,140.0,140.0,30,0,0,1045,0,0,0
train,0701-0002.svg,180,61,0,4,2048,1,0,0.0,0.0,140.0,140.0,2,0,0,178,0,0,0
train,0702-0007.svg,667,263,0,8,2048,1,0,0.0,0.0,140.0,140.0,20,1,0,646,0,0,0
train,0704-0004.svg,1967,1444,0,17,2048,1,0,0.0,0.0,140.0,140.0,56,0,0,1911,0,0,0
train,0705-0002.svg,1202,474,0,10,2048,1,0,0.0,0.0,140.0,140.0,38,0,0,1164,0,0,0
train,0709-1777.svg,1861,84,0,2,2048,1,0,0.0,0.0,140.0,140.0,3,0,0,1858,0,0,0
train,0709-1803.svg,1108,322,0,6,2048,1,0,0.0,0.0,140.0,140.0,2,0,0,1106,0,0,0
train,0709-1826.svg,2041,709,0,7,2048,1,0,0.0,0.0,140.0,140.0,13,0,0,2028,0,0,0
train,0711-0109.svg,1779,512,0,6,2048,1,0,0.0,0.0,140.0,140.0,7,0,0,1772,0,0,0
train,0711-0110.svg,862,357,0,6,2048,1,0,0.0,0.0,140.0,140.0,7,0,0,855,0,0,0
train,0711-0124.svg,1515,636,0,9,2048,1,0,0.0,0.0,140.0,140.0,5,0,0,1510,0,0,0
train,0711-0138.svg,559,189,0,4,2048,1,0,0.0,0.0,140.0,140.0,8,0,0,551,0,0,0
train,0711-0150.svg,936,401,0,3,2048,1,0,0.0,0.0,140.0,140.0,2,0,0,934,0,0,0
train,0711-0153.svg,533,500,0,1,2048,1,0,0.0,0.0,140.0,140.0,2,0,0,531,0,0,0
train,0712-0002.svg,1721,1156,0,12,2048,1,0,0.0,0.0,140.0,140.0,63,0,0,1658,0,0,0
train,0713-0004.svg,882,407,0,10,2048,1,0,0.0,0.0,140.0,140.0,34,8,0,840,0,0,0
train,0714-0006.svg,437,170,0,7,2048,1,0,0.0,0.0,140.0,140.0,14,0,0,423,0,0,0
train,0714-0012.svg,1012,638,0,11,2048,1,0,0.0,0.0,140.0,140.0,37,7,0,968,0,0,0
train,0714-0017.svg,1157,561,0,9,2048,1,0,0.0,0.0,140.0,140.0,39,6,0,1112,0,0,0
train,0714-0018.svg,415,142,0,3,2048,1,0,0.0,0.0,140.0,140.0,4,0,0,411,0,0,0
train,0715-0012.svg,1395,621,0,10,2048,1,0,0.0,0.0,140.0,140.0,24,12,0,1359,0,0,0
train,0715-0017.svg,1282,606,0,10,2048,1,0,0.0,0.0,140.0,140.0,21,12,0,1249,0,0,0
train,0717-0023.svg,908,558,0,14,2048,1,0,0.0,0.0,140.0,140.0,20,0,0,888,0,0,0
train,0717-0032.svg,1873,1261,0,20,2048,1,0,0.0,0.0,140.0,140.0,50,0,0,1823,0,0,0
train,0717-0037.svg,192,29,0,1,2048,1,0,0.0,0.0,140.0,140.0,4,0,0,188,0,0,0
train,0718-0013.svg,1275,814,0,10,2048,1,0,0.0,0.0,140.0,140.0,30,0,0,1245,0,0,0
train,0718-0015.svg,370,183,0,5,2048,1,0,0.0,0.0,140.0,140.0,9,0,0,361,0,0,0
train,0718-0019.svg,1615,1058,0,14,2048,1,0,0.0,0.0,140.0,140.0,28,0,0,1587,0,0,0
train,0718-0021.svg,801,357,0,7,2048,1,0,0.0,0.0,140.0,140.0,18,0,0,783,0,0,0
train,0718-0022.svg,1600,929,0,14,2048,1,0,0.0,0.0,140.0,140.0,35,0,0,1565,0,0,0
train,0719-0002.svg,596,223,0,6,2048,1,0,0.0,0.0,140.0,140.0,6,0,0,590,0,0,0
train,0719-0006.svg,587,193,0,8,2048,1,0,0.0,0.0,140.0,140.0,7,0,0,580,0,0,0
train,0719-0012.svg,2070,1494,0,7,2048,2,0,0.0,0.0,140.0,140.0,2,0,0,2068,0,0,0
train,0719-0015.svg,886,534,0,11,2048,1,0,0.0,0.0,140.0,140.0,2,0,0,884,0,0,0
train,0719-0029.svg,736,245,0,5,2048,1,0,0.0,0.0,140.0,140.0,28,0,0,708,0,0,0
train,0719-0034.svg,738,222,0,5,2048,1,0,0.0,0.0,140.0,140.0,20,0,0,718,0,0,0
train,0719-0036.svg,649,180,0,6,2048,1,0,0.0,0.0,140.0,140.0,20,0,0,629,0,0,0
train,0719-0060.svg,540,187,0,5,2048,1,0,0.0,0.0,140.0,140.0,9,0,0,531,0,0,0
train,0719-0079.svg,116,21,0,2,2048,1,0,0.0,0.0,140.0,140.0,0,0,0,116,0,0,0
train,0720-0010.svg,3040,91,0,2,2048,2,0,0.0,0.0,140.0,140.0,15,0,0,3025,0,0,0
train,0721-0018.svg,283,113,0,4,2048,1,0,0.0,0.0,140.0,140.0,22,0,0,261,0,0,0
train,0721-0024.svg,515,286,0,6,2048,1,0,0.0,0.0,140.0,140.0,5,0,0,510,0,0,0
train,0721-0026.svg,27,4,0,1,2048,1,0,0.0,0.0,140.0,140.0,0,0,0,27,0,0,0
train,0722-0006.svg,1245,713,0,13,2048,1,0,0.0,0.0,140.0,140.0,42,0,0,1203,0,0,0
train,0722-0008.svg,1059,547,0,11,2048,1,0,0.0,0.0,140.0,140.0,42,0,0,1017,0,0,0
train,0723-0010.svg,123,29,0,1,2048,1,0,0.0,0.0,140.0,140.0,4,0,0,119,0,0,0
train,0724-0004.svg,540,198,0,5,2048,1,0,0.0,0.0,140.0,140.0,0,0,0,540,0,0,0
train,0724-0010.svg,899,54,0,2,2048,1,0,0.0,0.0,140.0,140.0,2,0,0,897,0,0,0
train,0724-0011.svg,751,30,0,1,2048,1,0,0.0,0.0,140.0,140.0,0,0,0,751,0,0,0
train,0724-0021.svg,976,197,0,4,2048,1,0,0.0,0.0,140.0,140.0,4,0,0,972,0,0,0
train,0724-0022.svg,1003,145,0,5,2048,1,0,0.0,0.0,140.0,140.0,3,0,0,1000,0,0,0
train,0724-0028.svg,593,176,0,6,2048,1,0,0.0,0.0,140.0,140.0,4,0,0,589,0,0,0
train,0725-0085.svg,148,2,0,1,2048,1,0,0.0,0.0,140.0,140.0,0,0,0,148,0,0,0
train,0725-0096.svg,343,68,0,4,2048,1,0,0.0,0.0,140.0,140.0,1,0,0,342,0,0,0
train,0725-0114.svg,365,5,0,1,2048,1,0,0.0,0.0,140.0,140.0,0,0,0,365,0,0,0
train,0725-0161.svg,283,50,0,2,2048,1,0,0.0,0.0,140.0,140.0,0,0,0,283,0,0,0
train,0725-0171.svg,717,7,0,2,2048,1,0,0.0,0.0,140.0,140.0,0,0,0,717,0,0,0
train,0725-0203.svg,201,46,0,3,2048,1,0,0.0,0.0,140.0,140.0,0,0,0,201,0,0,0
train,0725-0220.svg,1138,39,0,2,2048,1,0,0.0,0.0,140.0,140.0,0,0,0,1138,0,0,0
train,0725-0221.svg,888,22,0,1,2048,1,0,0.0,0.0,140.0,140.0,0,0,0,888,0,0,0
train,0725-0230.svg,591,28,0,2,2048,1,0,0.0,0.0,140.0,140.0,4,0,0,587,0,0,0
train,0725-0249.svg,487,239,0,6,2048,1,0,0.0,0.0,140.0,140.0,1,0,0,486,0,0,0
train,0725-0250.svg,465,26,0,2,2048,1,0,0.0,0.0,140.0,140.0,5,0,0,460,0,0,0
train,0725-0261.svg,54,11,0,2,2048,1,0,0.0,0.0,140.0,140.0,2,0,0,52,0,0,0
train,0725-0266.svg,285,2,0,1,2048,1,0,0.0,0.0,140.0,140.0,6,0,0,279,0,0,0
train,0726-0098.svg,132,30,0,2,2048,1,0,0.0,0.0,140.0,140.0,0,0,0,132,0,0,0
train,0726-0216.svg,186,52,0,2,2048,1,0,0.0,0.0,140.0,140.0,0,0,0,186,0,0,0
train,0726-0217.svg,233,65,0,2,2048,1,0,0.0,0.0,140.0,140.0,0,0,0,233,0,0,0
train,0726-0220.svg,201,49,0,1,2048,1,0,0.0,0.0,140.0,140.0,3,0,0,198,0,0,0
train,0726-0223.svg,151,6,0,1,2048,1,0,0.0,0.0,140.0,140.0,0,0,0,151,0,0,0
train,0726-0275.svg,222,73,0,3,2048,1,0,0.0,0.0,140.0,140.0,0,0,0,222,0,0,0
train,0726-0276.svg,317,74,0,3,2048,1,0,0.0,0.0,140.0,140.0,0,0,0,317,0,0,0
train,0726-0277.svg,233,28,0,1,2048,1,0,0.0,0.0,140.0,140.0,2,0,0,231,0,0,0
train,0726-0278.svg,145,20,0,3,2048,1,0,0.0,0.0,140.0,140.0,2,0,0,143,0,0,0
train,0726-0282.svg,446,4,0,1,2048,1,0,0.0,0.0,140.0,140.0,0,0,0,446,0,0,0
train,0726-0335.svg,374,69,0,4,2048,1,0,0.0,0.0,140.0,140.0,0,0,0,374,0,0,0
train,0726-0339.svg,380,72,0,5,2048,1,0,0.0,0.0,140.0,140.0,0,0,0,380,0,0,0
train,0726-0397.svg,179,44,0,4,2048,1,0,0.0,0.0,140.0,140.0,0,0,0,179,0,0,0
train,0726-0519.svg,178,93,0,1,2048,1,0,0.0,0.0,140.0,140.0,0,0,0,178,0,0,0
train,0726-0577.svg,194,47,0,3,2048,1,0,0.0,0.0,140.0,140.0,0,0,0,194,0,0,0
train,0727-0000.svg,47,0,0,0,2048,1,0,0.0,0.0,140.0,140.0,0,0,0,47,0,0,0
train,0727-0019.svg,394,264,0,7,2048,1,0,0.0,0.0,140.0,140.0,15,0,0,379,0,0,0
train,0727-0024.svg,488,293,0,6,2048,1,0,0.0,0.0,140.0,140.0,8,0,0,480,0,0,0
train,0729-0000.svg,1135,678,0,13,2048,1,0,0.0,0.0,140.0,140.0,38,0,0,1097,0,0,0
train,0729-0004.svg,1130,677,0,13,2048,1,0,0.0,0.0,140.0,140.0,39,0,0,1091,0,0,0
train,0729-0008.svg,1078,652,0,13,2048,1,0,0.0,0.0,140.0,140.0,33,0,0,1045,0,0,0
train,0730-0000.svg,1274,688,0,13,2048,1,0,0.0,0.0,140.0,140.0,36,0,0,1238,0,0,0
train,0731-0026.svg,91,21,0,1,2048,1,0,0.0,0.0,140.0,140.0,1,0,0,90,0,0,0
train,0732-0002.svg,2045,1373,0,17,2048,1,0,0.0,0.0,140.0,140.0,56,0,0,1989,0,0,0
train,0732-0004.svg,1910,1376,0,15,2048,1,0,0.0,0.0,140.0,140.0,60,0,0,1850,0,0,0
train,0733-0013.svg,583,155,0,7,2048,1,0,0.0,0.0,140.0,140.0,7,0,0,576,0,0,0
train,0733-0021.svg,794,444,0,6,2048,1,0,0.0,0.0,140.0,140.0,11,0,0,783,0,0,0
train,0733-0027.svg,226,48,0,5,2048,1,0,0.0,0.0,140.0,140.0,6,0,0,220,0,0,0
train,0734-0095.svg,384,142,0,5,2048,1,0,0.0,0.0,140.0,140.0,16,0,0,368,0,0,0
train,0734-0098.svg,6944,4931,0,13,2048,4,0,0.0,0.0,140.0,140.0,88,12,0,6844,0,0,0
train,0735-0010.svg,650,468,0,8,2048,1,0,0.0,0.0,140.0,140.0,12,0,0,638,0,0,0
train,0735-0012.svg,1038,714,0,13,2048,1,0,0.0,0.0,140.0,140.0,32,0,0,1006,0,0,0
train,0736-0012.svg,704,262,0,4,2048,1,0,0.0,0.0,140.0,140.0,3,0,0,701,0,0,0
train,0736-0027.svg,1424,446,0,8,2048,1,0,0.0,0.0,140.0,140.0,7,0,0,1417,0,0,0
train,0736-0058.svg,355,141,0,5,2048,1,0,0.0,0.0,140.0,140.0,7,0,0,348,0,0,0
train,0736-0070.svg,1187,41,0,1,2048,1,0,0.0,0.0,140.0,140.0,2,0,0,1185,0,0,0
train,0738-0002.svg,1603,1113,0,14,2048,1,0,0.0,0.0,140.0,140.0,48,3,0,1552,0,0,0
train,0739-0002.svg,451,160,0,6,2048,1,0,0.0,0.0,140.0,140.0,19,0,0,432,0,0,0
train,0740-0004.svg,560,259,0,7,2048,1,0,0.0,0.0,140.0,140.0,2,0,0,558,0,0,0
train,0740-0005.svg,486,194,0,6,2048,1,0,0.0,0.0,140.0,140.0,2,0,0,484,0,0,0
train,0740-0024.svg,210,20,0,2,2048,1,0,0.0,0.0,140.0,140.0,2,0,0,208,0,0,0
train,0741-0017.svg,779,243,0,6,2048,1,0,0.0,0.0,140.0,140.0,1,0,0,778,0,0,0
train,0741-0021.svg,364,102,0,4,2048,1,0,0.0,0.0,140.0,140.0,12,0,0,352,0,0,0
train,0741-0023.svg,1104,702,0,3,2048,1,0,0.0,0.0,140.0,140.0,5,0,0,1099,0,0,0
train,0742-0002.svg,1146,553,0,11,2048,1,0,0.0,0.0,140.0,140.0,30,0,0,1116,0,0,0
train,0742-0008.svg,1075,555,0,11,2048,1,0,0.0,0.0,140.0,140.0,30,0,0,1045,0,0,0
train,0743-0003.svg,346,80,0,1,2048,1,0,0.0,0.0,140.0,140.0,0,0,0,346,0,0,0
train,0743-0004.svg,214,95,0,1,2048,1,0,0.0,0.0,140.0,140.0,8,0,0,206,0,0,0
train,0743-0008.svg,748,458,0,6,2048,1,0,0.0,0.0,140.0,140.0,7,0,0,741,0,0,0
train,0743-0033.svg,406,302,0,3,2048,1,0,0.0,0.0,140.0,140.0,0,0,0,406,0,0,0
train,0744-0006.svg,555,300,0,4,2048,1,0,0.0,0.0,140.0,140.0,7,0,0,548,0,0,0
train,0745-0007.svg,1414,610,0,10,2048,1,0,0.0,0.0,140.0,140.0,30,10,0,1374,0,0,0
train,0745-0016.svg,647,156,0,3,2048,1,0,0.0,0.0,140.0,140.0,13,0,0,634,0,0,0
train,0745-0017.svg,1278,531,0,10,2048,1,0,0.0,0.0,140.0,140.0,18,12,0,1248,0,0,0
train,0747-0021.svg,556,194,0,8,2048,1,0,0.0,0.0,140.0,140.0,19,0,0,537,0,0,0
train,0748-0004.svg,2186,1654,0,14,2048,2,0,0.0,0.0,140.0,140.0,56,9,0,2121,0,0,0
train,0748-0007.svg,1486,1034,0,14,2048,1,0,0.0,0.0,140.0,140.0,31,3,0,1452,0,0,0
train,0749-0003.svg,1294,986,0,12,2048,1,0,0.0,0.0,140.0,140.0,10,0,0,1284,0,0,0
train,0749-0004.svg,647,429,0,10,2048,1,0,0.0,0.0,140.0,140.0,5,0,0,642,0,0,0
train,0749-0005.svg,219,61,0,4,2048,1,0,0.0,0.0,140.0,140.0,1,0,0,218,0,0,0
train,0749-0022.svg,754,476,0,9,2048,1,0,0.0,0.0,140.0,140.0,2,0,0,752,0,0,0
train,0750-0011.svg,910,335,0,8,2048,1,0,0.0,0.0,140.0,140.0,27,0,0,883,0,0,0
train,0750-0012.svg,1241,670,0,10,2048,1,0,0.0,0.0,140.0,140.0,39,7,0,1195,0,0,0
train,0750-0013.svg,477,163,0,4,2048,1,0,0.0,0.0,140.0,140.0,15,0,0,462,0,0,0
train,0750-0018.svg,453,146,0,3,2048,1,0,0.0,0.0,140.0,140.0,12,0,0,441,0,0,0
train,0750-0023.svg,335,108,0,4,2048,1,0,0.0,0.0,140.0,140.0,10,0,0,325,0,0,0
train,0752-0011.svg,818,281,0,8,2048,1,0,0.0,0.0,140.0,140.0,35,0,0,783,0,0,0
train,0752-0013.svg,535,193,0,4,2048,1,0,0.0,0.0,140.0,140.0,5,0,0,530,0,0,0
train,0752-0018.svg,470,152,0,3,2048,1,0,0.0,0.0,140.0,140.0,5,0,0,465,0,0,0
train,0754-0006.svg,2892,1472,0,9,2048,2,0,0.0,0.0,140.0,140.0,132,19,0,2741,0,0,0
train,0754-0007.svg,881,758,0,7,2048,1,0,0.0,0.0,140.0,140.0,12,0,0,869,0,0,0
train,0755-0001.svg,3001,2681,0,7,2048,2,0,0.0,0.0,140.0,140.0,156,0,0,2845,0,0,0
train,0755-0014.svg,101,32,0,3,2048,1,0,0.0,0.0,140.0,140.0,0,0,0,101,0,0,0
train,0755-0036.svg,168,73,0,5,2048,1,0,0.0,0.0,140.0,140.0,1,0,0,167,0,0,0
train,0755-0055.svg,220,121,0,6,2048,1,0,0.0,0.0,140.0,140.0,3,0,0,217,0,0,0
train,0756-0002.svg,1966,1782,0,7,2048,1,0,0.0,0.0,140.0,140.0,59,0,0,1907,0,0,0
train,0756-0014.svg,1014,363,0,6,2048,1,0,0.0,0.0,140.0,140.0,0,0,0,1014,0,0,0
train,0756-0020.svg,1449,1012,0,8,2048,1,0,0.0,0.0,140.0,140.0,14,0,0,1435,0,0,0
train,0756-0026.svg,1727,1388,0,7,2048,1,0,0.0,0.0,140.0,140.0,17,0,0,1710,0,0,0
train,0756-0027.svg,504,226,0,7,2048,1,0,0.0,0.0,140.0,140.0,11,0,0,493,0,0,0
train,0757-0007.svg,1886,688,0,10,2048,1,0,0.0,0.0,140.0,140.0,22,0,0,1864,0,0,0
train,0757-0017.svg,1780,1276,0,12,2048,1,0,0.0,0.0,140.0,140.0,31,1,0,1748,0,0,0
train,0757-0027.svg,1504,1142,0,13,2048,1,0,0.0,0.0,140.0,140.0,26,3,0,1475,0,0,0
train,0757-0058.svg,2980,1657,0,12,2048,2,0,0.0,0.0,140.0,140.0,48,2,0,2930,0,0,0
train,0758-0013.svg,10938,367,0,4,2048,6,0,0.0,0.0,140.0,140.0,38,0,0,10900,0,0,0
train,0758-0016.svg,875,238,0,3,2048,1,0,0.0,0.0,140.0,140.0,13,0,0,862,0,0,0
train,0758-0027.svg,998,462,0,6,2048,1,0,0.0,0.0,140.0,140.0,6,0,0,992,0,0,0
train,0758-0028.svg,2182,211,0,6,2048,2,0,0.0,0.0,140.0,140.0,7,0,0,2175,0,0,0
train,0759-0011.svg,944,661,0,12,2048,1,0,0.0,0.0,140.0,140.0,22,0,0,922,0,0,0
train,0759-0012.svg,2212,1748,0,17,2048,2,0,0.0,0.0,140.0,140.0,33,0,0,2179,0,0,0
train,0759-0017.svg,3103,2791,0,18,2048,2,0,0.0,0.0,140.0,140.0,44,16,0,3043,0,0,0
train,0759-0021.svg,1106,699,0,12,2048,1,0,0.0,0.0,140.0,140.0,22,0,0,1084,0,0,0
train,0759-0022.svg,2411,1823,0,18,2048,2,0,0.0,0.0,140.0,140.0,33,0,0,2378,0,0,0
train,0761-0004.svg,1316,702,0,12,2048,1,0,0.0,0.0,140.0,140.0,39,0,0,1277,0,0,0
train,0762-0018.svg,332,99,0,2,2048,1,0,0.0,0.0,140.0,140.0,6,0,0,326,0,0,0
train,0762-0032.svg,409,71,0,2,2048,1,0,0.0,0.0,140.0,140.0,5,0,0,404,0,0,0
train,0762-0038.svg,343,103,0,2,2048,1,0,0.0,0.0,140.0,140.0,4,0,0,339,0,0,0
train,0762-0040.svg,167,70,0,1,2048,1,0,0.0,0.0,140.0,140.0,3,0,0,164,0,0,0
train,0764-0004.svg,2324,169,0,6,2048,2,0,0.0,0.0,140.0,140.0,20,7,0,2297,0,0,0
train,0764-0019.svg,3062,1893,0,3,2048,2,0,0.0,0.0,140.0,140.0,13,5,0,3044,0,0,0
train,0764-0024.svg,3479,89,0,2,2048,2,0,0.0,0.0,140.0,140.0,19,4,0,3456,0,0,0
train,0765-0050.svg,506,80,0,2,2048,1,0,0.0,0.0,140.0,140.0,4,0,0,502,0,0,0
train,0765-0056.svg,282,8,0,1,2048,1,0,0.0,0.0,140.0,140.0,2,0,0,280,0,0,0
train,0765-0057.svg,467,111,0,3,2048,1,0,0.0,0.0,140.0,140.0,1,0,0,466,0,0,0
train,0765-0070.svg,1438,520,0,6,2048,1,0,0.0,0.0,140.0,140.0,20,0,0,1418,0,0,0
train,0765-0073.svg,913,47,0,1,2048,1,0,0.0,0.0,140.0,140.0,1,0,0,912,0,0,0
train,0765-0095.svg,1077,22,0,1,2048,1,0,0.0,0.0,140.0,140.0,1,0,0,1076,0,0,0
train,0765-0125.svg,1128,51,0,1,2048,1,0,0.0,0.0,140.0,140.0,0,0,0,1128,0,0,0
train,0765-0150.svg,468,5,0,1,2048,1,0,0.0,0.0,140.0,140.0,6,0,0,462,0,0,0
train,0766-0004.svg,138,35,0,1,2048,1,0,0.0,0.0,140.0,140.0,6,0,0,132,0,0,0
train,0766-0008.svg,172,53,0,1,2048,1,0,0.0,0.0,140.0,140.0,6,0,0,166,0,0,0
train,0767-3494.svg,474,19,0,1,2048,1,0,0.0,0.0,140.0,140.0,0,0,0,474,0,0,0
train,0767-3564.svg,159,28,0,1,2048,1,0,0.0,0.0,140.0,140.0,0,0,0,159,0,0,0
train,0767-3643.svg,219,45,0,3,2048,1,0,0.0,0.0,140.0,140.0,2,0,0,217,0,0,0
train,0767-3648.svg,133,24,0,1,2048,1,0,0.0,0.0,140.0,140.0,2,0,0,131,0,0,0
train,0767-3881.svg,111,11,0,2,2048,1,0,0.0,0.0,140.0,140.0,2,0,0,109,0,0,0
train,0767-3883.svg,49,6,0,1,2048,1,0,0.0,0.0,140.0,140.0,0,0,0,49,0,0,0
train,0767-4041.svg,108,8,0,2,2048,1,0,0.0,0.0,140.0,140.0,2,0,0,106,0,0,0
train,0767-4116.svg,56,6,0,1,2048,1,0,0.0,0.0,140.0,140.0,0,0,0,56,0,0,0
train,0767-4117.svg,145,36,0,1,2048,1,0,0.0,0.0,140.0,140.0,0,0,0,145,0,0,0
train,0767-4118.svg,116,18,0,2,2048,1,0,0.0,0.0,140.0,140.0,0,0,0,116,0,0,0
train,0767-4195.svg,88,9,0,1,2048,1,0,0.0,0.0,140.0,140.0,0,0,0,88,0,0,0
train,0767-4200.svg,267,164,0,4,2048,1,0,0.0,0.0,140.0,140.0,1,0,0,266,0,0,0
train,0767-4204.svg,333,18,0,1,2048,1,0,0.0,0.0,140.0,140.0,0,0,0,333,0,0,0
train,0767-4280.svg,119,25,0,3,2048,1,0,0.0,0.0,140.0,140.0,1,0,0,118,0,0,0
train,0767-4434.svg,90,10,0,2,2048,1,0,0.0,0.0,140.0,140.0,2,0,0,88,0,0,0
train,0767-4435.svg,100,6,0,1,2048,1,0,0.0,0.0,140.0,140.0,2,0,0,98,0,0,0
train,0767-4438.svg,53,8,0,1,2048,1,0,0.0,0.0,140.0,140.0,1,0,0,52,0,0,0
train,0767-4593.svg,87,6,0,1,2048,1,0,0.0,0.0,140.0,140.0,2,0,0,85,0,0,0
train,0767-4675.svg,82,9,0,1,2048,1,0,0.0,0.0,140.0,140.0,0,0,0,82,0,0,0
train,0767-4746.svg,76,10,0,1,2048,1,0,0.0,0.0,140.0,140.0,0,0,0,76,0,0,0
train,0767-4750.svg,182,34,0,1,2048,1,0,0.0,0.0,140.0,140.0,2,0,0,180,0,0,0
train,0768-0013.svg,8453,1925,0,21,2048,5,0,0.0,0.0,140.0,140.0,48,6,0,8399,0,0,0
train,0768-0018.svg,5237,719,0,14,2048,3,0,0.0,0.0,140.0,140.0,34,0,0,5203,0,0,0
train,0769-0003.svg,1117,650,0,7,2048,1,0,0.0,0.0,140.0,140.0,7,6,0,1104,0,0,0
train,0769-0005.svg,1782,967,0,10,2048,1,0,0.0,0.0,140.0,140.0,16,0,0,1766,0,0,0
train,0769-0012.svg,1136,802,0,8,2048,1,0,0.0,0.0,140.0,140.0,12,6,0,1118,0,0,0
train,0770-0005.svg,609,225,0,1,2048,1,0,0.0,0.0,140.0,140.0,0,0,0,609,0,0,0
train,0770-0009.svg,600,328,0,1,2048,1,0,0.0,0.0,140.0,140.0,0,0,0,600,0,0,0
train,0770-0010.svg,211,105,0,1,2048,1,0,0.0,0.0,140.0,140.0,4,0,0,207,0,0,0
train,0770-0014.svg,209,105,0,1,2048,1,0,0.0,0.0,140.0,140.0,3,0,0,206,0,0,0
train,0770-0017.svg,487,310,0,1,2048,1,0,0.0,0.0,140.0,140.0,0,0,0,487,0,0,0
train,0771-0004.svg,437,125,0,5,2048,1,0,0.0,0.0,140.0,140.0,0,0,0,437,0,0,0
train,0771-0006.svg,839,343,0,7,2048,1,0,0.0,0.0,140.0,140.0,2,0,0,837,0,0,0
train,0771-0007.svg,374,97,0,5,2048,1,0,0.0,0.0,140.0,140.0,0,0,0,374,0,0,0
train,0771-0013.svg,891,345,0,6,2048,1,0,0.0,0.0,140.0,140.0,2,0,0,889,0,0,0
train,0772-0017.svg,1315,1088,0,10,2048,1,0,0.0,0.0,140.0,140.0,14,0,0,1301,0,0,0
train,0772-0021.svg,428,257,0,7,2048,1,0,0.0,0.0,140.0,140.0,9,0,0,419,0,0,0
train,0772-0023.svg,622,405,0,6,2048,1,0,0.0,0.0,140.0,140.0,8,0,0,614,0,0,0
train,0773-0004.svg,1703,1270,0,11,2048,1,0,0.0,0.0,140.0,140.0,32,0,0,1671,0,0,0
train,0774-0010.svg,515,206,0,1,2048,1,0,0.0,0.0,140.0,140.0,8,0,0,507,0,0,0
train,0774-0012.svg,473,254,0,1,2048,1,0,0.0,0.0,140.0,140.0,6,0,0,467,0,0,0
train,0774-0014.svg,513,214,0,1,2048,1,0,0.0,0.0,140.0,140.0,6,0,0,507,0,0,0
train,0775-0002.svg,364,88,0,4,2048,1,0,0.0,0.0,140.0,140.0,2,0,0,362,0,0,0
train,0776-0017.svg,73,9,0,1,2048,1,0,0.0,0.0,140.0,140.0,4,0,0,69,0,0,0
train,0776-0019.svg,94,6,0,1,2048,1,0,0.0,0.0,140.0,140.0,3,0,0,91,0,0,0
train,0776-0021.svg,300,122,0,4,2048,1,0,0.0,0.0,140.0,140.0,6,0,0,294,0,0,0
train,0776-0037.svg,97,12,0,1,2048,1,0,0.0,0.0,140.0,140.0,1,0,0,96,0,0,0
train,0777-0021.svg,506,282,0,5,2048,1,0,0.0,0.0,140.0,140.0,31,0,0,475,0,0,0
train,0777-0027.svg,737,401,0,5,2048,1,0,0.0,0.0,140.0,140.0,54,0,0,683,0,0,0
train,0777-0033.svg,551,303,0,5,2048,1,0,0.0,0.0,140.0,140.0,0,0,0,551,0,0,0
train,0777-0044.svg,1498,1182,0,6,2048,1,0,0.0,0.0,140.0,140.0,24,0,0,1474,0,0,0
train,0777-0049.svg,952,656,0,5,2048,1,0,0.0,0.0,140.0,140.0,0,0,0,952,0,0,0
train,0777-0064.svg,844,637,0,8,2048,1,0,0.0,0.0,140.0,140.0,2,0,0,842,0,0,0
train,0777-0065.svg,1317,717,0,4,2048,1,0,0.0,0.0,140.0,140.0,0,0,0,1317,0,0,0
train,0777-0076.svg,1715,487,0,9,2048,1,0,0.0,0.0,140.0,140.0,14,14,0,1687,0,0,0
train,0777-0097.svg,1076,697,0,7,2048,1,0,0.0,0.0,140.0,140.0,0,0,0,1076,0,0,0
train,0777-0114.svg,1017,783,0,4,2048,1,0,0.0,0.0,140.0,140.0,4,0,0,1013,0,0,0
train,0777-0117.svg,319,229,0,2,2048,1,0,0.0,0.0,140.0,140.0,1,0,0,318,0,0,0
train,0777-0130.svg,527,96,0,3,2048,1,0,0.0,0.0,140.0,140.0,0,0,0,527,0,0,0
train,0777-0133.svg,176,76,0,3,2048,1,0,0.0,0.0,140.0,140.0,0,0,0,176,0,0,0
train,0777-0146.svg,753,397,0,8,2048,1,0,0.0,0.0,140.0,140.0,12,0,0,741,0,0,0
train,0777-0147.svg,784,533,0,7,2048,1,0,0.0,0.0,140.0,140.0,2,2,0,780,0,0,0
train,0777-0152.svg,2128,597,0,8,2048,2,0,0.0,0.0,140.0,140.0,27,10,0,2091,0,0,0
train,0777-0154.svg,443,10,0,2,2048,1,0,0.0,0.0,140.0,140.0,1,0,0,442,0,0,0
train,0777-0168.svg,1404,357,0,5,2048,1,0,0.0,0.0,140.0,140.0,3,0,0,1401,0,0,0
train,0778-0019.svg,6263,2112,0,21,2048,4,0,0.0,0.0,140.0,140.0,54,0,0,6209,0,0,0
train,0779-0009.svg,422,73,0,1,2048,1,0,0.0,0.0,140.0,140.0,7,0,0,415,0,0,0
train,0779-0013.svg,155,56,0,1,2048,1,0,0.0,0.0,140.0,140.0,3,0,0,152,0,0,0
train,0780-0003.svg,366,138,0,1,2048,1,0,0.0,0.0,140.0,140.0,0,0,0,366,0,0,0
train,0780-0006.svg,346,138,0,1,2048,1,0,0.0,0.0,140.0,140.0,0,0,0,346,0,0,0
train,0781-0004.svg,415,43,0,3,2048,1,0,0.0,0.0,140.0,140.0,7,0,0,408,0,0,0
train,0781-0007.svg,354,6,0,2,2048,1,0,0.0,0.0,140.0,140.0,7,0,0,347,0,0,0
train,0782-0038.svg,69,9,0,2,2048,1,0,0.0,0.0,140.0,140.0,0,0,0,69,0,0,0
train,0783-0031.svg,349,27,0,2,2048,1,0,0.0,0.0,140.0,140.0,4,0,0,345,0,0,0
train,0783-0032.svg,303,135,0,4,2048,1,0,0.0,0.0,140.0,140.0,0,0,0,303,0,0,0
train,0783-0040.svg,563,170,0,4,2048,1,0,0.0,0.0,140.0,140.0,7,0,0,556,0,0,0
train,0783-0047.svg,396,153,0,4,2048,1,0,0.0,0.0,140.0,140.0,1,0,0,395,0,0,0
train,0783-0049.svg,600,231,0,8,2048,1,0,0.0,0.0,140.0,140.0,2,0,0,598,0,0,0
train,0783-0051.svg,843,469,0,10,2048,1,0,0.0,0.0,140.0,140.0,15,0,0,828,0,0,0
train,0783-0058.svg,863,448,0,7,2048,1,0,0.0,0.0,140.0,140.0,15,0,0,848,0,0,0
train,0783-0067.svg,329,59,0,4,2048,1,0,0.0,0.0,140.0,140.0,0,0,0,329,0,0,0
train,0784-0014.svg,279,76,0,3,2048,1,0,0.0,0.0,140.0,140.0,7,0,0,272,0,0,0
train,0785-0018.svg,1134,516,0,10,2048,1,0,0.0,0.0,140.0,140.0,51,0,0,1083,0,0,0
train,0785-0019.svg,396,99,0,4,2048,1,0,0.0,0.0,140.0,140.0,3,0,0,393,0,0,0
train,0785-0045.svg,194,122,0,3,2048,1,0,0.0,0.0,140.0,140.0,0,0,0,194,0,0,0
train,0785-0053.svg,143,40,0,3,2048,1,0,0.0,0.0,140.0,140.0,3,0,0,140,0,0,0
train,0785-0065.svg,497,225,0,5,2048,1,0,0.0,0.0,140.0,140.0,0,0,0,497,0,0,0
train,0785-0066.svg,1180,532,0,10,2048,1,0,0.0,0.0,140.0,140.0,50,0,0,1130,0,0,0
train,0785-0068.svg,439,142,0,6,2048,1,0,0.0,0.0,140.0,140.0,5,0,0,434,0,0,0
train,0785-0069.svg,449,205,0,5,2048,1,0,0.0,0.0,140.0,140.0,1,0,0,448,0,0,0
train,0786-0029.svg,115,51,0,2,2048,1,0,0.0,0.0,140.0,140.0,0,0,0,115,0,0,0
train,0786-0036.svg,386,309,0,3,2048,1,0,0.0,0.0,140.0,140.0,0,0,0,386,0,0,0
train,0786-0039.svg,279,207,0,4,2048,1,0,0.0,0.0,140.0,140.0,0,0,0,279,0,0,0
train,0786-0043.svg,653,596,0,5,2048,1,0,0.0,0.0,140.0,140.0,0,0,0,653,0,0,0
train,0789-0034.svg,4736,1897,0,16,2048,3,0,0.0,0.0,140.0,140.0,42,0,0,4694,0,0,0
train,0790-0009.svg,407,244,0,1,2048,1,0,0.0,0.0,140.0,140.0,6,0,0,401,0,0,0
train,0790-0012.svg,222,40,0,1,2048,1,0,0.0,0.0,140.0,140.0,7,0,0,215,0,0,0
train,0791-0003.svg,363,140,0,1,2048,1,0,0.0,0.0,140.0,140.0,0,0,0,363,0,0,0
train,0792-0006.svg,541,226,0,1,2048,1,0,0.0,0.0,140.0,140.0,8,0,0,533,0,0,0
train,0793-0012.svg,462,242,0,5,2048,1,0,0.0,0.0,140.0,140.0,0,0,0,462,0,0,0
train,0793-0013.svg,867,431,0,4,2048,1,0,0.0,0.0,140.0,140.0,0,0,0,867,0,0,0
train,0794-0010.svg,515,252,0,6,2048,1,0,0.0,0.0,140.0,140.0,10,2,0,503,0,0,0
train,0794-0013.svg,63,2,0,1,2048,1,0,0.0,0.0,140.0,140.0,3,0,0,60,0,0,0
train,0794-0015.svg,869,696,0,9,2048,1,0,0.0,0.0,140.0,140.0,10,1,0,858,0,0,0
train,0794-0024.svg,219,53,0,3,2048,1,0,0.0,0.0,140.0,140.0,0,0,0,219,0,0,0
train,0794-0039.svg,276,173,0,6,2048,1,0,0.0,0.0,140.0,140.0,2,0,0,274,0,0,0
train,0794-0046.svg,59,38,0,3,2048,1,0,0.0,0.0,140.0,140.0,0,0,0,59,0,0,0
train,0794-0050.svg,928,639,0,9,2048,1,0,0.0,0.0,140.0,140.0,18,0,0,910,0,0,0
train,0795-0001.svg,157,62,0,1,2048,1,0,0.0,0.0,140.0,140.0,6,0,0,151,0,0,0
train,0795-0005.svg,511,305,0,1,2048,1,0,0.0,0.0,140.0,140.0,0,0,0,511,0,0,0
train,0796-0003.svg,347,197,0,1,2048,1,0,0.0,0.0,140.0,140.0,0,0,0,347,0,0,0
train,0797-1478.svg,23,3,0,1,2048,1,0,0.0,0.0,140.0,140.0,1,0,0,22,0,0,0
train,0797-1479.svg,30,10,0,2,2048,1,0,0.0,0.0,140.0,140.0,1,0,0,29,0,0,0
train,0797-1540.svg,175,100,0,4,2048,1,0,0.0,0.0,140.0,140.0,0,0,0,175,0,0,0
train,0797-1601.svg,211,18,0,2,2048,1,0,0.0,0.0,140.0,140.0,0,0,0,211,0,0,0
train,0797-1717.svg,402,200,0,5,2048,1,0,0.0,0.0,140.0,140.0,0,0,0,402,0,0,0
train,0797-1718.svg,285,102,0,4,2048,1,0,0.0,0.0,140.0,140.0,0,0,0,285,0,0,0
train,0797-1720.svg,166,43,0,3,2048,1,0,0.0,0.0,140.0,140.0,0,0,0,166,0,0,0
train,0797-1721.svg,264,164,0,3,2048,1,0,0.0,0.0,140.0,140.0,0,0,0,264,0,0,0
train,0797-1775.svg,76,35,0,2,2048,1,0,0.0,0.0,140.0,140.0,0,0,0,76,0,0,0
train,0797-1777.svg,412,161,0,5,2048,1,0,0.0,0.0,140.0,140.0,0,0,0,412,0,0,0
train,0797-1779.svg,235,87,0,3,2048,1,0,0.0,0.0,140.0,140.0,0,0,0,235,0,0,0
train,0797-1782.svg,208,120,0,6,2048,1,0,0.0,0.0,140.0,140.0,1,0,0,207,0,0,0
train,0797-1842.svg,115,74,0,5,2048,1,0,0.0,0.0,140.0,140.0,0,0,0,115,0,0,0
train,0797-1897.svg,254,157,0,4,2048,1,0,0.0,0.0,140.0,140.0,0,0,0,254,0,0,0
train,0797-1900.svg,272,71,0,3,2048,1,0,0.0,0.0,140.0,140.0,0,0,0,272,0,0,0
train,0797-1901.svg,145,60,0,4,2048,1,0,0.0,0.0,140.0,140.0,0,0,0,145,0,0,0
train,0797-1957.svg,356,105,0,5,2048,1,0,0.0,0.0,140.0,140.0,0,0,0,356,0,0,0
train,0797-1961.svg,221,37,0,2,2048,1,0,0.0,0.0,140.0,140.0,0,0,0,221,0,0,0
train,0797-2017.svg,184,79,0,4,2048,1,0,0.0,0.0,140.0,140.0,0,0,0,184,0,0,0
train,0797-2019.svg,109,20,0,2,2048,1,0,0.0,0.0,140.0,140.0,0,0,0,109,0,0,0
train,0797-2080.svg,251,38,0,2,2048,1,0,0.0,0.0,140.0,140.0,0,0,0,251,0,0,0
train,0797-2081.svg,309,122,0,3,2048,1,0,0.0,0.0,140.0,140.0,0,0,0,309,0,0,0
train,0797-2144.svg,110,14,0,1,2048,1,0,0.0,0.0,140.0,140.0,0,0,0,110,0,0,0
train,0797-2197.svg,323,144,0,4,2048,1,0,0.0,0.0,140.0,140.0,0,0,0,323,0,0,0
train,0797-2201.svg,366,163,0,3,2048,1,0,0.0,0.0,140.0,140.0,0,0,0,366,0,0,0
train,0797-2256.svg,336,181,0,5,2048,1,0,0.0,0.0,140.0,140.0,0,0,0,336,0,0,0
train,0797-2262.svg,109,26,0,3,2048,1,0,0.0,0.0,140.0,140.0,0,0,0,109,0,0,0
train,0797-2316.svg,170,56,0,4,2048,1,0,0.0,0.0,140.0,140.0,0,0,0,170,0,0,0
train,0797-2317.svg,341,167,0,6,2048,1,0,0.0,0.0,140.0,140.0,0,0,0,341,0,0,0
train,0797-2374.svg,159,78,0,3,2048,1,0,0.0,0.0,140.0,140.0,0,0,0,159,0,0,0
train,0797-2375.svg,240,47,0,3,2048,1,0,0.0,0.0,140.0,140.0,0,0,0,240,0,0,0
train,0797-2434.svg,309,129,0,2,2048,1,0,0.0,0.0,140.0,140.0,0,0,0,309,0,0,0
train,0797-2435.svg,443,221,0,3,2048,1,0,0.0,0.0,140.0,140.0,0,0,0,443,0,0,0
train,0797-2494.svg,245,77,0,2,2048,1,0,0.0,0.0,140.0,140.0,0,0,0,245,0,0,0
train,0797-2502.svg,244,97,0,4,2048,1,0,0.0,0.0,140.0,140.0,0,0,0,244,0,0,0
train,0797-2554.svg,281,73,0,4,2048,1,0,0.0,0.0,140.0,140.0,0,0,0,281,0,0,0
train,0797-2559.svg,282,68,0,4,2048,1,0,0.0,0.0,140.0,140.0,0,0,0,282,0,0,0
train,0797-2561.svg,259,147,0,3,2048,1,0,0.0,0.0,140.0,140.0,0,0,0,259,0,0,0
train,0797-2562.svg,342,182,0,5,2048,1,0,0.0,0.0,140.0,140.0,0,0,0,342,0,0,0
train,0797-2563.svg,238,7,0,1,2048,1,0,0.0,0.0,140.0,140.0,0,0,0,238,0,0,0
train,0797-2615.svg,223,85,0,4,2048,1,0,0.0,0.0,140.0,140.0,0,0,0,223,0,0,0
train,0797-2616.svg,257,154,0,3,2048,1,0,0.0,0.0,140.0,140.0,0,0,0,257,0,0,0
train,0797-2618.svg,230,145,0,4,2048,1,0,0.0,0.0,140.0,140.0,0,0,0,230,0,0,0
train,0797-2675.svg,155,54,0,4,2048,1,0,0.0,0.0,140.0,140.0,1,0,0,154,0,0,0
train,0797-2676.svg,183,102,0,5,2048,1,0,0.0,0.0,140.0,140.0,0,0,0,183,0,0,0
train,0797-2678.svg,151,86,0,3,2048,1,0,0.0,0.0,140.0,140.0,1,0,0,150,0,0,0
train,0797-2736.svg,100,13,0,1,2048,1,0,0.0,0.0,140.0,140.0,1,0,0,99,0,0,0
train,0799-0039.svg,7667,680,0,4,2048,4,0,0.0,0.0,140.0,140.0,1,0,0,7666,0,0,0
train,0799-0045.svg,845,622,0,5,2048,1,0,0.0,0.0,140.0,140.0,3,0,0,842,0,0,0
train,0799-0051.svg,822,415,0,9,2048,1,0,0.0,0.0,140.0,140.0,3,0,0,819,0,0,0
train,0799-0057.svg,6086,100,0,1,2048,3,0,0.0,0.0,140.0,140.0,0,0,0,6086,0,0,0
train,0799-0088.svg,581,129,0,4,2048,1,0,0.0,0.0,140.0,140.0,6,0,0,575,0,0,0
train,0799-0099.svg,1335,108,0,4,2048,1,0,0.0,0.0,140.0,140.0,21,0,0,1314,0,0,0
train,0799-0100.svg,773,88,0,3,2048,1,0,0.0,0.0,140.0,140.0,12,0,0,761,0,0,0
train,0799-0101.svg,708,132,0,3,2048,1,0,0.0,0.0,140.0,140.0,6,0,0,702,0,0,0
train,0800-4377.svg,357,53,0,5,2048,1,0,0.0,0.0,140.0,140.0,12,0,0,345,0,0,0
train,0800-4430.svg,1721,1422,0,6,2048,1,0,0.0,0.0,140.0,140.0,8,0,0,1713,0,0,0
train,0800-4431.svg,409,181,0,6,2048,1,0,0.0,0.0,140.0,140.0,3,0,0,406,0,0,0
train,0800-4433.svg,934,727,0,7,2048,1,0,0.0,0.0,140.0,140.0,9,0,0,925,0,0,0
train,0800-4434.svg,1637,1284,0,6,2048,1,0,0.0,0.0,140.0,140.0,4,0,0,1633,0,0,0
train,0800-4484.svg,693,523,0,7,2048,1,0,0.0,0.0,140.0,140.0,7,0,0,686,0,0,0
train,0800-4485.svg,1942,663,0,11,2048,1,0,0.0,0.0,140.0,140.0,67,4,0,1871,0,0,0
train,0800-4489.svg,1082,445,0,11,2048,1,0,0.0,0.0,140.0,140.0,23,1,0,1058,0,0,0
train,0800-4490.svg,1342,550,0,10,2048,1,0,0.0,0.0,140.0,140.0,30,2,0,1310,0,0,0
train,0800-4491.svg,2175,876,0,9,2048,2,0,0.0,0.0,140.0,140.0,70,6,0,2099,0,0,0
train,0800-4492.svg,816,327,0,8,2048,1,0,0.0,0.0,140.0,140.0,28,3,0,785,0,0,0
train,0801-0003.svg,1181,881,0,8,2048,1,0,0.0,0.0,140.0,140.0,28,5,0,1148,0,0,0
train,0801-0004.svg,257,122,0,5,2048,1,0,0.0,0.0,140.0,140.0,11,0,0,246,0,0,0
train,0801-0006.svg,459,155,0,5,2048,1,0,0.0,0.0,140.0,140.0,0,0,0,459,0,0,0
train,0801-0007.svg,682,267,0,8,2048,1,0,0.0,0.0,140.0,140.0,8,0,0,674,0,0,0
train,0801-0012.svg,488,238,0,7,2048,1,0,0.0,0.0,140.0,140.0,1,0,0,487,0,0,0
train,0802-0006.svg,169,72,0,1,2048,1,0,0.0,0.0,140.0,140.0,3,0,0,166,0,0,0
train,0802-0013.svg,321,165,0,1,2048,1,0,0.0,0.0,140.0,140.0,6,0,0,315,0,0,0
train,0804-0024.svg,1364,102,0,2,2048,1,0,0.0,0.0,140.0,140.0,0,0,0,1364,0,0,0
train,0804-0026.svg,210,80,0,3,2048,1,0,0.0,0.0,140.0,140.0,2,0,0,208,0,0,0
train,0804-0033.svg,135,39,0,2,2048,1,0,0.0,0.0,140.0,140.0,1,0,0,134,0,0,0
train,0804-0040.svg,105,16,0,2,2048,1,0,0.0,0.0,140.0,140.0,0,0,0,105,0,0,0
train,0804-0057.svg,579,323,0,6,2048,1,0,0.0,0.0,140.0,140.0,4,0,0,575,0,0,0
train,0804-0058.svg,232,120,0,3,2048,1,0,0.0,0.0,140.0,140.0,0,0,0,232,0,0,0
train,0805-0006.svg,972,763,0,10,2048,1,0,0.0,0.0,140.0,140.0,21,6,0,945,0,0,0
train,0805-0016.svg,63,40,0,2,2048,1,0,0.0,0.0,140.0,140.0,0,0,0,63,0,0,0
train,0805-0026.svg,655,591,0,4,2048,1,0,0.0,0.0,140.0,140.0,0,0,0,655,0,0,0
train,0805-0031.svg,841,666,0,7,2048,1,0,0.0,0.0,140.0,140.0,4,0,0,837,0,0,0
train,0805-0038.svg,160,71,0,3,2048,1,0,0.0,0.0,140.0,140.0,0,0,0,160,0,0,0
train,0806-0072.svg,576,390,0,13,2048,1,0,0.0,0.0,140.0,140.0,18,6,0,552,0,0,0
train,0808-0001.svg,191,106,0,1,2048,1,0,0.0,0.0,140.0,140.0,0,0,0,191,0,0,0
train,0808-0007.svg,381,263,0,1,2048,1,0,0.0,0.0,140.0,140.0,0,0,0,381,0,0,0
train,0808-0010.svg,370,217,0,1,2048,1,0,0.0,0.0,140.0,140.0,0,0,0,370,0,0,0
train,0809-0003.svg,334,83,0,1,2048,1,0,0.0,0.0,140.0,140.0,6,0,0,328,0,0,0
train,0810-0018.svg,84,23,0,2,2048,1,0,0.0,0.0,140.0,140.0,0,0,0,84,0,0,0
train,0810-0030.svg,97,2,0,1,2048,1,0,0.0,0.0,140.0,140.0,1,0,0,96,0,0,0
train,0810-0051.svg,482,249,0,5,2048,1,0,0.0,0.0,140.0,140.0,3,0,0,479,0,0,0
train,0810-0053.svg,101,20,0,3,2048,1,0,0.0,0.0,140.0,140.0,1,0,0,100,0,0,0
train,0811-0015.svg,407,119,0,5,2048,1,0,0.0,0.0,140.0,140.0,7,0,0,400,0,0,0
train,0811-0016.svg,168,10,0,1,2048,1,0,0.0,0.0,140.0,140.0,1,0,0,167,0,0,0
train,0812-0006.svg,525,476,0,7,2048,1,0,0.0,0.0,140.0,140.0,0,0,0,525,0,0,0
train,0812-0010.svg,639,545,0,7,2048,1,0,0.0,0.0,140.0,140.0,6,0,0,633,0,0,0
train,0812-0014.svg,610,510,0,6,2048,1,0,0.0,0.0,140.0,140.0,2,0,0,608,0,0,0
train,0812-0018.svg,455,343,0,3,2048,1,0,0.0,0.0,140.0,140.0,6,0,0,449,0,0,0
train,0813-0012.svg,353,228,0,1,2048,1,0,0.0,0.0,140.0,140.0,0,0,0,353,0,0,0
train,0815-0020.svg,474,144,0,6,2048,1,0,0.0,0.0,140.0,140.0,6,0,0,468,0,0,0
train,0815-0025.svg,321,102,0,6,2048,1,0,0.0,0.0,140.0,140.0,3,0,0,318,0,0,0
train,0815-0027.svg,170,24,0,2,2048,1,0,0.0,0.0,140.0,140.0,2,0,0,168,0,0,0
train,0815-0045.svg,194,131,0,4,2048,1,0,0.0,0.0,140.0,140.0,0,0,0,194,0,0,0
train,0815-0057.svg,357,118,0,6,2048,1,0,0.0,0.0,140.0,140.0,3,0,0,354,0,0,0
train,0815-0065.svg,497,231,0,5,2048,1,0,0.0,0.0,140.0,140.0,0,0,0,497,0,0,0
train,0815-0067.svg,411,99,0,4,2048,1,0,0.0,0.0,140.0,140.0,2,0,0,409,0,0,0
train,0816-0008.svg,617,266,0,8,2048,1,0,0.0,0.0,140.0,140.0,3,0,0,614,0,0,0
train,0816-0009.svg,1164,689,0,10,2048,1,0,0.0,0.0,140.0,140.0,39,4,0,1121,0,0,0
train,0817-0007.svg,2985,2005,0,17,2048,2,0,0.0,0.0,140.0,140.0,54,6,0,2925,0,0,0
train,0818-0004.svg,257,102,0,3,2048,1,0,0.0,0.0,140.0,140.0,11,0,0,246,0,0,0
train,0818-0008.svg,1237,826,0,8,2048,1,0,0.0,0.0,140.0,140.0,32,4,0,1201,0,0,0
train,0818-0010.svg,1248,833,0,6,2048,1,0,0.0,0.0,140.0,140.0,21,5,0,1222,0,0,0
train,0818-0016.svg,577,434,0,9,2048,1,0,0.0,0.0,140.0,140.0,8,1,0,568,0,0,0
train,0818-0021.svg,209,77,0,4,2048,1,0,0.0,0.0,140.0,140.0,3,0,0,206,0,0,0
train,0819-0006.svg,318,77,0,3,2048,1,0,0.0,0.0,140.0,140.0,1,0,0,317,0,0,0
train,0819-0008.svg,681,309,0,9,2048,1,0,0.0,0.0,140.0,140.0,5,0,0,676,0,0,0
train,0819-0018.svg,1039,588,0,8,2048,1,0,0.0,0.0,140.0,140.0,22,0,0,1017,0,0,0
train,0820-0008.svg,631,438,0,7,2048,1,0,0.0,0.0,140.0,140.0,4,0,0,627,0,0,0
train,0820-0025.svg,455,167,0,5,2048,1,0,0.0,0.0,140.0,140.0,14,0,0,441,0,0,0
train,0820-0058.svg,196,76,0,4,2048,1,0,0.0,0.0,140.0,140.0,2,0,0,194,0,0,0
train,0821-0003.svg,326,131,0,1,2048,1,0,0.0,0.0,140.0,140.0,7,0,0,319,0,0,0
train,0821-0009.svg,333,195,0,1,2048,1,0,0.0,0.0,140.0,140.0,6,0,0,327,0,0,0
train,0822-0004.svg,685,400,0,1,2048,1,0,0.0,0.0,140.0,140.0,9,0,0,676,0,0,0
train,0822-0006.svg,684,325,0,1,2048,1,0,0.0,0.0,140.0,140.0,8,0,0,676,0,0,0
train,0822-0018.svg,531,258,0,1,2048,1,0,0.0,0.0,140.0,140.0,5,0,0,526,0,0,0
train,0823-0002.svg,250,136,0,5,2048,1,0,0.0,0.0,140.0,140.0,4,0,0,246,0,0,0
train,0823-0016.svg,750,551,0,13,2048,1,0,0.0,0.0,140.0,140.0,17,0,0,733,0,0,0
train,0823-0021.svg,991,837,0,16,2048,1,0,0.0,0.0,140.0,140.0,18,0,0,973,0,0,0
train,0824-0010.svg,132,58,0,1,2048,1,0,0.0,0.0,140.0,140.0,0,0,0,132,0,0,0
train,0825-0001.svg,1891,1656,0,18,2048,1,0,0.0,0.0,140.0,140.0,38,0,0,1853,0,0,0
train,0826-0001.svg,468,232,0,1,2048,1,0,0.0,0.0,140.0,140.0,4,0,0,464,0,0,0
train,0827-0003.svg,1242,961,0,11,2048,1,0,0.0,0.0,140.0,140.0,28,5,0,1209,0,0,0
train,0827-0012.svg,415,120,0,5,2048,1,0,0.0,0.0,140.0,140.0,5,0,0,410,0,0,0
train,0827-0014.svg,751,350,0,10,2048,1,0,0.0,0.0,140.0,140.0,8,0,0,743,0,0,0
train,0827-0015.svg,1006,597,0,8,2048,1,0,0.0,0.0,140.0,140.0,27,4,0,975,0,0,0
train,0827-0018.svg,1183,770,0,8,2048,1,0,0.0,0.0,140.0,140.0,21,0,0,1162,0,0,0
train,0827-0024.svg,460,165,0,6,2048,1,0,0.0,0.0,140.0,140.0,6,0,0,454,0,0,0
train,0828-0014.svg,91,16,0,1,2048,1,0,0.0,0.0,140.0,140.0,0,0,0,91,0,0,0
train,0829-0081.svg,3241,281,0,6,2048,2,0,0.0,0.0,140.0,140.0,14,0,0,3227,0,0,0
train,0829-0085.svg,243,9,0,1,2048,1,0,0.0,0.0,140.0,140.0,4,0,0,239,0,0,0
train,0829-0105.svg,5890,759,0,5,2048,3,0,0.0,0.0,140.0,140.0,38,0,0,5852,0,0,0
train,0829-0107.svg,6801,1196,0,4,2048,4,0,0.0,0.0,140.0,140.0,31,0,0,6770,0,0,0
train,0829-0110.svg,7756,1165,0,4,2048,4,0,0.0,0.0,140.0,140.0,7,0,0,7749,0,0,0
train,0829-0139.svg,8343,509,0,4,2048,5,0,0.0,0.0,140.0,140.0,0,0,0,8343,0,0,0
train,0829-0159.svg,445,60,0,4,2048,1,0,0.0,0.0,140.0,140.0,6,0,0,439,0,0,0
train,0829-0171.svg,1273,1028,0,4,2048,1,0,0.0,0.0,140.0,140.0,0,0,0,1273,0,0,0
train,0829-0187.svg,393,60,0,3,2048,1,0,0.0,0.0,140.0,140.0,3,0,0,390,0,0,0
train,0829-0188.svg,870,638,0,6,2048,1,0,0.0,0.0,140.0,140.0,5,0,0,865,0,0,0
train,0829-0216.svg,186,58,0,2,2048,1,0,0.0,0.0,140.0,140.0,2,0,0,184,0,0,0
train,0829-0276.svg,1065,902,0,3,2048,1,0,0.0,0.0,140.0,140.0,4,0,0,1061,0,0,0
train,0829-0303.svg,547,183,0,6,2048,1,0,0.0,0.0,140.0,140.0,4,6,0,537,0,0,0
train,0829-0305.svg,468,184,0,5,2048,1,0,0.0,0.0,140.0,140.0,4,0,0,464,0,0,0
train,0829-0308.svg,387,253,0,4,2048,1,0,0.0,0.0,140.0,140.0,0,0,0,387,0,0,0
train,0829-0333.svg,940,584,0,3,2048,1,0,0.0,0.0,140.0,140.0,0,0,0,940,0,0,0
train,0829-0341.svg,1883,453,0,8,2048,1,0,0.0,0.0,140.0,140.0,15,14,0,1854,0,0,0
train,0829-0369.svg,406,150,0,4,2048,1,0,0.0,0.0,140.0,140.0,3,0,0,403,0,0,0
train,0830-0003.svg,168,40,0,1,2048,1,0,0.0,0.0,140.0,140.0,0,0,0,168,0,0,0
train,0830-0007.svg,236,59,0,1,2048,1,0,0.0,0.0,140.0,140.0,0,0,0,236,0,0,0
train,0831-0012.svg,462,242,0,4,2048,1,0,0.0,0.0,140.0,140.0,0,0,0,462,0,0,0
train,0831-0017.svg,399,193,0,4,2048,1,0,0.0,0.0,140.0,140.0,0,0,0,399,0,0,0
train,0832-0004.svg,253,11,0,1,2048,1,0,0.0,0.0,140.0,140.0,0,0,0,253,0,0,0
train,0832-0006.svg,287,111,0,5,2048,1,0,0.0,0.0,140.0,140.0,2,0,0,285,0,0,0
train,0833-0001.svg,313,54,0,3,2048,1,0,0.0,0.0,140.0,140.0,2,0,0,311,0,0,0
train,0833-0005.svg,373,120,0,4,2048,1,0,0.0,0.0,140.0,140.0,3,0,0,370,0,0,0
train,0834-0006.svg,566,396,0,1,2048,1,0,0.0,0.0,140.0,140.0,8,0,0,558,0,0,0
train,0838-0010.svg,416,73,0,2,2048,1,0,0.0,0.0,140.0,140.0,8,0,0,408,0,0,0
train,0839-0015.svg,751,638,0,8,2048,1,0,0.0,0.0,140.0,140.0,6,0,0,745,0,0,0
train,0839-0019.svg,157,26,0,2,2048,1,0,0.0,0.0,140.0,140.0,0,0,0,157,0,0,0
train,0839-0022.svg,571,491,0,7,2048,1,0,0.0,0.0,140.0,140.0,2,0,0,569,0,0,0
train,0839-0039.svg,42,18,0,2,2048,1,0,0.0,0.0,140.0,140.0,0,0,0,42,0,0,0
train,0839-0057.svg,386,269,0,6,2048,1,0,0.0,0.0,140.0,140.0,4,0,0,382,0,0,0
train,0840-0015.svg,407,117,0,5,2048,1,0,0.0,0.0,140.0,140.0,7,0,0,400,0,0,0
train,0840-0016.svg,168,10,0,1,2048,1,0,0.0,0.0,140.0,140.0,1,0,0,167,0,0,0
train,0842-0000.svg,162,37,0,1,2048,1,0,0.0,0.0,140.0,140.0,0,0,0,162,0,0,0
train,0843-0001.svg,213,144,0,7,2048,1,0,0.0,0.0,140.0,140.0,5,0,0,208,0,0,0
train,0843-0007.svg,827,568,0,8,2048,1,0,0.0,0.0,140.0,140.0,21,0,0,806,0,0,0
train,0843-0008.svg,573,352,0,6,2048,1,0,0.0,0.0,140.0,140.0,6,0,0,567,0,0,0
train,0843-0017.svg,1315,942,0,9,2048,1,0,0.0,0.0,140.0,140.0,14,0,0,1301,0,0,0
train,0843-0038.svg,456,291,0,7,2048,1,0,0.0,0.0,140.0,140.0,4,0,0,452,0,0,0
train,0844-0025.svg,128,4,0,1,2048,1,0,0.0,0.0,140.0,140.0,3,0,0,125,0,0,0
train,0844-0126.svg,519,220,0,5,2048,1,0,0.0,0.0,140.0,140.0,2,0,0,517,0,0,0
train,0844-0130.svg,476,77,0,2,2048,1,0,0.0,0.0,140.0,140.0,4,0,0,472,0,0,0
train,0844-0153.svg,405,154,0,5,2048,1,0,0.0,0.0,140.0,140.0,1,0,0,404,0,0,0
train,0844-0158.svg,1037,83,0,1,2048,1,0,0.0,0.0,140.0,140.0,2,0,0,1035,0,0,0
train,0844-0185.svg,1122,74,0,3,2048,1,0,0.0,0.0,140.0,140.0,1,0,0,1121,0,0,0
train,0844-0209.svg,1417,411,0,8,2048,1,0,0.0,0.0,140.0,140.0,7,0,0,1410,0,0,0
train,0844-0211.svg,285,212,0,4,2048,1,0,0.0,0.0,140.0,140.0,2,0,0,283,0,0,0
train,0844-0212.svg,882,129,0,3,2048,1,0,0.0,0.0,140.0,140.0,2,0,0,880,0,0,0
train,0844-0235.svg,791,62,0,2,2048,1,0,0.0,0.0,140.0,140.0,0,0,0,791,0,0,0
train,0844-0262.svg,103,23,0,1,2048,1,0,0.0,0.0,140.0,140.0,0,0,0,103,0,0,0
train,0845-0002.svg,110,14,0,2,2048,1,0,0.0,0.0,140.0,140.0,1,0,0,109,0,0,0
train,0845-0006.svg,459,167,0,6,2048,1,0,0.0,0.0,140.0,140.0,0,0,0,459,0,0,0
train,0845-0007.svg,682,270,0,9,2048,1,0,0.0,0.0,140.0,140.0,8,0,0,674,0,0,0
train,0846-0006.svg,670,578,0,8,2048,1,0,0.0,0.0,140.0,140.0,6,0,0,664,0,0,0
train,0846-0023.svg,261,105,0,3,2048,1,0,0.0,0.0,140.0,140.0,0,0,0,261,0,0,0
train,0846-0031.svg,840,668,0,7,2048,1,0,0.0,0.0,140.0,140.0,4,0,0,836,0,0,0
train,0847-0003.svg,394,165,0,1,2048,1,0,0.0,0.0,140.0,140.0,6,0,0,388,0,0,0
train,0847-0006.svg,372,241,0,1,2048,1,0,0.0,0.0,140.0,140.0,7,0,0,365,0,0,0
train,0847-0009.svg,407,252,0,1,2048,1,0,0.0,0.0,140.0,140.0,6,0,0,401,0,0,0
train,0848-0005.svg,483,215,0,1,2048,1,0,0.0,0.0,140.0,140.0,0,0,0,483,0,0,0
train,0849-0004.svg,231,42,0,1,2048,1,0,0.0,0.0,140.0,140.0,7,0,0,224,0,0,0
train,0849-0010.svg,194,78,0,1,2048,1,0,0.0,0.0,140.0,140.0,4,0,0,190,0,0,0
train,0849-0017.svg,425,249,0,1,2048,1,0,0.0,0.0,140.0,140.0,0,0,0,425,0,0,0
train,0850-0020.svg,139,8,0,1,2048,1,0,0.0,0.0,140.0,140.0,2,0,0,137,0,0,0
train,0850-0026.svg,106,4,0,1,2048,1,0,0.0,0.0,140.0,140.0,0,0,0,106,0,0,0
train,0851-0272.svg,462,364,0,5,2048,1,0,0.0,0.0,140.0,140.0,2,0,0,460,0,0,0
train,0851-0325.svg,320,121,0,5,2048,1,0,0.0,0.0,140.0,140.0,2,0,0,318,0,0,0
train,0851-0372.svg,368,214,0,4,2048,1,0,0.0,0.0,140.0,140.0,6,0,0,362,0,0,0
train,0851-0377.svg,234,104,0,5,2048,1,0,0.0,0.0,140.0,140.0,1,0,0,233,0,0,0
train,0851-0378.svg,304,216,0,5,2048,1,0,0.0,0.0,140.0,140.0,1,0,0,303,0,0,0
train,0851-0420.svg,120,55,0,3,2048,1,0,0.0,0.0,140.0,140.0,1,0,0,119,0,0,0
train,0851-0421.svg,276,207,0,6,2048,1,0,0.0,0.0,140.0,140.0,1,0,0,275,0,0,0
train,0851-0422.svg,216,129,0,4,2048,1,0,0.0,0.0,140.0,140.0,0,0,0,216,0,0,0
train,0851-0425.svg,275,170,0,4,2048,1,0,0.0,0.0,140.0,140.0,2,0,0,273,0,0,0
train,0851-0471.svg,165,78,0,2,2048,1,0,0.0,0.0,140.0,140.0,0,0,0,165,0,0,0
train,0851-0476.svg,228,167,0,4,2048,1,0,0.0,0.0,140.0,140.0,0,0,0,228,0,0,0
train,0851-0522.svg,460,257,0,5,2048,1,0,0.0,0.0,140.0,140.0,1,0,0,459,0,0,0
train,0851-0570.svg,2861,1691,0,11,2048,2,0,0.0,0.0,140.0,140.0,73,0,0,2788,0,0,0
train,0851-0574.svg,184,80,0,4,2048,1,0,0.0,0.0,140.0,140.0,0,0,0,184,0,0,0
train,0851-0575.svg,352,226,0,4,2048,1,0,0.0,0.0,140.0,140.0,2,0,0,350,0,0,0
train,0851-0623.svg,246,105,0,3,2048,1,0,0.0,0.0,140.0,140.0,2,0,0,244,0,0,0
train,0851-0626.svg,167,99,0,3,2048,1,0,0.0,0.0,140.0,140.0,1,0,0,166,0,0,0
train,0851-0669.svg,188,58,0,3,2048,1,0,0.0,0.0,140.0,140.0,1,0,0,187,0,0,0
train,0851-0671.svg,337,169,0,7,2048,1,0,0.0,0.0,140.0,140.0,2,0,0,335,0,0,0
train,0851-0675.svg,197,111,0,5,2048,1,0,0.0,0.0,140.0,140.0,1,0,0,196,0,0,0
train,0851-0778.svg,92,32,0,2,2048,1,0,0.0,0.0,140.0,140.0,0,0,0,92,0,0,0
train,0851-0820.svg,215,143,0,3,2048,1,0,0.0,0.0,140.0,140.0,1,0,0,214,0,0,0
train,0851-0828.svg,490,249,0,7,2048,1,0,0.0,0.0,140.0,140.0,3,0,0,487,0,0,0
train,0851-0873.svg,320,177,0,4,2048,1,0,0.0,0.0,140.0,140.0,1,0,0,319,0,0,0
train,0851-0877.svg,2327,1616,0,7,2048,2,0,0.0,0.0,140.0,140.0,35,0,0,2292,0,0,0
train,0851-0878.svg,611,222,0,4,2048,1,0,0.0,0.0,140.0,140.0,2,0,0,609,0,0,0
train,0851-0926.svg,222,140,0,5,2048,1,0,0.0,0.0,140.0,140.0,1,0,0,221,0,0,0
train,0851-0927.svg,73,26,0,1,2048,1,0,0.0,0.0,140.0,140.0,0,0,0,73,0,0,0
train,0851-0975.svg,269,179,0,5,2048,1,0,0.0,0.0,140.0,140.0,2,0,0,267,0,0,0
train,0851-0978.svg,350,133,0,5,2048,1,0,0.0,0.0,140.0,140.0,1,0,0,349,0,0,0
train,0851-1125.svg,148,62,0,3,2048,1,0,0.0,0.0,140.0,140.0,1,0,0,147,0,0,0
train,0851-1171.svg,300,166,0,3,2048,1,0,0.0,0.0,140.0,140.0,1,0,0,299,0,0,0
train,0851-1222.svg,528,367,0,5,2048,1,0,0.0,0.0,140.0,140.0,2,0,0,526,0,0,0
train,0851-1278.svg,333,3,0,1,2048,1,0,0.0,0.0,140.0,140.0,0,0,0,333,0,0,0
train,0851-1326.svg,4969,297,0,1,2048,3,0,0.0,0.0,140.0,140.0,43,4,0,4922,0,0,0
train,0852-0004.svg,664,522,0,6,2048,1,0,0.0,0.0,140.0,140.0,0,0,0,664,0,0,0
train,0853-0003.svg,1201,880,0,8,2048,1,0,0.0,0.0,140.0,140.0,28,5,0,1168,0,0,0
train,0853-0004.svg,158,58,0,4,2048,1,0,0.0,0.0,140.0,140.0,2,0,0,156,0,0,0
train,0853-0005.svg,266,69,0,4,2048,1,0,0.0,0.0,140.0,140.0,7,0,0,259,0,0,0
train,0853-0007.svg,616,317,0,9,2048,1,0,0.0,0.0,140.0,140.0,7,0,0,609,0,0,0
train,0853-0008.svg,1110,726,0,8,2048,1,0,0.0,0.0,140.0,140.0,31,4,0,1075,0,0,0
train,0853-0010.svg,326,120,0,4,2048,1,0,0.0,0.0,140.0,140.0,2,0,0,324,0,0,0
train,0853-0013.svg,605,395,0,7,2048,1,0,0.0,0.0,140.0,140.0,4,0,0,601,0,0,0
train,0854-0005.svg,398,140,0,1,2048,1,0,0.0,0.0,140.0,140.0,0,0,0,398,0,0,0
train,0854-0006.svg,401,144,0,1,2048,1,0,0.0,0.0,140.0,140.0,0,0,0,401,0,0,0
train,0855-0010.svg,392,295,0,6,2048,1,0,0.0,0.0,140.0,140.0,0,0,0,392,0,0,0
train,0855-0013.svg,1130,581,0,8,2048,1,0,0.0,0.0,140.0,140.0,10,0,0,1120,0,0,0
train,0856-0017.svg,1783,1384,0,11,2048,1,0,0.0,0.0,140.0,140.0,35,1,0,1747,0,0,0
train,0856-0025.svg,3482,2104,0,21,2048,2,0,0.0,0.0,140.0,140.0,62,12,0,3408,0,0,0
train,0857-0014.svg,91,6,0,1,2048,1,0,0.0,0.0,140.0,140.0,0,0,0,91,0,0,0
train,0857-0017.svg,73,6,0,1,2048,1,0,0.0,0.0,140.0,140.0,4,0,0,69,0,0,0
train,0857-0025.svg,66,7,0,1,2048,1,0,0.0,0.0,140.0,140.0,1,0,0,65,0,0,0
train,0857-0037.svg,97,11,0,1,2048,1,0,0.0,0.0,140.0,140.0,1,0,0,96,0,0,0
train,0858-0021.svg,428,270,0,7,2048,1,0,0.0,0.0,140.0,140.0,9,0,0,419,0,0,0
train,0858-0026.svg,662,599,0,4,2048,1,0,0.0,0.0,140.0,140.0,0,0,0,662,0,0,0
train,0858-0028.svg,527,214,0,6,2048,1,0,0.0,0.0,140.0,140.0,4,0,0,523,0,0,0
train,0858-0032.svg,984,807,0,6,2048,1,0,0.0,0.0,140.0,140.0,2,0,0,982,0,0,0
train,0858-0037.svg,811,188,0,5,2048,1,0,0.0,0.0,140.0,140.0,12,0,0,799,0,0,0
train,0858-0038.svg,450,333,0,6,2048,1,0,0.0,0.0,140.0,140.0,2,0,0,448,0,0,0
train,0859-0006.svg,839,335,0,7,2048,1,0,0.0,0.0,140.0,140.0,2,0,0,837,0,0,0
train,0859-0016.svg,371,76,0,3,2048,1,0,0.0,0.0,140.0,140.0,0,0,0,371,0,0,0
train,0859-0017.svg,492,268,0,6,2048,1,0,0.0,0.0,140.0,140.0,2,0,0,490,0,0,0
train,0860-0038.svg,754,421,0,4,2048,1,0,0.0,0.0,140.0,140.0,4,0,0,750,0,0,0
train,0860-0049.svg,380,4,0,1,2048,1,0,0.0,0.0,140.0,140.0,0,0,0,380,0,0,0
train,0860-0055.svg,511,224,0,2,2048,1,0,0.0,0.0,140.0,140.0,1,0,0,510,0,0,0
train,0860-0067.svg,654,305,0,2,2048,1,0,0.0,0.0,140.0,140.0,2,0,0,652,0,0,0
train,0860-0114.svg,748,389,0,5,2048,1,0,0.0,0.0,140.0,140.0,2,0,0,746,0,0,0
train,0860-0115.svg,526,231,0,4,2048,1,0,0.0,0.0,140.0,140.0,3,0,0,523,0,0,0
train,0861-0030.svg,162,56,0,1,2048,1,0,0.0,0.0,140.0,140.0,0,0,0,162,0,0,0
train,0861-0084.svg,107,12,0,1,2048,1,0,0.0,0.0,140.0,140.0,0,0,0,107,0,0,0
train,0861-0091.svg,194,71,0,1,2048,1,0,0.0,0.0,140.0,140.0,0,0,0,194,0,0,0
train,0861-0102.svg,87,16,0,1,2048,1,0,0.0,0.0,140.0,140.0,0,0,0,87,0,0,0
train,0861-0116.svg,99,52,0,1,2048,1,0,0.0,0.0,140.0,140.0,0,0,0,99,0,0,0
train,0861-0124.svg,214,130,0,1,2048,1,0,0.0,0.0,140.0,140.0,0,0,0,214,0,0,0
train,0861-0137.svg,95,37,0,1,2048,1,0,0.0,0.0,140.0,140.0,0,0,0,95,0,0,0
train,0862-0025.svg,3482,2118,0,22,2048,2,0,0.0,0.0,140.0,140.0,62,12,0,3408,0,0,0
train,0863-0002.svg,355,288,0,4,2048,1,0,0.0,0.0,140.0,140.0,8,0,0,347,0,0,0
train,0864-0009.svg,1607,1117,0,18,2048,1,0,0.0,0.0,140.0,140.0,36,0,0,1571,0,0,0
train,0864-0010.svg,1321,935,0,19,2048,1,0,0.0,0.0,140.0,140.0,27,0,0,1294,0,0,0
train,0864-0017.svg,1752,1192,0,19,2048,1,0,0.0,0.0,140.0,140.0,33,0,0,1719,0,0,0
train,0864-0033.svg,1797,1199,0,17,2048,1,0,0.0,0.0,140.0,140.0,41,0,0,1756,0,0,0
train,0864-0034.svg,1461,1150,0,17,2048,1,0,0.0,0.0,140.0,140.0,18,0,0,1443,0,0,0
train,0865-0033.svg,585,306,0,4,2048,1,0,0.0,0.0,140.0,140.0,0,0,0,585,0,0,0
train,0865-0131.svg,137,54,0,1,2048,1,0,0.0,0.0,140.0,140.0,0,0,0,137,0,0,0
train,0865-0144.svg,293,138,0,4,2048,1,0,0.0,0.0,140.0,140.0,1,0,0,292,0,0,0
train,0865-0146.svg,240,60,0,5,2048,1,0,0.0,0.0,140.0,140.0,0,0,0,240,0,0,0
train,0865-0149.svg,251,99,0,3,2048,1,0,0.0,0.0,140.0,140.0,0,0,0,251,0,0,0
train,0865-0151.svg,765,66,0,2,2048,1,0,0.0,0.0,140.0,140.0,0,0,0,765,0,0,0
train,0865-0153.svg,982,178,0,3,2048,1,0,0.0,0.0,140.0,140.0,0,0,0,982,0,0,0
train,0865-0161.svg,451,206,0,6,2048,1,0,0.0,0.0,140.0,140.0,5,0,0,446,0,0,0
train,0866-0002.svg,5227,1268,0,20,2048,3,0,0.0,0.0,140.0,140.0,47,0,0,5180,0,0,0
train,0866-0004.svg,6465,1596,0,17,2048,4,0,0.0,0.0,140.0,140.0,51,0,0,6414,0,0,0
train,0866-0006.svg,5249,1315,0,19,2048,3,0,0.0,0.0,140.0,140.0,50,0,0,5199,0,0,0
train,0867-0007.svg,2763,1794,0,18,2048,2,0,0.0,0.0,140.0,140.0,43,6,0,2714,0,0,0
train,0867-0012.svg,1314,528,0,12,2048,1,0,0.0,0.0,140.0,140.0,15,0,0,1299,0,0,0
train,0867-0022.svg,2190,1360,0,22,2048,2,0,0.0,0.0,140.0,140.0,34,0,0,2156,0,0,0
train,0868-0004.svg,340,187,0,1,2048,1,0,0.0,0.0,140.0,140.0,0,0,0,340,0,0,0
train,0869-0337.svg,474,356,0,7,2048,1,0,0.0,0.0,140.0,140.0,0,0,0,474,0,0,0
train,0869-0338.svg,712,111,0,5,2048,1,0,0.0,0.0,140.0,140.0,1,0,0,711,0,0,0
train,0869-0339.svg,416,8,0,1,2048,1,0,0.0,0.0,140.0,140.0,1,0,0,415,0,0,0
train,0869-0508.svg,46,2,0,1,2048,1,0,0.0,0.0,140.0,140.0,2,0,0,44,0,0,0
train,0870-0010.svg,63,8,0,1,2048,1,0,0.0,0.0,140.0,140.0,1,0,0,62,0,0,0
train,0870-0011.svg,80,10,0,1,2048,1,0,0.0,0.0,140.0,140.0,3,0,0,77,0,0,0
train,0870-0014.svg,91,10,0,1,2048,1,0,0.0,0.0,140.0,140.0,0,0,0,91,0,0,0
train,0870-0022.svg,100,6,0,1,2048,1,0,0.0,0.0,140.0,140.0,3,0,0,97,0,0,0
train,0871-0003.svg,2242,1618,0,17,2048,2,0,0.0,0.0,140.0,140.0,52,0,0,2190,0,0,0
train,0872-0006.svg,705,612,0,7,2048,1,0,0.0,0.0,140.0,140.0,6,0,0,699,0,0,0
train,0873-0007.svg,300,69,0,4,2048,1,0,0.0,0.0,140.0,140.0,0,0,0,300,0,0,0
train,0873-0013.svg,1129,575,0,9,2048,1,0,0.0,0.0,140.0,140.0,10,0,0,1119,0,0,0
train,0873-0014.svg,643,398,0,7,2048,1,0,0.0,0.0,140.0,140.0,0,0,0,643,0,0,0
train,0874-0005.svg,388,182,0,1,2048,1,0,0.0,0.0,140.0,140.0,0,0,0,388,0,0,0
train,0874-0016.svg,677,402,0,7,2048,1,0,0.0,0.0,140.0,140.0,12,0,0,665,0,0,0
train,0874-0017.svg,262,182,0,4,2048,1,0,0.0,0.0,140.0,140.0,1,0,0,261,0,0,0
train,0874-0037.svg,609,337,0,5,2048,1,0,0.0,0.0,140.0,140.0,1,0,0,608,0,0,0
train,0875-0046.svg,2793,1732,0,20,2048,2,0,0.0,0.0,140.0,140.0,44,0,0,2749,0,0,0
train,0876-0003.svg,372,140,0,1,2048,1,0,0.0,0.0,140.0,140.0,0,0,0,372,0,0,0
train,0876-0006.svg,349,178,0,1,2048,1,0,0.0,0.0,140.0,140.0,0,0,0,349,0,0,0
train,0876-0009.svg,379,184,0,1,2048,1,0,0.0,0.0,140.0,140.0,0,0,0,379,0,0,0
train,0877-0001.svg,384,192,0,1,2048,1,0,0.0,0.0,140.0,140.0,6,0,0,378,0,0,0
train,0878-0003.svg,363,140,0,1,2048,1,0,0.0,0.0,140.0,140.0,0,0,0,363,0,0,0
train,0879-0009.svg,628,159,0,5,2048,1,0,0.0,0.0,140.0,140.0,5,0,0,623,0,0,0
train,0879-0010.svg,2403,1648,0,22,2048,2,0,0.0,0.0,140.0,140.0,47,0,0,2356,0,0,0
train,0880-0003.svg,213,180,0,4,2048,1,0,0.0,0.0,140.0,140.0,4,0,0,209,0,0,0
train,0880-0006.svg,677,593,0,7,2048,1,0,0.0,0.0,140.0,140.0,5,0,0,672,0,0,0
train,0880-0026.svg,677,607,0,5,2048,1,0,0.0,0.0,140.0,140.0,0,0,0,677,0,0,0
train,0880-0031.svg,846,666,0,7,2048,1,0,0.0,0.0,140.0,140.0,4,0,0,842,0,0,0
train,0880-0033.svg,271,166,0,3,2048,1,0,0.0,0.0,140.0,140.0,0,0,0,271,0,0,0
train,0880-0036.svg,474,228,0,6,2048,1,0,0.0,0.0,140.0,140.0,4,0,0,470,0,0,0
train,0881-0007.svg,616,306,0,9,2048,1,0,0.0,0.0,140.0,140.0,7,0,0,609,0,0,0
train,0881-0018.svg,32,4,0,1,2048,1,0,0.0,0.0,140.0,140.0,0,0,0,32,0,0,0
train,0882-0002.svg,428,253,0,1,2048,1,0,0.0,0.0,140.0,140.0,0,0,0,428,0,0,0
train,0883-0011.svg,434,245,0,4,2048,1,0,0.0,0.0,140.0,140.0,1,0,0,433,0,0,0
train,0883-0030.svg,491,357,0,5,2048,1,0,0.0,0.0,140.0,140.0,2,0,0,489,0,0,0
train,0883-0038.svg,199,74,0,1,2048,1,0,0.0,0.0,140.0,140.0,2,0,0,197,0,0,0
train,0883-0045.svg,1034,200,0,3,2048,1,0,0.0,0.0,140.0,140.0,0,0,0,1034,0,0,0
train,0883-0050.svg,331,170,0,3,2048,1,0,0.0,0.0,140.0,140.0,1,0,0,330,0,0,0
train,0883-0061.svg,452,111,0,4,2048,1,0,0.0,0.0,140.0,140.0,0,0,0,452,0,0,0
train,0884-0007.svg,489,371,0,1,2048,1,0,0.0,0.0,140.0,140.0,3,0,0,486,0,0,0
train,0885-0007.svg,2152,1488,0,12,2048,2,0,0.0,0.0,140.0,140.0,25,4,0,2123,0,0,0
train,0887-0012.svg,609,378,0,6,2048,1,0,0.0,0.0,140.0,140.0,6,0,0,603,0,0,0
train,0887-0013.svg,432,184,0,5,2048,1,0,0.0,0.0,140.0,140.0,4,0,0,428,0,0,0
train,0887-0022.svg,1485,209,0,2,2048,1,0,0.0,0.0,140.0,140.0,3,0,0,1482,0,0,0
train,0887-0032.svg,466,265,0,3,2048,1,0,0.0,0.0,140.0,140.0,2,0,0,464,0,0,0
train,0887-0033.svg,361,169,0,2,2048,1,0,0.0,0.0,140.0,140.0,2,0,0,359,0,0,0
train,0889-0042.svg,1014,566,0,12,2048,1,0,0.0,0.0,140.0,140.0,16,0,0,998,0,0,0
train,0889-0051.svg,3017,2133,0,21,2048,2,0,0.0,0.0,140.0,140.0,48,6,0,2963,0,0,0
train,0889-0052.svg,1288,930,0,13,2048,1,0,0.0,0.0,140.0,140.0,29,12,0,1247,0,0,0
train,0889-0062.svg,1369,1064,0,13,2048,1,0,0.0,0.0,140.0,140.0,43,0,0,1326,0,0,0
train,0890-0011.svg,338,181,0,5,2048,1,0,0.0,0.0,140.0,140.0,5,0,0,333,0,0,0
train,0890-0013.svg,455,174,0,5,2048,1,0,0.0,0.0,140.0,140.0,4,0,0,451,0,0,0
train,0890-0017.svg,1307,783,0,8,2048,1,0,0.0,0.0,140.0,140.0,32,1,0,1274,0,0,0
train,0891-0004.svg,415,52,0,3,2048,1,0,0.0,0.0,140.0,140.0,7,0,0,408,0,0,0
train,0891-0010.svg,416,36,0,2,2048,1,0,0.0,0.0,140.0,140.0,8,0,0,408,0,0,0
train,0892-0009.svg,546,240,0,1,2048,1,0,0.0,0.0,140.0,140.0,0,0,0,546,0,0,0
train,0892-0010.svg,226,78,0,1,2048,1,0,0.0,0.0,140.0,140.0,4,0,0,222,0,0,0
train,0893-0014.svg,595,259,0,7,2048,1,0,0.0,0.0,140.0,140.0,12,3,0,580,0,0,0
train,0893-0024.svg,2830,2084,0,23,2048,2,0,0.0,0.0,140.0,140.0,45,0,0,2785,0,0,0
train,0893-0035.svg,3314,2338,0,22,2048,2,0,0.0,0.0,140.0,140.0,49,12,0,3253,0,0,0
train,0893-0070.svg,3533,2718,0,15,2048,2,0,0.0,0.0,140.0,140.0,45,0,0,3488,0,0,0
train,0894-0010.svg,2120,1613,0,13,2048,2,0,0.0,0.0,140.0,140.0,33,0,0,2087,0,0,0
train,0895-0004.svg,185,60,0,1,2048,1,0,0.0,0.0,140.0,140.0,7,0,0,178,0,0,0
train,0895-0009.svg,545,314,0,1,2048,1,0,0.0,0.0,140.0,140.0,0,0,0,545,0,0,0
train,0895-0018.svg,159,64,0,1,2048,1,0,0.0,0.0,140.0,140.0,3,0,0,156,0,0,0
train,0897-0004.svg,2165,1505,0,20,2048,2,0,0.0,0.0,140.0,140.0,40,0,0,2125,0,0,0
train,0898-0017.svg,385,186,0,1,2048,1,0,0.0,0.0,140.0,140.0,0,0,0,385,0,0,0
train,0899-0012.svg,491,341,0,5,2048,1,0,0.0,0.0,140.0,140.0,1,0,0,490,0,0,0
train,0899-0021.svg,451,85,0,5,2048,1,0,0.0,0.0,140.0,140.0,1,0,0,450,0,0,0
train,0899-0035.svg,438,290,0,6,2048,1,0,0.0,0.0,140.0,140.0,2,0,0,436,0,0,0
train,0899-0070.svg,1020,497,0,5,2048,1,0,0.0,0.0,140.0,140.0,4,0,0,1016,0,0,0
train,0899-0071.svg,3001,2159,0,7,2048,2,0,0.0,0.0,140.0,140.0,8,0,0,2993,0,0,0
train,0901-0029.svg,17441,142,0,1,2048,9,0,0.0,0.0,140.0,140.0,25,0,0,17416,0,0,0
train,0901-0038.svg,22327,4007,0,8,2048,11,0,0.0,0.0,140.0,140.0,27,0,0,22300,0,0,0
train,0901-0041.svg,3607,592,0,10,2048,2,0,0.0,0.0,140.0,140.0,58,1,0,3548,0,0,0
train,0901-0057.svg,68,30,0,2,2048,1,0,0.0,0.0,140.0,140.0,5,0,0,63,0,0,0
train,0901-0068.svg,167,126,0,5,2048,1,0,0.0,0.0,140.0,140.0,3,0,0,164,0,0,0
train,0902-0002.svg,495,116,0,5,2048,1,0,0.0,0.0,140.0,140.0,7,0,0,488,0,0,0
train,0902-0008.svg,1848,1456,0,9,2048,1,0,0.0,0.0,140.0,140.0,2,0,0,1846,0,0,0
train,0903-0012.svg,724,365,0,1,2048,1,0,0.0,0.0,140.0,140.0,6,0,0,718,0,0,0
train,0903-0017.svg,683,370,0,1,2048,1,0,0.0,0.0,140.0,140.0,7,0,0,676,0,0,0
train,0904-0009.svg,1164,688,0,10,2048,1,0,0.0,0.0,140.0,140.0,39,4,0,1121,0,0,0
train,0904-0010.svg,308,126,0,4,2048,1,0,0.0,0.0,140.0,140.0,6,0,0,302,0,0,0
train,0904-0014.svg,751,340,0,10,2048,1,0,0.0,0.0,140.0,140.0,8,0,0,743,0,0,0
train,0904-0017.svg,82,16,0,3,2048,1,0,0.0,0.0,140.0,140.0,3,0,0,79,0,0,0
train,0904-0023.svg,102,26,0,2,2048,1,0,0.0,0.0,140.0,140.0,3,0,0,99,0,0,0
train,0905-0014.svg,274,34,0,1,2048,1,0,0.0,0.0,140.0,140.0,3,0,0,271,0,0,0
train,0905-0018.svg,2985,26,0,2,2048,2,0,0.0,0.0,140.0,140.0,11,0,0,2974,0,0,0
train,0905-0028.svg,549,357,0,5,2048,1,0,0.0,0.0,140.0,140.0,0,0,0,549,0,0,0
train,0905-0040.svg,903,463,0,6,2048,1,0,0.0,0.0,140.0,140.0,2,0,0,901,0,0,0
train,0905-0043.svg,262,61,0,3,2048,1,0,0.0,0.0,140.0,140.0,0,0,0,262,0,0,0
train,0905-0053.svg,3312,261,0,7,2048,2,0,0.0,0.0,140.0,140.0,12,0,0,3300,0,0,0
train,0905-0067.svg,2937,52,0,3,2048,2,0,0.0,0.0,140.0,140.0,12,0,0,2925,0,0,0
train,0906-0003.svg,423,139,0,6,2048,1,0,0.0,0.0,140.0,140.0,5,0,0,418,0,0,0
train,0906-0006.svg,557,264,0,7,2048,1,0,0.0,0.0,140.0,140.0,5,1,0,551,0,0,0
train,0906-0012.svg,593,215,0,5,2048,1,0,0.0,0.0,140.0,140.0,8,0,0,585,0,0,0
train,0907-0004.svg,555,253,0,7,2048,1,0,0.0,0.0,140.0,140.0,6,0,0,549,0,0,0
train,0907-0007.svg,208,41,0,3,2048,1,0,0.0,0.0,140.0,140.0,4,0,0,204,0,0,0
train,0907-0011.svg,370,133,0,5,2048,1,0,0.0,0.0,140.0,140.0,10,0,0,360,0,0,0
train,0908-0009.svg,188,74,0,1,2048,1,0,0.0,0.0,140.0,140.0,0,0,0,188,0,0,0
train,0908-0023.svg,216,48,0,1,2048,1,0,0.0,0.0,140.0,140.0,0,0,0,216,0,0,0
train,0908-0024.svg,223,100,0,1,2048,1,0,0.0,0.0,140.0,140.0,0,0,0,223,0,0,0
train,0908-0032.svg,159,94,0,1,2048,1,0,0.0,0.0,140.0,140.0,0,0,0,159,0,0,0
train,0908-0046.svg,264,85,0,1,2048,1,0,0.0,0.0,140.0,140.0,0,0,0,264,0,0,0
train,0908-0062.svg,323,7,0,1,2048,1,0,0.0,0.0,140.0,140.0,0,0,0,323,0,0,0
train,0908-0079.svg,205,155,0,1,2048,1,0,0.0,0.0,140.0,140.0,0,0,0,205,0,0,0
train,0908-0083.svg,164,112,0,1,2048,1,0,0.0,0.0,140.0,140.0,0,0,0,164,0,0,0
train,0908-0103.svg,274,153,0,1,2048,1,0,0.0,0.0,140.0,140.0,0,0,0,274,0,0,0
train,0908-0108.svg,345,231,0,1,2048,1,0,0.0,0.0,140.0,140.0,0,0,0,345,0,0,0
train,0908-0109.svg,140,22,0,1,2048,1,0,0.0,0.0,140.0,140.0,0,0,0,140,0,0,0
train,0908-0128.svg,207,116,0,1,2048,1,0,0.0,0.0,140.0,140.0,0,0,0,207,0,0,0
train,0908-0136.svg,132,73,0,1,2048,1,0,0.0,0.0,140.0,140.0,0,0,0,132,0,0,0
train,0910-0009.svg,315,209,0,3,2048,1,0,0.0,0.0,140.0,140.0,0,0,0,315,0,0,0
train,0910-0014.svg,504,348,0,7,2048,1,0,0.0,0.0,140.0,140.0,0,0,0,504,0,0,0
train,0911-0034.svg,855,273,0,4,2048,1,0,0.0,0.0,140.0,140.0,0,0,0,855,0,0,0
train,0911-0043.svg,862,278,0,4,2048,1,0,0.0,0.0,140.0,140.0,0,0,0,862,0,0,0
train,0911-0052.svg,716,103,0,3,2048,1,0,0.0,0.0,140.0,140.0,0,0,0,716,0,0,0
train,0911-0060.svg,1206,53,0,3,2048,1,0,0.0,0.0,140.0,140.0,2,0,0,1204,0,0,0
train,0911-0064.svg,750,647,0,8,2048,1,0,0.0,0.0,140.0,140.0,0,0,0,750,0,0,0
train,0911-0078.svg,1395,275,0,4,2048,1,0,0.0,0.0,140.0,140.0,2,0,0,1393,0,0,0
train,0911-0087.svg,622,78,0,1,2048,1,0,0.0,0.0,140.0,140.0,2,0,0,620,0,0,0
train,0912-0004.svg,195,57,0,1,2048,1,0,0.0,0.0,140.0,140.0,7,0,0,188,0,0,0
train,0912-0006.svg,517,215,0,1,2048,1,0,0.0,0.0,140.0,140.0,0,0,0,517,0,0,0
train,0913-0001.svg,1603,860,0,19,2048,1,0,0.0,0.0,140.0,140.0,37,6,0,1560,0,0,0
train,0913-0005.svg,2189,1554,0,22,2048,2,0,0.0,0.0,140.0,140.0,44,0,0,2145,0,0,0
train,0913-0009.svg,2357,1751,0,23,2048,2,0,0.0,0.0,140.0,140.0,37,12,0,2308,0,0,0
train,0913-0022.svg,1263,457,0,9,2048,1,0,0.0,0.0,140.0,140.0,12,6,0,1245,0,0,0
train,0915-0187.svg,1953,4,0,1,2048,1,0,0.0,0.0,140.0,140.0,0,0,0,1953,0,0,0
train,0915-0360.svg,670,390,0,6,2048,1,0,0.0,0.0,140.0,140.0,3,0,0,667,0,0,0
train,0915-0367.svg,2103,4,0,1,2048,2,0,0.0,0.0,140.0,140.0,0,0,0,2103,0,0,0
train,0915-0546.svg,2105,70,0,4,2048,2,0,0.0,0.0,140.0,140.0,0,0,0,2105,0,0,0
train,0915-0549.svg,2454,4,0,1,2048,2,0,0.0,0.0,140.0,140.0,0,0,0,2454,0,0,0
train,0915-0550.svg,2697,27,0,4,2048,2,0,0.0,0.0,140.0,140.0,0,0,0,2697,0,0,0
train,0915-0551.svg,2260,130,0,4,2048,2,0,0.0,0.0,140.0,140.0,0,0,0,2260,0,0,0
train,0915-0724.svg,1527,119,0,5,2048,1,0,0.0,0.0,140.0,140.0,1,0,0,1526,0,0,0
train,0915-1446.svg,314,23,0,1,2048,1,0,0.0,0.0,140.0,140.0,0,0,0,314,0,0,0
train,0915-1620.svg,426,249,0,7,2048,1,0,0.0,0.0,140.0,140.0,1,0,0,425,0,0,0
train,0915-1621.svg,465,239,0,6,2048,1,0,0.0,0.0,140.0,140.0,9,0,0,456,0,0,0
train,0915-1623.svg,186,105,0,3,2048,1,0,0.0,0.0,140.0,140.0,0,0,0,186,0,0,0
train,0915-1626.svg,431,109,0,2,2048,1,0,0.0,0.0,140.0,140.0,0,0,0,431,0,0,0
train,0915-1805.svg,301,69,0,5,2048,1,0,0.0,0.0,140.0,140.0,3,0,0,298,0,0,0
train,0916-0040.svg,544,165,0,4,2048,1,0,0.0,0.0,140.0,140.0,12,0,0,532,0,0,0
train,0916-0041.svg,1613,1109,0,19,2048,1,0,0.0,0.0,140.0,140.0,27,0,0,1586,0,0,0
train,0916-0042.svg,1014,658,0,11,2048,1,0,0.0,0.0,140.0,140.0,16,0,0,998,0,0,0
train,0916-0051.svg,3017,1926,0,22,2048,2,0,0.0,0.0,140.0,140.0,48,6,0,2963,0,0,0
train,0916-0061.svg,2587,1595,0,20,2048,2,0,0.0,0.0,140.0,140.0,52,0,0,2535,0,0,0
train,0917-0007.svg,217,30,0,1,2048,1,0,0.0,0.0,140.0,140.0,5,0,0,212,0,0,0
train,0917-0012.svg,386,146,0,3,2048,1,0,0.0,0.0,140.0,140.0,5,0,0,381,0,0,0
train,0917-0022.svg,386,15,0,2,2048,1,0,0.0,0.0,140.0,140.0,7,0,0,379,0,0,0
train,0918-0011.svg,80,10,0,1,2048,1,0,0.0,0.0,140.0,140.0,3,0,0,77,0,0,0
train,0918-0019.svg,94,6,0,1,2048,1,0,0.0,0.0,140.0,140.0,3,0,0,91,0,0,0
train,0919-0011.svg,1232,416,0,6,2048,1,0,0.0,0.0,140.0,140.0,18,0,0,1214,0,0,0
train,0919-0029.svg,4597,2127,0,15,2048,3,0,0.0,0.0,140.0,140.0,58,0,0,4539,0,0,0
train,0921-0015.svg,44,11,0,1,2048,1,0,0.0,0.0,140.0,140.0,0,0,0,44,0,0,0
train,0922-0010.svg,558,290,0,1,2048,1,0,0.0,0.0,140.0,140.0,8,0,0,550,0,0,0
train,0923-0004.svg,415,8,0,1,2048,1,0,0.0,0.0,140.0,140.0,7,0,0,408,0,0,0
train,0923-0007.svg,354,4,0,1,2048,1,0,0.0,0.0,140.0,140.0,7,0,0,347,0,0,0
train,0923-0010.svg,416,90,0,3,2048,1,0,0.0,0.0,140.0,140.0,8,0,0,408,0,0,0
train,0924-0016.svg,558,91,0,4,2048,1,0,0.0,0.0,140.0,140.0,2,0,0,556,0,0,0
train,0924-0020.svg,551,83,0,3,2048,1,0,0.0,0.0,140.0,140.0,3,0,0,548,0,0,0
train,0924-0025.svg,481,95,0,4,2048,1,0,0.0,0.0,140.0,140.0,6,0,0,475,0,0,0
train,0925-0017.svg,3386,2257,0,22,2048,2,0,0.0,0.0,140.0,140.0,49,12,0,3325,0,0,0
train,0925-0027.svg,1855,1183,0,19,2048,1,0,0.0,0.0,140.0,140.0,43,6,0,1806,0,0,0
train,0925-0029.svg,6047,3669,0,16,2048,3,0,0.0,0.0,140.0,140.0,77,0,0,5970,0,0,0
train,0926-0000.svg,503,100,0,1,2048,1,0,0.0,0.0,140.0,140.0,4,0,0,499,0,0,0
train,0926-0007.svg,526,112,0,1,2048,1,0,0.0,0.0,140.0,140.0,1,0,0,525,0,0,0
train,0926-0029.svg,119,3,0,1,2048,1,0,0.0,0.0,140.0,140.0,0,0,0,119,0,0,0
train,0927-0004.svg,685,492,0,1,2048,1,0,0.0,0.0,140.0,140.0,0,0,0,685,0,0,0
train,0928-0003.svg,502,374,0,2,2048,1,0,0.0,0.0,140.0,140.0,0,0,0,502,0,0,0
train,0929-0012.svg,507,194,0,1,2048,1,0,0.0,0.0,140.0,140.0,6,0,0,501,0,0,0
train,0929-0014.svg,568,214,0,1,2048,1,0,0.0,0.0,140.0,140.0,6,0,0,562,0,0,0
train,0930-0002.svg,134,12,0,2,2048,1,0,0.0,0.0,140.0,140.0,3,0,0,131,0,0,0
train,0930-0003.svg,66,9,0,2,2048,1,0,0.0,0.0,140.0,140.0,2,0,0,64,0,0,0
train,0930-0011.svg,180,20,0,2,2048,1,0,0.0,0.0,140.0,140.0,4,0,0,176,0,0,0
train,0931-0012.svg,4051,633,0,15,2048,2,0,0.0,0.0,140.0,140.0,20,0,0,4031,0,0,0
train,0932-0010.svg,94,17,0,2,2048,1,0,0.0,0.0,140.0,140.0,0,0,0,94,0,0,0
train,0933-0013.svg,790,358,0,6,2048,1,0,0.0,0.0,140.0,140.0,18,2,0,770,0,0,0
train,0933-0018.svg,1183,774,0,8,2048,1,0,0.0,0.0,140.0,140.0,21,0,0,1162,0,0,0
train,0933-0024.svg,460,194,0,7,2048,1,0,0.0,0.0,140.0,140.0,6,0,0,454,0,0,0
train,0936-0027.svg,348,199,0,5,2048,1,0,0.0,0.0,140.0,140.0,0,0,0,348,0,0,0
train,0936-0029.svg,136,30,0,2,2048,1,0,0.0,0.0,140.0,140.0,0,0,0,136,0,0,0
train,0936-0047.svg,142,40,0,3,2048,1,0,0.0,0.0,140.0,140.0,1,0,0,141,0,0,0
train,0936-0051.svg,318,131,0,3,2048,1,0,0.0,0.0,140.0,140.0,1,0,0,317,0,0,0
train,0936-0063.svg,311,62,0,5,2048,1,0,0.0,0.0,140.0,140.0,1,0,0,310,0,0,0
train,0936-0064.svg,304,70,0,3,2048,1,0,0.0,0.0,140.0,140.0,2,0,0,302,0,0,0
train,0936-0075.svg,202,2,0,1,2048,1,0,0.0,0.0,140.0,140.0,2,0,0,200,0,0,0
train,0936-0079.svg,48,6,0,1,2048,1,0,0.0,0.0,140.0,140.0,1,0,0,47,0,0,0
train,0936-0085.svg,424,94,0,4,2048,1,0,0.0,0.0,140.0,140.0,2,0,0,422,0,0,0
train,0936-0095.svg,286,110,0,4,2048,1,0,0.0,0.0,140.0,140.0,0,0,0,286,0,0,0
train,0936-0101.svg,1837,1347,0,10,2048,1,0,0.0,0.0,140.0,140.0,25,0,0,1812,0,0,0
train,0936-0111.svg,167,38,0,2,2048,1,0,0.0,0.0,140.0,140.0,1,0,0,166,0,0,0
train,0936-0117.svg,272,88,0,6,2048,1,0,0.0,0.0,140.0,140.0,5,0,0,267,0,0,0
train,0936-0123.svg,63,4,0,1,2048,1,0,0.0,0.0,140.0,140.0,4,0,0,59,0,0,0
train,0936-0133.svg,274,98,0,5,2048,1,0,0.0,0.0,140.0,140.0,1,0,0,273,0,0,0
train,0936-0137.svg,133,29,0,1,2048,1,0,0.0,0.0,140.0,140.0,0,0,0,133,0,0,0
train,0936-0142.svg,289,64,0,3,2048,1,0,0.0,0.0,140.0,140.0,0,0,0,289,0,0,0
train,0936-0144.svg,325,42,0,2,2048,1,0,0.0,0.0,140.0,140.0,0,0,0,325,0,0,0
train,0936-0156.svg,467,260,0,5,2048,1,0,0.0,0.0,140.0,140.0,2,0,0,465,0,0,0
train,0936-0167.svg,1092,794,0,7,2048,1,0,0.0,0.0,140.0,140.0,13,0,0,1079,0,0,0
train,0936-0168.svg,200,35,0,3,2048,1,0,0.0,0.0,140.0,140.0,0,0,0,200,0,0,0
train,0936-0170.svg,117,16,0,1,2048,1,0,0.0,0.0,140.0,140.0,0,0,0,117,0,0,0
train,0936-0193.svg,763,162,0,3,2048,1,0,0.0,0.0,140.0,140.0,0,0,0,763,0,0,0
train,0936-0202.svg,751,20,0,1,2048,1,0,0.0,0.0,140.0,140.0,2,0,0,749,0,0,0
train,0936-0203.svg,656,30,0,1,2048,1,0,0.0,0.0,140.0,140.0,1,0,0,655,0,0,0
train,0937-0012.svg,476,194,0,1,2048,1,0,0.0,0.0,140.0,140.0,6,0,0,470,0,0,0
train,0938-0000.svg,296,164,0,1,2048,1,0,0.0,0.0,140.0,140.0,6,0,0,290,0,0,0
train,0938-0010.svg,297,126,0,1,2048,1,0,0.0,0.0,140.0,140.0,6,0,0,291,0,0,0
train,0939-0194.svg,441,271,0,4,2048,1,0,0.0,0.0,140.0,140.0,3,0,0,438,0,0,0
train,0939-0195.svg,1855,1600,0,8,2048,1,0,0.0,0.0,140.0,140.0,6,0,0,1849,0,0,0
train,0939-0199.svg,278,83,0,3,2048,1,0,0.0,0.0,140.0,140.0,0,0,0,278,0,0,0
train,0939-0300.svg,164,19,0,2,2048,1,0,0.0,0.0,140.0,140.0,0,0,0,164,0,0,0
train,0939-0302.svg,340,95,0,6,2048,1,0,0.0,0.0,140.0,140.0,6,0,0,334,0,0,0
train,0939-0303.svg,236,12,0,2,2048,1,0,0.0,0.0,140.0,140.0,4,0,0,232,0,0,0
train,0939-0402.svg,278,6,0,1,2048,1,0,0.0,0.0,140.0,140.0,0,0,0,278,0,0,0
train,0939-0504.svg,340,99,0,3,2048,1,0,0.0,0.0,140.0,140.0,1,0,0,339,0,0,0
train,0939-0508.svg,46,6,0,2,2048,1,0,0.0,0.0,140.0,140.0,0,0,0,46,0,0,0
train,0939-0604.svg,322,232,0,3,2048,1,0,0.0,0.0,140.0,140.0,0,0,0,322,0,0,0
train,0939-0605.svg,335,220,0,2,2048,1,0,0.0,0.0,140.0,140.0,0,0,0,335,0,0,0
train,0939-0609.svg,113,6,0,2,2048,1,0,0.0,0.0,140.0,140.0,0,0,0,113,0,0,0
train,0939-0610.svg,52,19,0,1,2048,1,0,0.0,0.0,140.0,140.0,0,0,0,52,0,0,0
train,0939-0705.svg,345,248,0,5,2048,1,0,0.0,0.0,140.0,140.0,1,0,0,344,0,0,0
train,0939-0709.svg,140,61,0,3,2048,1,0,0.0,0.0,140.0,140.0,0,0,0,140,0,0,0
train,0939-0710.svg,127,28,0,3,2048,1,0,0.0,0.0,140.0,140.0,0,0,0,127,0,0,0
train,0940-0008.svg,1585,348,0,8,2048,1,0,0.0,0.0,140.0,140.0,7,8,0,1570,0,0,0
train,0940-0028.svg,5810,404,0,5,2048,3,0,0.0,0.0,140.0,140.0,30,4,0,5776,0,0,0
train,0940-0032.svg,438,275,0,6,2048,1,0,0.0,0.0,140.0,140.0,3,0,0,435,0,0,0
train,0940-0045.svg,5314,337,0,5,2048,3,0,0.0,0.0,140.0,140.0,56,0,0,5258,0,0,0
train,0940-0060.svg,2038,571,0,9,2048,1,0,0.0,0.0,140.0,140.0,10,8,0,2020,0,0,0
train,0940-0069.svg,3033,667,0,9,2048,2,0,0.0,0.0,140.0,140.0,19,14,0,3000,0,0,0
train,0940-0072.svg,414,328,0,3,2048,1,0,0.0,0.0,140.0,140.0,0,0,0,414,0,0,0
train,0940-0076.svg,1722,571,0,9,2048,1,0,0.0,0.0,140.0,140.0,14,14,0,1694,0,0,0
train,0940-0092.svg,765,50,0,1,2048,1,0,0.0,0.0,140.0,140.0,8,0,0,757,0,0,0
train,0940-0112.svg,627,408,0,10,2048,1,0,0.0,0.0,140.0,140.0,3,0,0,624,0,0,0
train,0940-0117.svg,319,148,0,1,2048,1,0,0.0,0.0,140.0,140.0,1,0,0,318,0,0,0
train,0940-0128.svg,287,148,0,5,2048,1,0,0.0,0.0,140.0,140.0,2,0,0,285,0,0,0
train,0940-0130.svg,382,7,0,2,2048,1,0,0.0,0.0,140.0,140.0,0,0,0,382,0,0,0
train,0940-0131.svg,483,25,0,4,2048,1,0,0.0,0.0,140.0,140.0,0,0,0,483,0,0,0
train,0940-0133.svg,150,51,0,2,2048,1,0,0.0,0.0,140.0,140.0,0,0,0,150,0,0,0
train,0940-0148.svg,587,232,0,2,2048,1,0,0.0,0.0,140.0,140.0,1,0,0,586,0,0,0
train,0940-0161.svg,591,219,0,7,2048,1,0,0.0,0.0,140.0,140.0,13,4,0,574,0,0,0
train,0940-0164.svg,553,160,0,1,2048,1,0,0.0,0.0,140.0,140.0,1,0,0,552,0,0,0
train,0940-0169.svg,1070,199,0,6,2048,1,0,0.0,0.0,140.0,140.0,3,3,0,1064,0,0,0
train,0941-0001.svg,139,54,0,2,2048,1,0,0.0,0.0,140.0,140.0,10,0,0,129,0,0,0
train,0941-0021.svg,115,17,0,2,2048,1,0,0.0,0.0,140.0,140.0,0,0,0,115,0,0,0
train,0942-0007.svg,3357,2177,0,18,2048,2,0,0.0,0.0,140.0,140.0,64,12,0,3281,0,0,0
train,0942-0009.svg,1262,372,0,5,2048,1,0,0.0,0.0,140.0,140.0,25,0,0,1237,0,0,0
train,0943-0000.svg,296,107,0,1,2048,1,0,0.0,0.0,140.0,140.0,4,0,0,292,0,0,0
train,0943-0002.svg,227,106,0,1,2048,1,0,0.0,0.0,140.0,140.0,7,0,0,220,0,0,0
train,0943-0008.svg,405,141,0,1,2048,1,0,0.0,0.0,140.0,140.0,3,0,0,402,0,0,0
train,0944-0021.svg,687,514,0,11,2048,1,0,0.0,0.0,140.0,140.0,0,0,0,687,0,0,0
train,0944-0026.svg,293,192,0,5,2048,1,0,0.0,0.0,140.0,140.0,5,0,0,288,0,0,0
train,0944-0029.svg,364,271,0,6,2048,1,0,0.0,0.0,140.0,140.0,6,0,0,358,0,0,0
train,0946-2657.svg,690,598,0,7,2048,1,0,0.0,0.0,140.0,140.0,30,0,0,660,0,0,0
train,0946-2981.svg,285,128,0,4,2048,1,0,0.0,0.0,140.0,140.0,0,0,0,285,0,0,0
train,0946-3065.svg,235,112,0,4,2048,1,0,0.0,0.0,140.0,140.0,0,0,0,235,0,0,0
train,0946-3395.svg,295,124,0,3,2048,1,0,0.0,0.0,140.0,140.0,0,0,0,295,0,0,0
train,0946-3475.svg,283,119,0,5,2048,1,0,0.0,0.0,140.0,140.0,0,0,0,283,0,0,0
train,0946-3560.svg,851,589,0,10,2048,1,0,0.0,0.0,140.0,140.0,44,4,0,803,0,0,0
train,0946-3719.svg,334,224,0,4,2048,1,0,0.0,0.0,140.0,140.0,0,0,0,334,0,0,0
train,0946-3806.svg,241,111,0,4,2048,1,0,0.0,0.0,140.0,140.0,0,0,0,241,0,0,0
train,0946-4213.svg,262,157,0,6,2048,1,0,0.0,0.0,140.0,140.0,0,0,0,262,0,0,0
train,0947-0134.svg,822,80,0,2,2048,1,0,0.0,0.0,140.0,140.0,1,0,0,821,0,0,0
train,0947-0135.svg,1026,242,0,6,2048,1,0,0.0,0.0,140.0,140.0,0,0,0,1026,0,0,0
train,0947-0161.svg,1462,302,0,6,2048,1,0,0.0,0.0,140.0,140.0,0,0,0,1462,0,0,0
train,0947-0164.svg,1161,50,0,1,2048,1,0,0.0,0.0,140.0,140.0,3,0,0,1158,0,0,0
train,0947-0182.svg,1022,31,0,3,2048,1,0,0.0,0.0,140.0,140.0,0,0,0,1022,0,0,0
train,0947-0207.svg,957,4,0,1,2048,1,0,0.0,0.0,140.0,140.0,0,0,0,957,0,0,0
train,0947-0230.svg,1443,416,0,6,2048,1,0,0.0,0.0,140.0,140.0,16,0,0,1427,0,0,0
train,0947-0233.svg,1099,50,0,1,2048,1,0,0.0,0.0,140.0,140.0,0,0,0,1099,0,0,0
train,0947-0236.svg,1110,50,0,1,2048,1,0,0.0,0.0,140.0,140.0,2,0,0,1108,0,0,0
train,0947-0257.svg,1052,48,0,1,2048,1,0,0.0,0.0,140.0,140.0,1,0,0,1051,0,0,0
train,0947-0306.svg,172,74,0,3,2048,1,0,0.0,0.0,140.0,140.0,4,0,0,168,0,0,0
train,0947-0307.svg,442,132,0,3,2048,1,0,0.0,0.0,140.0,140.0,4,0,0,438,0,0,0
train,0949-0016.svg,7591,2591,0,21,2048,4,0,0.0,0.0,140.0,140.0,65,12,0,7514,0,0,0
train,0949-0022.svg,6745,1259,0,19,2048,4,0,0.0,0.0,140.0,140.0,33,6,0,6706,0,0,0
train,0950-0006.svg,318,59,0,2,2048,1,0,0.0,0.0,140.0,140.0,1,0,0,317,0,0,0
train,0950-0008.svg,681,315,0,9,2048,1,0,0.0,0.0,140.0,140.0,5,0,0,676,0,0,0
train,0950-0011.svg,372,99,0,4,2048,1,0,0.0,0.0,140.0,140.0,4,0,0,368,0,0,0
train,0950-0015.svg,394,123,0,6,2048,1,0,0.0,0.0,140.0,140.0,7,0,0,387,0,0,0
train,0950-0018.svg,1039,578,0,9,2048,1,0,0.0,0.0,140.0,140.0,22,0,0,1017,0,0,0
train,0951-0004.svg,2165,1503,0,20,2048,2,0,0.0,0.0,140.0,140.0,40,0,0,2125,0,0,0
train,0951-0007.svg,2985,1999,0,19,2048,2,0,0.0,0.0,140.0,140.0,54,6,0,2925,0,0,0
train,0951-0010.svg,2138,1529,0,20,2048,2,0,0.0,0.0,140.0,140.0,40,0,0,2098,0,0,0
train,0953-0007.svg,279,171,0,1,2048,1,0,0.0,0.0,140.0,140.0,1,0,0,278,0,0,0
train,0953-0009.svg,212,121,0,1,2048,1,0,0.0,0.0,140.0,140.0,3,0,0,209,0,0,0
train,0954-0014.svg,1510,390,0,3,2048,1,0,0.0,0.0,140.0,140.0,10,0,0,1500,0,0,0
train,0954-0015.svg,1465,22,0,2,2048,1,0,0.0,0.0,140.0,140.0,2,0,0,1463,0,0,0
train,0954-0025.svg,1998,115,0,3,2048,1,0,0.0,0.0,140.0,140.0,16,0,0,1982,0,0,0
train,0954-0027.svg,585,264,0,6,2048,1,0,0.0,0.0,140.0,140.0,5,0,0,580,0,0,0
train,0955-0053.svg,120,17,0,1,2048,1,0,0.0,0.0,140.0,140.0,1,0,0,119,0,0,0
train,0955-0054.svg,330,11,0,1,2048,1,0,0.0,0.0,140.0,140.0,1,0,0,329,0,0,0
train,0955-0068.svg,346,10,0,1,2048,1,0,0.0,0.0,140.0,140.0,2,0,0,344,0,0,0
train,0955-0078.svg,72,42,0,2,2048,1,0,0.0,0.0,140.0,140.0,0,0,0,72,0,0,0
train,0955-0085.svg,157,20,0,1,2048,1,0,0.0,0.0,140.0,140.0,4,0,0,153,0,0,0
train,0955-0086.svg,143,89,0,2,2048,1,0,0.0,0.0,140.0,140.0,2,0,0,141,0,0,0
train,0955-0098.svg,551,39,0,4,2048,1,0,0.0,0.0,140.0,140.0,1,0,0,550,0,0,0
train,0955-0100.svg,153,38,0,3,2048,1,0,0.0,0.0,140.0,140.0,2,0,0,151,0,0,0
train,0955-0122.svg,90,53,0,2,2048,1,0,0.0,0.0,140.0,140.0,0,0,0,90,0,0,0
train,0955-0126.svg,136,42,0,3,2048,1,0,0.0,0.0,140.0,140.0,1,0,0,135,0,0,0
train,0955-0128.svg,70,6,0,1,2048,1,0,0.0,0.0,140.0,140.0,1,0,0,69,0,0,0
train,0955-0144.svg,85,10,0,1,2048,1,0,0.0,0.0,140.0,140.0,1,0,0,84,0,0,0
train,0955-0168.svg,353,302,0,6,2048,1,0,0.0,0.0,140.0,140.0,0,0,0,353,0,0,0
train,0955-0173.svg,85,0,0,0,2048,1,0,0.0,0.0,140.0,140.0,1,0,0,84,0,0,0
train,0955-0176.svg,303,42,0,1,2048,1,0,0.0,0.0,140.0,140.0,2,0,0,301,0,0,0
train,0955-0184.svg,82,33,0,4,2048,1,0,0.0,0.0,140.0,140.0,1,0,0,81,0,0,0
train,0955-0188.svg,119,16,0,1,2048,1,0,0.0,0.0,140.0,140.0,1,0,0,118,0,0,0
train,0955-0201.svg,71,11,0,1,2048,1,0,0.0,0.0,140.0,140.0,0,0,0,71,0,0,0
train,0955-0204.svg,102,17,0,1,2048,1,0,0.0,0.0,140.0,140.0,1,0,0,101,0,0,0
train,0955-0206.svg,55,20,0,1,2048,1,0,0.0,0.0,140.0,140.0,2,0,0,53,0,0,0
train,0955-0219.svg,127,38,0,1,2048,1,0,0.0,0.0,140.0,140.0,1,0,0,126,0,0,0
train,0955-0220.svg,131,40,0,3,2048,1,0,0.0,0.0,140.0,140.0,0,0,0,131,0,0,0
train,0955-0228.svg,184,123,0,4,2048,1,0,0.0,0.0,140.0,140.0,0,0,0,184,0,0,0
train,0955-0232.svg,77,16,0,1,2048,1,0,0.0,0.0,140.0,140.0,1,0,0,76,0,0,0
train,0955-0234.svg,120,26,0,2,2048,1,0,0.0,0.0,140.0,140.0,3,0,0,117,0,0,0
train,0955-0251.svg,210,23,0,1,2048,1,0,0.0,0.0,140.0,140.0,0,0,0,210,0,0,0
train,0955-0258.svg,387,329,0,7,2048,1,0,0.0,0.0,140.0,140.0,0,0,0,387,0,0,0
train,0955-0266.svg,102,26,0,1,2048,1,0,0.0,0.0,140.0,140.0,4,0,0,98,0,0,0
train,0955-0275.svg,86,50,0,2,2048,1,0,0.0,0.0,140.0,140.0,0,0,0,86,0,0,0
train,0955-0276.svg,274,16,0,1,2048,1,0,0.0,0.0,140.0,140.0,8,0,0,266,0,0,0
train,0955-0278.svg,100,17,0,1,2048,1,0,0.0,0.0,140.0,140.0,1,0,0,99,0,0,0
train,0955-0295.svg,48,2,0,1,2048,1,0,0.0,0.0,140.0,140.0,3,0,0,45,0,0,0
train,0956-0004.svg,2165,1498,0,20,2048,2,0,0.0,0.0,140.0,140.0,40,0,0,2125,0,0,0
train,0956-0007.svg,2985,2009,0,19,2048,2,0,0.0,0.0,140.0,140.0,54,6,0,2925,0,0,0
train,0956-0008.svg,1194,702,0,12,2048,1,0,0.0,0.0,140.0,140.0,21,12,0,1161,0,0,0
train,0957-0013.svg,2744,1911,0,23,2048,2,0,0.0,0.0,140.0,140.0,42,6,0,2696,0,0,0
train,0957-0046.svg,2793,1866,0,24,2048,2,0,0.0,0.0,140.0,140.0,44,0,0,2749,0,0,0
train,0957-0059.svg,5695,1728,0,11,2048,3,0,0.0,0.0,140.0,140.0,76,0,0,5619,0,0,0
train,0957-0070.svg,3533,380,0,1,2048,2,0,0.0,0.0,140.0,140.0,45,0,0,3488,0,0,0
train,0958-0010.svg,159,15,0,2,2048,1,0,0.0,0.0,140.0,140.0,1,0,0,158,0,0,0
train,0958-0015.svg,107,73,0,2,2048,1,0,0.0,0.0,140.0,140.0,2,0,0,105,0,0,0
train,0958-0030.svg,97,4,0,2,2048,1,0,0.0,0.0,140.0,140.0,1,0,0,96,0,0,0
train,0958-0051.svg,482,256,0,4,2048,1,0,0.0,0.0,140.0,140.0,3,0,0,479,0,0,0
train,0958-0058.svg,114,44,0,3,2048,1,0,0.0,0.0,140.0,140.0,2,0,0,112,0,0,0
train,0958-0060.svg,59,24,0,3,2048,1,0,0.0,0.0,140.0,140.0,2,0,0,57,0,0,0
train,0959-0001.svg,154,3,0,1,2048,1,0,0.0,0.0,140.0,140.0,0,0,0,154,0,0,0
train,0960-0002.svg,186,42,0,2,2048,1,0,0.0,0.0,140.0,140.0,1,0,0,185,0,0,0
train,0960-0011.svg,370,133,0,6,2048,1,0,0.0,0.0,140.0,140.0,10,0,0,360,0,0,0
train,0961-0001.svg,200,133,0,7,2048,1,0,0.0,0.0,140.0,140.0,4,0,0,196,0,0,0
train,0961-0003.svg,213,117,0,4,2048,1,0,0.0,0.0,140.0,140.0,4,0,0,209,0,0,0
train,0961-0013.svg,233,101,0,3,2048,1,0,0.0,0.0,140.0,140.0,0,0,0,233,0,0,0
train,0961-0018.svg,274,166,0,3,2048,1,0,0.0,0.0,140.0,140.0,0,0,0,274,0,0,0
train,0961-0022.svg,369,197,0,2,2048,1,0,0.0,0.0,140.0,140.0,0,0,0,369,0,0,0
train,0961-0035.svg,108,13,0,2,2048,1,0,0.0,0.0,140.0,140.0,2,0,0,106,0,0,0
train,0961-0038.svg,295,190,0,3,2048,1,0,0.0,0.0,140.0,140.0,0,0,0,295,0,0,0
train,0962-0004.svg,597,432,0,1,2048,1,0,0.0,0.0,140.0,140.0,7,0,0,590,0,0,0
train,0962-0006.svg,561,396,0,1,2048,1,0,0.0,0.0,140.0,140.0,8,0,0,553,0,0,0
train,0963-0000.svg,272,90,0,1,2048,1,0,0.0,0.0,140.0,140.0,4,0,0,268,0,0,0
train,0963-0008.svg,347,204,0,1,2048,1,0,0.0,0.0,140.0,140.0,3,0,0,344,0,0,0
train,0964-0004.svg,257,116,0,5,2048,1,0,0.0,0.0,140.0,140.0,11,0,0,246,0,0,0
train,0964-0015.svg,1245,920,0,10,2048,1,0,0.0,0.0,140.0,140.0,17,1,0,1227,0,0,0
train,0964-0020.svg,365,143,0,4,2048,1,0,0.0,0.0,140.0,140.0,3,0,0,362,0,0,0
train,0965-0025.svg,455,165,0,5,2048,1,0,0.0,0.0,140.0,140.0,14,0,0,441,0,0,0
train,0965-0028.svg,107,30,0,2,2048,1,0,0.0,0.0,140.0,140.0,2,0,0,105,0,0,0
train,0965-0032.svg,852,466,0,8,2048,1,0,0.0,0.0,140.0,140.0,18,0,0,834,0,0,0
train,0965-0033.svg,1130,368,0,8,2048,1,0,0.0,0.0,140.0,140.0,52,0,0,1078,0,0,0
train,0965-0039.svg,421,190,0,6,2048,1,0,0.0,0.0,140.0,140.0,0,0,0,421,0,0,0
train,0966-0342.svg,116,28,0,3,2048,1,0,0.0,0.0,140.0,140.0,2,0,0,114,0,0,0
train,0966-0853.svg,338,174,0,7,2048,1,0,0.0,0.0,140.0,140.0,1,0,0,337,0,0,0
train,0966-0981.svg,193,76,0,5,2048,1,0,0.0,0.0,140.0,140.0,0,0,0,193,0,0,0
train,0966-0986.svg,607,332,0,7,2048,1,0,0.0,0.0,140.0,140.0,9,0,0,598,0,0,0
train,0966-1114.svg,579,390,0,8,2048,1,0,0.0,0.0,140.0,140.0,6,0,0,573,0,0,0
train,0966-1371.svg,409,213,0,7,2048,1,0,0.0,0.0,140.0,140.0,5,0,0,404,0,0,0
train,0967-0004.svg,2838,2298,0,21,2048,2,0,0.0,0.0,140.0,140.0,43,0,0,2795,0,0,0
train,0967-0007.svg,3457,3036,0,18,2048,2,0,0.0,0.0,140.0,140.0,59,2,0,3396,0,0,0
train,0967-0009.svg,1205,846,0,12,2048,1,0,0.0,0.0,140.0,140.0,38,0,0,1167,0,0,0
train,0968-0006.svg,472,278,0,3,2048,1,0,0.0,0.0,140.0,140.0,1,0,0,471,0,0,0
train,0969-0002.svg,680,333,0,12,2048,1,0,0.0,0.0,140.0,140.0,17,0,0,663,0,0,0
train,0969-0021.svg,1505,497,0,7,2048,1,0,0.0,0.0,140.0,140.0,24,0,0,1481,0,0,0
train,0970-0006.svg,439,126,0,5,2048,1,0,0.0,0.0,140.0,140.0,2,0,0,437,0,0,0
train,0971-0003.svg,363,192,0,1,2048,1,0,0.0,0.0,140.0,140.0,0,0,0,363,0,0,0
train,0971-0007.svg,324,187,0,1,2048,1,0,0.0,0.0,140.0,140.0,3,0,0,321,0,0,0
train,0972-0016.svg,175,44,0,2,2048,1,0,0.0,0.0,140.0,140.0,8,0,0,167,0,0,0
train,0972-0017.svg,379,98,0,3,2048,1,0,0.0,0.0,140.0,140.0,5,0,0,374,0,0,0
train,0972-0023.svg,114,33,0,1,2048,1,0,0.0,0.0,140.0,140.0,5,0,0,109,0,0,0
train,0973-0004.svg,2721,1687,0,21,2048,2,0,0.0,0.0,140.0,140.0,47,0,0,2674,0,0,0
train,0973-0010.svg,2697,1718,0,22,2048,2,0,0.0,0.0,140.0,140.0,47,0,0,2650,0,0,0
train,0974-0033.svg,87,18,0,1,2048,1,0,0.0,0.0,140.0,140.0,0,0,0,87,0,0,0
train,0974-0053.svg,114,55,0,1,2048,1,0,0.0,0.0,140.0,140.0,0,0,0,114,0,0,0
train,0974-0069.svg,124,73,0,1,2048,1,0,0.0,0.0,140.0,140.0,0,0,0,124,0,0,0
train,0974-0081.svg,83,16,0,1,2048,1,0,0.0,0.0,140.0,140.0,0,0,0,83,0,0,0
train,0974-0211.svg,148,32,0,1,2048,1,0,0.0,0.0,140.0,140.0,0,0,0,148,0,0,0
train,0975-0015.svg,623,495,0,7,2048,1,0,0.0,0.0,140.0,140.0,8,0,0,615,0,0,0
train,0975-0017.svg,1137,64,0,2,2048,1,0,0.0,0.0,140.0,140.0,3,0,0,1134,0,0,0
train,0975-0022.svg,596,503,0,6,2048,1,0,0.0,0.0,140.0,140.0,2,0,0,594,0,0,0
train,0975-0052.svg,119,56,0,2,2048,1,0,0.0,0.0,140.0,140.0,0,0,0,119,0,0,0
train,0976-0009.svg,426,261,0,1,2048,1,0,0.0,0.0,140.0,140.0,0,0,0,426,0,0,0
train,0976-0010.svg,237,132,0,1,2048,1,0,0.0,0.0,140.0,140.0,0,0,0,237,0,0,0
train,0977-0007.svg,349,171,0,1,2048,1,0,0.0,0.0,140.0,140.0,0,0,0,349,0,0,0
train,0978-0009.svg,1771,1034,0,11,2048,1,0,0.0,0.0,140.0,140.0,18,0,0,1753,0,0,0
train,0979-0014.svg,333,238,0,5,2048,1,0,0.0,0.0,140.0,140.0,2,0,0,331,0,0,0
train,0979-0020.svg,474,317,0,5,2048,1,0,0.0,0.0,140.0,140.0,0,0,0,474,0,0,0
train,0979-0044.svg,249,89,0,6,2048,1,0,0.0,0.0,140.0,140.0,4,0,0,245,0,0,0
train,0980-0009.svg,1164,717,0,13,2048,1,0,0.0,0.0,140.0,140.0,39,4,0,1121,0,0,0
train,0980-0018.svg,1183,803,0,9,2048,1,0,0.0,0.0,140.0,140.0,21,0,0,1162,0,0,0
train,0980-0024.svg,460,198,0,7,2048,1,0,0.0,0.0,140.0,140.0,6,0,0,454,0,0,0
train,0981-0004.svg,597,432,0,1,2048,1,0,0.0,0.0,140.0,140.0,7,0,0,590,0,0,0
train,0981-0006.svg,561,382,0,1,2048,1,0,0.0,0.0,140.0,140.0,8,0,0,553,0,0,0
train,0982-0015.svg,633,178,0,5,2048,1,0,0.0,0.0,140.0,140.0,12,0,0,621,0,0,0
train,0982-0021.svg,694,22,0,3,2048,1,0,0.0,0.0,140.0,140.0,4,0,0,690,0,0,0
train,0982-0040.svg,64,4,0,1,2048,1,0,0.0,0.0,140.0,140.0,2,0,0,62,0,0,0
train,0984-0005.svg,463,325,0,6,2048,1,0,0.0,0.0,140.0,140.0,3,0,0,460,0,0,0
train,0984-0010.svg,2044,729,0,10,2048,1,0,0.0,0.0,140.0,140.0,10,0,0,2034,0,0,0
train,0985-0004.svg,257,110,0,5,2048,1,0,0.0,0.0,140.0,140.0,11,0,0,246,0,0,0
train,0985-0008.svg,1237,794,0,9,2048,1,0,0.0,0.0,140.0,140.0,32,4,0,1201,0,0,0
train,0985-0010.svg,1248,880,0,8,2048,1,0,0.0,0.0,140.0,140.0,21,5,0,1222,0,0,0
train,0986-0013.svg,329,184,0,1,2048,1,0,0.0,0.0,140.0,140.0,0,0,0,329,0,0,0
train,0986-0035.svg,357,148,0,1,2048,1,0,0.0,0.0,140.0,140.0,0,0,0,357,0,0,0
train,0987-0016.svg,483,312,0,8,2048,1,0,0.0,0.0,140.0,140.0,7,0,0,476,0,0,0
train,0987-0028.svg,527,297,0,7,2048,1,0,0.0,0.0,140.0,140.0,4,0,0,523,0,0,0
train,0987-0031.svg,854,679,0,7,2048,1,0,0.0,0.0,140.0,140.0,4,0,0,850,0,0,0
train,0987-0038.svg,450,326,0,6,2048,1,0,0.0,0.0,140.0,140.0,2,0,0,448,0,0,0
train,0988-0004.svg,253,47,0,2,2048,1,0,0.0,0.0,140.0,140.0,0,0,0,253,0,0,0
train,0989-0132.svg,1078,921,0,6,2048,1,0,0.0,0.0,140.0,140.0,56,0,0,1022,0,0,0
train,0989-0154.svg,809,57,0,4,2048,1,0,0.0,0.0,140.0,140.0,2,0,0,807,0,0,0
train,0989-0174.svg,606,144,0,3,2048,1,0,0.0,0.0,140.0,140.0,1,0,0,605,0,0,0
train,0989-0235.svg,448,40,0,3,2048,1,0,0.0,0.0,140.0,140.0,3,0,0,445,0,0,0
train,0989-0253.svg,812,232,0,6,2048,1,0,0.0,0.0,140.0,140.0,6,0,0,806,0,0,0
train,0990-0006.svg,994,786,0,10,2048,1,0,0.0,0.0,140.0,140.0,21,6,0,967,0,0,0
train,0990-0025.svg,139,104,0,4,2048,1,0,0.0,0.0,140.0,140.0,2,0,0,137,0,0,0
train,0990-0026.svg,712,649,0,4,2048,1,0,0.0,0.0,140.0,140.0,0,0,0,712,0,0,0
train,0990-0032.svg,390,245,0,7,2048,1,0,0.0,0.0,140.0,140.0,42,8,0,340,0,0,0
train,0990-0033.svg,381,203,0,2,2048,1,0,0.0,0.0,140.0,140.0,60,12,0,309,0,0,0
train,0991-0006.svg,839,334,0,7,2048,1,0,0.0,0.0,140.0,140.0,2,0,0,837,0,0,0
train,0991-0013.svg,891,367,0,7,2048,1,0,0.0,0.0,140.0,140.0,2,0,0,889,0,0,0
train,0991-0017.svg,492,287,0,6,2048,1,0,0.0,0.0,140.0,140.0,2,0,0,490,0,0,0
train,0992-0009.svg,278,48,0,4,2048,1,0,0.0,0.0,140.0,140.0,7,0,0,271,0,0,0
train,0992-0010.svg,1248,855,0,7,2048,1,0,0.0,0.0,140.0,140.0,21,5,0,1222,0,0,0
train,0992-0011.svg,766,418,0,9,2048,1,0,0.0,0.0,140.0,140.0,11,5,0,750,0,0,0
train,0993-0007.svg,381,212,0,1,2048,1,0,0.0,0.0,140.0,140.0,0,0,0,381,0,0,0
train,0993-0013.svg,260,156,0,1,2048,1,0,0.0,0.0,140.0,140.0,0,0,0,260,0,0,0
train,0994-0003.svg,348,183,0,1,2048,1,0,0.0,0.0,140.0,140.0,0,0,0,348,0,0,0
train,0998-0007.svg,1396,101,0,6,2048,1,0,0.0,0.0,140.0,140.0,1,0,0,1395,0,0,0
train,1000-0000.svg,2717,9,0,1,2048,2,0,0.0,0.0,140.0,140.0,0,0,0,2717,0,0,0
train,1000-0010.svg,357,6,0,1,2048,1,0,0.0,0.0,140.0,140.0,0,0,0,357,0,0,0
train,1002-0010.svg,1264,925,0,9,2048,1,0,0.0,0.0,140.0,140.0,37,6,0,1221,0,0,0
train,1002-0019.svg,1146,939,0,11,2048,1,0,0.0,0.0,140.0,140.0,16,6,0,1124,0,0,0
train,1002-0020.svg,471,268,0,7,2048,1,0,0.0,0.0,140.0,140.0,8,0,0,463,0,0,0
train,1002-0022.svg,406,265,0,6,2048,1,0,0.0,0.0,140.0,140.0,0,0,0,406,0,0,0
train,1002-0055.svg,1007,818,0,6,2048,1,0,0.0,0.0,140.0,140.0,0,0,0,1007,0,0,0
train,1002-0063.svg,209,119,0,5,2048,1,0,0.0,0.0,140.0,140.0,1,0,0,208,0,0,0
train,1002-0073.svg,714,460,0,8,2048,1,0,0.0,0.0,140.0,140.0,31,2,0,681,0,0,0
train,1002-0074.svg,345,178,0,8,2048,1,0,0.0,0.0,140.0,140.0,13,2,0,330,0,0,0
train,1003-0004.svg,1821,78,0,1,2048,1,0,0.0,0.0,140.0,140.0,0,0,0,1821,0,0,0
train,1003-0009.svg,300,170,0,1,2048,1,0,0.0,0.0,140.0,140.0,0,0,0,300,0,0,0
train,1003-0011.svg,232,86,0,1,2048,1,0,0.0,0.0,140.0,140.0,0,0,0,232,0,0,0
train,1004-0009.svg,875,444,0,6,2048,1,0,0.0,0.0,140.0,140.0,0,0,0,875,0,0,0
train,1004-0012.svg,462,237,0,4,2048,1,0,0.0,0.0,140.0,140.0,0,0,0,462,0,0,0
train,1005-0020.svg,139,15,0,1,2048,1,0,0.0,0.0,140.0,140.0,2,0,0,137,0,0,0
train,1005-0025.svg,66,7,0,1,2048,1,0,0.0,0.0,140.0,140.0,1,0,0,65,0,0,0
train,1006-0000.svg,461,298,0,1,2048,1,0,0.0,0.0,140.0,140.0,6,0,0,455,0,0,0
train,1006-0006.svg,595,396,0,1,2048,1,0,0.0,0.0,140.0,140.0,8,0,0,587,0,0,0
train,1007-0050.svg,256,30,0,1,2048,1,0,0.0,0.0,140.0,140.0,8,0,0,248,0,0,0
train,1007-0051.svg,3017,1785,0,21,2048,2,0,0.0,0.0,140.0,140.0,48,6,0,2963,0,0,0
train,1007-0061.svg,2587,1584,0,21,2048,2,0,0.0,0.0,140.0,140.0,52,0,0,2535,0,0,0
train,1008-0126.svg,200,79,0,4,2048,1,0,0.0,0.0,140.0,140.0,5,0,0,195,0,0,0
train,1008-0133.svg,278,77,0,5,2048,1,0,0.0,0.0,140.0,140.0,1,0,0,277,0,0,0
train,1008-0150.svg,455,301,0,5,2048,1,0,0.0,0.0,140.0,140.0,0,0,0,455,0,0,0
train,1008-0154.svg,282,51,0,3,2048,1,0,0.0,0.0,140.0,140.0,0,0,0,282,0,0,0
train,1008-0196.svg,646,210,0,7,2048,1,0,0.0,0.0,140.0,140.0,14,0,0,632,0,0,0
train,1008-0300.svg,97,5,0,2,2048,1,0,0.0,0.0,140.0,140.0,4,0,0,93,0,0,0
train,1009-0013.svg,133,37,0,2,2048,1,0,0.0,0.0,140.0,140.0,0,0,0,133,0,0,0
train,1009-0021.svg,138,63,0,2,2048,1,0,0.0,0.0,140.0,140.0,0,0,0,138,0,0,0
train,1010-0016.svg,578,287,0,1,2048,1,0,0.0,0.0,140.0,140.0,0,0,0,578,0,0,0
train,1010-0044.svg,741,425,0,5,2048,1,0,0.0,0.0,140.0,140.0,4,0,0,737,0,0,0
train,1010-0046.svg,599,86,0,5,2048,1,0,0.0,0.0,140.0,140.0,2,0,0,597,0,0,0
train,1010-0050.svg,381,185,0,2,2048,1,0,0.0,0.0,140.0,140.0,0,0,0,381,0,0,0
train,1010-0070.svg,1020,690,0,7,2048,1,0,0.0,0.0,140.0,140.0,4,0,0,1016,0,0,0
train,1010-0071.svg,2999,2487,0,8,2048,2,0,0.0,0.0,140.0,140.0,8,0,0,2991,0,0,0
train,1010-0086.svg,544,118,0,4,2048,1,0,0.0,0.0,140.0,140.0,1,0,0,543,0,0,0
train,1011-0037.svg,742,8,0,1,2048,1,0,0.0,0.0,140.0,140.0,0,0,0,742,0,0,0
train,1011-0038.svg,1287,50,0,2,2048,1,0,0.0,0.0,140.0,140.0,0,0,0,1287,0,0,0
train,1011-0093.svg,915,58,0,1,2048,1,0,0.0,0.0,140.0,140.0,0,0,0,915,0,0,0
train,1012-0900.svg,123,33,0,2,2048,1,0,0.0,0.0,140.0,140.0,0,0,0,123,0,0,0
train,1012-0901.svg,97,23,0,2,2048,1,0,0.0,0.0,140.0,140.0,0,0,0,97,0,0,0
train,1012-1009.svg,82,16,0,1,2048,1,0,0.0,0.0,140.0,140.0,0,0,0,82,0,0,0
train,1013-0009.svg,464,244,0,1,2048,1,0,0.0,0.0,140.0,140.0,6,0,0,458,0,0,0
train,1013-0012.svg,513,204,0,1,2048,1,0,0.0,0.0,140.0,140.0,8,0,0,505,0,0,0
train,1013-0015.svg,483,254,0,1,2048,1,0,0.0,0.0,140.0,140.0,6,0,0,477,0,0,0
train,1014-0015.svg,407,119,0,5,2048,1,0,0.0,0.0,140.0,140.0,7,0,0,400,0,0,0
train,1014-0016.svg,168,10,0,1,2048,1,0,0.0,0.0,140.0,140.0,1,0,0,167,0,0,0
train,1014-0020.svg,139,8,0,1,2048,1,0,0.0,0.0,140.0,140.0,2,0,0,137,0,0,0
train,1014-0021.svg,300,106,0,4,2048,1,0,0.0,0.0,140.0,140.0,6,0,0,294,0,0,0
train,1017-0009.svg,1647,923,0,10,2048,1,0,0.0,0.0,140.0,140.0,17,0,0,1630,0,0,0
train,1018-0017.svg,90,3,0,1,2048,1,0,0.0,0.0,140.0,140.0,7,0,0,83,0,0,0
train,1020-0016.svg,258,61,0,3,2048,1,0,0.0,0.0,140.0,140.0,1,0,0,257,0,0,0
train,1020-0018.svg,1039,594,0,9,2048,1,0,0.0,0.0,140.0,140.0,22,0,0,1017,0,0,0
train,1020-0019.svg,340,153,0,6,2048,1,0,0.0,0.0,140.0,140.0,10,0,0,330,0,0,0
train,1021-0007.svg,616,301,0,9,2048,1,0,0.0,0.0,140.0,140.0,7,0,0,609,0,0,0
train,1021-0011.svg,327,164,0,6,2048,1,0,0.0,0.0,140.0,140.0,4,0,0,323,0,0,0
train,1021-0012.svg,410,227,0,7,2048,1,0,0.0,0.0,140.0,140.0,5,0,0,405,0,0,0
train,1021-0013.svg,605,396,0,7,2048,1,0,0.0,0.0,140.0,140.0,4,0,0,601,0,0,0
train,1021-0015.svg,1307,975,0,9,2048,1,0,0.0,0.0,140.0,140.0,28,5,0,1274,0,0,0
train,1021-0016.svg,464,225,0,6,2048,1,0,0.0,0.0,140.0,140.0,12,5,0,447,0,0,0
train,1022-0004.svg,2410,1649,0,20,2048,2,0,0.0,0.0,140.0,140.0,47,0,0,2363,0,0,0
train,1022-0007.svg,3131,2025,0,17,2048,2,0,0.0,0.0,140.0,140.0,66,12,0,3053,0,0,0
train,1022-0010.svg,2403,1651,0,21,2048,2,0,0.0,0.0,140.0,140.0,47,0,0,2356,0,0,0
train,1023-0004.svg,282,116,0,1,2048,1,0,0.0,0.0,140.0,140.0,4,0,0,278,0,0,0
train,1024-0010.svg,681,550,0,9,2048,1,0,0.0,0.0,140.0,140.0,0,0,0,681,0,0,0
train,1024-0021.svg,539,419,0,5,2048,1,0,0.0,0.0,140.0,140.0,0,0,0,539,0,0,0
train,1024-0024.svg,299,206,0,6,2048,1,0,0.0,0.0,140.0,140.0,6,0,0,293,0,0,0
train,1025-0006.svg,670,581,0,8,2048,1,0,0.0,0.0,140.0,140.0,6,0,0,664,0,0,0
train,1025-0016.svg,136,88,0,3,2048,1,0,0.0,0.0,140.0,140.0,0,0,0,136,0,0,0
train,1025-0033.svg,199,102,0,3,2048,1,0,0.0,0.0,140.0,140.0,0,0,0,199,0,0,0
train,1026-0004.svg,2410,1676,0,22,2048,2,0,0.0,0.0,140.0,140.0,47,0,0,2363,0,0,0
train,1026-0007.svg,3131,2074,0,18,2048,2,0,0.0,0.0,140.0,140.0,66,12,0,3053,0,0,0
train,1027-0038.svg,6072,547,0,5,2048,3,0,0.0,0.0,140.0,140.0,3,0,0,6069,0,0,0
train,1027-0039.svg,7667,676,0,3,2048,4,0,0.0,0.0,140.0,140.0,1,0,0,7666,0,0,0
train,1027-0045.svg,845,627,0,5,2048,1,0,0.0,0.0,140.0,140.0,3,0,0,842,0,0,0
train,1027-0047.svg,4746,898,0,4,2048,3,0,0.0,0.0,140.0,140.0,1,0,0,4745,0,0,0
train,1027-0052.svg,604,282,0,9,2048,1,0,0.0,0.0,140.0,140.0,3,0,0,601,0,0,0
train,1027-0061.svg,3026,371,0,6,2048,2,0,0.0,0.0,140.0,140.0,2,0,0,3024,0,0,0
train,1027-0075.svg,562,212,0,6,2048,1,0,0.0,0.0,140.0,140.0,1,0,0,561,0,0,0
train,1027-0078.svg,2686,1492,0,10,2048,2,0,0.0,0.0,140.0,140.0,13,0,0,2673,0,0,0
train,1027-0085.svg,2440,2335,0,2,2048,2,0,0.0,0.0,140.0,140.0,1,0,0,2439,0,0,0
train,1027-0088.svg,581,133,0,5,2048,1,0,0.0,0.0,140.0,140.0,6,0,0,575,0,0,0
train,1027-0099.svg,1335,100,0,4,2048,1,0,0.0,0.0,140.0,140.0,21,0,0,1314,0,0,0
train,1027-0100.svg,773,98,0,4,2048,1,0,0.0,0.0,140.0,140.0,12,0,0,761,0,0,0
train,1027-0108.svg,332,124,0,5,2048,1,0,0.0,0.0,140.0,140.0,3,0,0,329,0,0,0
train,1028-0004.svg,597,432,0,1,2048,1,0,0.0,0.0,140.0,140.0,7,0,0,590,0,0,0
train,1029-0001.svg,473,315,0,8,2048,1,0,0.0,0.0,140.0,140.0,24,1,0,448,0,0,0
train,1029-0011.svg,486,421,0,8,2048,1,0,0.0,0.0,140.0,140.0,2,0,0,484,0,0,0
train,1029-0012.svg,227,134,0,5,2048,1,0,0.0,0.0,140.0,140.0,0,0,0,227,0,0,0
train,1029-0018.svg,100,23,0,1,2048,1,0,0.0,0.0,140.0,140.0,0,0,0,100,0,0,0
train,1029-0026.svg,655,580,0,4,2048,1,0,0.0,0.0,140.0,140.0,0,0,0,655,0,0,0
train,1029-0036.svg,776,500,0,9,2048,1,0,0.0,0.0,140.0,140.0,31,2,0,743,0,0,0
train,1029-0037.svg,319,161,0,6,2048,1,0,0.0,0.0,140.0,140.0,15,2,0,302,0,0,0
train,1031-0022.svg,3140,1800,0,22,2048,2,0,0.0,0.0,140.0,140.0,46,0,0,3094,0,0,0
train,1031-0029.svg,6047,2830,0,16,2048,3,0,0.0,0.0,140.0,140.0,77,0,0,5970,0,0,0
train,1031-0034.svg,4736,336,0,1,2048,3,0,0.0,0.0,140.0,140.0,42,0,0,4694,0,0,0
train,1032-0001.svg,467,138,0,1,2048,1,0,0.0,0.0,140.0,140.0,4,0,0,463,0,0,0
train,1032-0004.svg,467,142,0,1,2048,1,0,0.0,0.0,140.0,140.0,0,0,0,467,0,0,0
train,1032-0007.svg,521,172,0,1,2048,1,0,0.0,0.0,140.0,140.0,0,0,0,521,0,0,0
train,1033-0014.svg,91,16,0,1,2048,1,0,0.0,0.0,140.0,140.0,0,0,0,91,0,0,0
train,1033-0020.svg,139,20,0,1,2048,1,0,0.0,0.0,140.0,140.0,2,0,0,137,0,0,0
train,1034-0004.svg,218,108,0,1,2048,1,0,0.0,0.0,140.0,140.0,4,0,0,214,0,0,0
train,1035-0034.svg,1282,465,0,11,2048,1,0,0.0,0.0,140.0,140.0,24,0,0,1258,0,0,0
train,1035-0047.svg,478,246,0,4,2048,1,0,0.0,0.0,140.0,140.0,7,0,0,471,0,0,0
train,1036-0000.svg,272,90,0,1,2048,1,0,0.0,0.0,140.0,140.0,4,0,0,268,0,0,0
train,1037-0012.svg,870,90,0,5,2048,1,0,0.0,0.0,140.0,140.0,4,0,0,866,0,0,0
train,1037-0015.svg,496,112,0,4,2048,1,0,0.0,0.0,140.0,140.0,2,0,0,494,0,0,0
train,1037-0019.svg,449,124,0,4,2048,1,0,0.0,0.0,140.0,140.0,1,0,0,448,0,0,0
train,1037-0022.svg,766,155,0,4,2048,1,0,0.0,0.0,140.0,140.0,5,0,0,761,0,0,0
train,1037-0026.svg,872,463,0,3,2048,1,0,0.0,0.0,140.0,140.0,12,0,0,860,0,0,0
train,1039-0306.svg,541,289,0,4,2048,1,0,0.0,0.0,140.0,140.0,1,0,0,540,0,0,0
train,1039-0347.svg,2787,1508,0,8,2048,2,0,0.0,0.0,140.0,140.0,75,0,0,2712,0,0,0
train,1039-0642.svg,470,172,0,6,2048,1,0,0.0,0.0,140.0,140.0,1,0,0,469,0,0,0
train,1039-0680.svg,149,116,0,2,2048,1,0,0.0,0.0,140.0,140.0,0,0,0,149,0,0,0
train,1039-0716.svg,2982,867,0,9,2048,2,0,0.0,0.0,140.0,140.0,24,1,0,2957,0,0,0
train,1039-0721.svg,123,66,0,3,2048,1,0,0.0,0.0,140.0,140.0,0,0,0,123,0,0,0
train,1039-0881.svg,1181,291,0,5,2048,1,0,0.0,0.0,140.0,140.0,2,0,0,1179,0,0,0
train,1040-0013.svg,2744,1859,0,23,2048,2,0,0.0,0.0,140.0,140.0,42,6,0,2696,0,0,0
train,1040-0014.svg,595,293,0,8,2048,1,0,0.0,0.0,140.0,140.0,12,3,0,580,0,0,0
train,1040-0034.svg,1282,436,0,10,2048,1,0,0.0,0.0,140.0,140.0,24,0,0,1258,0,0,0
train,1040-0035.svg,3314,2181,0,21,2048,2,0,0.0,0.0,140.0,140.0,49,12,0,3253,0,0,0
train,1040-0048.svg,354,26,0,1,2048,1,0,0.0,0.0,140.0,140.0,11,0,0,343,0,0,0
train,1040-0057.svg,1862,1183,0,17,2048,1,0,0.0,0.0,140.0,140.0,44,6,0,1812,0,0,0
train,1041-0006.svg,459,165,0,7,2048,1,0,0.0,0.0,140.0,140.0,0,0,0,459,0,0,0
train,1041-0012.svg,488,235,0,7,2048,1,0,0.0,0.0,140.0,140.0,1,0,0,487,0,0,0
train,1041-0015.svg,1245,910,0,8,2048,1,0,0.0,0.0,140.0,140.0,17,1,0,1227,0,0,0
train,1042-0001.svg,437,151,0,5,2048,1,0,0.0,0.0,140.0,140.0,13,0,0,424,0,0,0
train,1042-0002.svg,919,245,0,7,2048,1,0,0.0,0.0,140.0,140.0,18,0,0,901,0,0,0
train,1042-0025.svg,515,273,0,7,2048,1,0,0.0,0.0,140.0,140.0,5,0,0,510,0,0,0
train,1042-0026.svg,968,639,0,10,2048,1,0,0.0,0.0,140.0,140.0,1,0,0,967,0,0,0
train,1042-0049.svg,617,352,0,8,2048,1,0,0.0,0.0,140.0,140.0,13,0,0,604,0,0,0
train,1042-0098.svg,1071,456,0,8,2048,1,0,0.0,0.0,140.0,140.0,4,0,0,1067,0,0,0
train,1042-0148.svg,8455,154,0,1,2048,5,0,0.0,0.0,140.0,140.0,3,0,0,8452,0,0,0
train,1043-0048.svg,111,77,0,1,2048,1,0,0.0,0.0,140.0,140.0,3,0,0,108,0,0,0
train,1044-0038.svg,6072,523,0,5,2048,3,0,0.0,0.0,140.0,140.0,3,0,0,6069,0,0,0
train,1044-0040.svg,9971,422,0,1,2048,5,0,0.0,0.0,140.0,140.0,0,0,0,9971,0,0,0
train,1044-0046.svg,1420,1195,0,6,2048,1,0,0.0,0.0,140.0,140.0,5,0,0,1415,0,0,0
train,1044-0051.svg,822,444,0,10,2048,1,0,0.0,0.0,140.0,140.0,3,0,0,819,0,0,0
train,1044-0054.svg,2952,84,0,4,2048,2,0,0.0,0.0,140.0,140.0,2,0,0,2950,0,0,0
train,1044-0057.svg,6086,100,0,1,2048,3,0,0.0,0.0,140.0,140.0,0,0,0,6086,0,0,0
train,1044-0081.svg,492,173,0,4,2048,1,0,0.0,0.0,140.0,140.0,3,0,0,489,0,0,0
train,1044-0086.svg,822,669,0,5,2048,1,0,0.0,0.0,140.0,140.0,1,0,0,821,0,0,0
train,1044-0089.svg,365,57,0,3,2048,1,0,0.0,0.0,140.0,140.0,3,0,0,362,0,0,0
train,1044-0092.svg,1970,1584,0,6,2048,1,0,0.0,0.0,140.0,140.0,3,0,0,1967,0,0,0
train,1044-0106.svg,529,12,0,1,2048,1,0,0.0,0.0,140.0,140.0,5,0,0,524,0,0,0
train,1045-0006.svg,459,158,0,5,2048,1,0,0.0,0.0,140.0,140.0,0,0,0,459,0,0,0
train,1045-0007.svg,682,291,0,10,2048,1,0,0.0,0.0,140.0,140.0,8,0,0,674,0,0,0
train,1045-0010.svg,1248,856,0,7,2048,1,0,0.0,0.0,140.0,140.0,21,5,0,1222,0,0,0
train,1045-0015.svg,1245,906,0,9,2048,1,0,0.0,0.0,140.0,140.0,17,1,0,1227,0,0,0
train,1046-0004.svg,347,187,0,1,2048,1,0,0.0,0.0,140.0,140.0,0,0,0,347,0,0,0
train,1047-0672.svg,217,61,0,2,2048,1,0,0.0,0.0,140.0,140.0,6,0,0,211,0,0,0
train,1047-0673.svg,430,298,0,5,2048,1,0,0.0,0.0,140.0,140.0,0,0,0,430,0,0,0
train,1047-0678.svg,259,86,0,2,2048,1,0,0.0,0.0,140.0,140.0,0,0,0,259,0,0,0
train,1047-0695.svg,545,386,0,6,2048,1,0,0.0,0.0,140.0,140.0,0,0,0,545,0,0,0
train,1047-0696.svg,322,182,0,5,2048,1,0,0.0,0.0,140.0,140.0,0,0,0,322,0,0,0
train,1047-0717.svg,324,89,0,2,2048,1,0,0.0,0.0,140.0,140.0,2,0,0,322,0,0,0
train,1047-0740.svg,109,12,0,1,2048,1,0,0.0,0.0,140.0,140.0,2,0,0,107,0,0,0
train,1048-0000.svg,441,298,0,1,2048,1,0,0.0,0.0,140.0,140.0,6,0,0,435,0,0,0
train,1048-0004.svg,605,252,0,1,2048,1,0,0.0,0.0,140.0,140.0,7,0,0,598,0,0,0
train,1048-0006.svg,566,396,0,1,2048,1,0,0.0,0.0,140.0,140.0,8,0,0,558,0,0,0
train,1049-0000.svg,244,100,0,1,2048,1,0,0.0,0.0,140.0,140.0,7,0,0,237,0,0,0
train,1050-0003.svg,2242,1611,0,17,2048,2,0,0.0,0.0,140.0,140.0,52,0,0,2190,0,0,0
train,1051-0006.svg,476,262,0,5,2048,1,0,0.0,0.0,140.0,140.0,12,0,0,464,0,0,0
train,1052-0011.svg,609,476,0,9,2048,1,0,0.0,0.0,140.0,140.0,2,0,0,607,0,0,0
train,1052-0016.svg,497,294,0,6,2048,1,0,0.0,0.0,140.0,140.0,7,0,0,490,0,0,0
train,1052-0020.svg,72,18,0,1,2048,1,0,0.0,0.0,140.0,140.0,1,0,0,71,0,0,0
train,1052-0023.svg,626,407,0,6,2048,1,0,0.0,0.0,140.0,140.0,8,0,0,618,0,0,0
train,1053-0014.svg,751,351,0,11,2048,1,0,0.0,0.0,140.0,140.0,8,0,0,743,0,0,0
train,1053-0025.svg,306,156,0,5,2048,1,0,0.0,0.0,140.0,140.0,1,0,0,305,0,0,0
train,1053-0030.svg,1089,734,0,8,2048,1,0,0.0,0.0,140.0,140.0,22,0,0,1067,0,0,0
train,1054-0012.svg,210,57,0,2,2048,1,0,0.0,0.0,140.0,140.0,0,0,0,210,0,0,0
train,1054-0014.svg,144,23,0,2,2048,1,0,0.0,0.0,140.0,140.0,1,0,0,143,0,0,0
train,1056-0061.svg,2587,1589,0,21,2048,2,0,0.0,0.0,140.0,140.0,52,0,0,2535,0,0,0
train,1057-0007.svg,616,312,0,9,2048,1,0,0.0,0.0,140.0,140.0,7,0,0,609,0,0,0
train,1057-0015.svg,1307,987,0,9,2048,1,0,0.0,0.0,140.0,140.0,28,5,0,1274,0,0,0
train,1057-0016.svg,464,233,0,6,2048,1,0,0.0,0.0,140.0,140.0,12,5,0,447,0,0,0
train,1057-0021.svg,244,99,0,4,2048,1,0,0.0,0.0,140.0,140.0,5,0,0,239,0,0,0
train,1057-0025.svg,1237,865,0,8,2048,1,0,0.0,0.0,140.0,140.0,29,5,0,1203,0,0,0
train,1058-0004.svg,340,142,0,1,2048,1,0,0.0,0.0,140.0,140.0,0,0,0,340,0,0,0
train,1058-0007.svg,374,224,0,1,2048,1,0,0.0,0.0,140.0,140.0,0,0,0,374,0,0,0
train,1059-0006.svg,520,277,0,1,2048,1,0,0.0,0.0,140.0,140.0,7,0,0,513,0,0,0
train,1059-0012.svg,513,206,0,1,2048,1,0,0.0,0.0,140.0,140.0,8,0,0,505,0,0,0
train,1060-0009.svg,367,247,0,5,2048,1,0,0.0,0.0,140.0,140.0,0,0,0,367,0,0,0
train,1060-0014.svg,527,376,0,7,2048,1,0,0.0,0.0,140.0,140.0,0,0,0,527,0,0,0
train,1061-0294.svg,423,97,0,1,2048,1,0,0.0,0.0,140.0,140.0,5,0,0,418,0,0,0
train,1061-0297.svg,400,151,0,1,2048,1,0,0.0,0.0,140.0,140.0,4,0,0,396,0,0,0
train,1061-0306.svg,393,91,0,1,2048,1,0,0.0,0.0,140.0,140.0,2,0,0,391,0,0,0
train,1061-0309.svg,380,147,0,1,2048,1,0,0.0,0.0,140.0,140.0,4,0,0,376,0,0,0
train,1062-0012.svg,1125,481,0,13,2048,1,0,0.0,0.0,140.0,140.0,26,0,0,1099,0,0,0
train,1062-0013.svg,2744,1757,0,23,2048,2,0,0.0,0.0,140.0,140.0,42,6,0,2696,0,0,0
train,1062-0023.svg,1301,595,0,12,2048,1,0,0.0,0.0,140.0,140.0,25,0,0,1276,0,0,0
train,1062-0024.svg,2830,2078,0,24,2048,2,0,0.0,0.0,140.0,140.0,45,0,0,2785,0,0,0
train,1062-0035.svg,3314,2319,0,23,2048,2,0,0.0,0.0,140.0,140.0,49,12,0,3253,0,0,0
train,1062-0058.svg,382,147,0,7,2048,1,0,0.0,0.0,140.0,140.0,10,3,0,369,0,0,0
train,1062-0070.svg,3533,1055,0,11,2048,2,0,0.0,0.0,140.0,140.0,45,0,0,3488,0,0,0
train,1063-0006.svg,677,575,0,8,2048,1,0,0.0,0.0,140.0,140.0,6,0,0,671,0,0,0
train,1063-0007.svg,834,568,0,8,2048,1,0,0.0,0.0,140.0,140.0,21,0,0,813,0,0,0
train,1063-0022.svg,1027,786,0,7,2048,1,0,0.0,0.0,140.0,140.0,20,0,0,1007,0,0,0
train,1063-0028.svg,527,289,0,6,2048,1,0,0.0,0.0,140.0,140.0,4,0,0,523,0,0,0
train,1063-0033.svg,455,287,0,3,2048,1,0,0.0,0.0,140.0,140.0,0,0,0,455,0,0,0
train,1064-0014.svg,91,6,0,1,2048,1,0,0.0,0.0,140.0,140.0,0,0,0,91,0,0,0
train,1064-0026.svg,106,8,0,1,2048,1,0,0.0,0.0,140.0,140.0,0,0,0,106,0,0,0
train,1065-0008.svg,617,251,0,8,2048,1,0,0.0,0.0,140.0,140.0,3,0,0,614,0,0,0
train,1065-0012.svg,415,115,0,4,2048,1,0,0.0,0.0,140.0,140.0,5,0,0,410,0,0,0
train,1065-0014.svg,751,354,0,11,2048,1,0,0.0,0.0,140.0,140.0,8,0,0,743,0,0,0
train,1065-0018.svg,1183,796,0,9,2048,1,0,0.0,0.0,140.0,140.0,21,0,0,1162,0,0,0
train,1066-0014.svg,124,26,0,1,2048,1,0,0.0,0.0,140.0,140.0,0,0,0,124,0,0,0
train,1066-0033.svg,580,440,0,5,2048,1,0,0.0,0.0,140.0,140.0,4,0,0,576,0,0,0
train,1066-0035.svg,424,261,0,5,2048,1,0,0.0,0.0,140.0,140.0,2,0,0,422,0,0,0
train,1066-0042.svg,437,10,0,1,2048,1,0,0.0,0.0,140.0,140.0,0,0,0,437,0,0,0
train,1066-0046.svg,493,289,0,5,2048,1,0,0.0,0.0,140.0,140.0,2,0,0,491,0,0,0
train,1066-0057.svg,350,138,0,3,2048,1,0,0.0,0.0,140.0,140.0,4,0,0,346,0,0,0
train,1066-0087.svg,227,101,0,3,2048,1,0,0.0,0.0,140.0,140.0,0,0,0,227,0,0,0
train,1067-0013.svg,469,205,0,1,2048,1,0,0.0,0.0,140.0,140.0,0,0,0,469,0,0,0
train,1068-0003.svg,958,626,0,8,2048,1,0,0.0,0.0,140.0,140.0,8,0,0,950,0,0,0
train,1069-0008.svg,617,268,0,7,2048,1,0,0.0,0.0,140.0,140.0,3,0,0,614,0,0,0
train,1069-0014.svg,751,366,0,10,2048,1,0,0.0,0.0,140.0,140.0,8,0,0,743,0,0,0
train,1069-0015.svg,1006,606,0,9,2048,1,0,0.0,0.0,140.0,140.0,27,4,0,975,0,0,0
train,1069-0018.svg,1183,750,0,8,2048,1,0,0.0,0.0,140.0,140.0,21,0,0,1162,0,0,0
train,1069-0019.svg,892,545,0,9,2048,1,0,0.0,0.0,140.0,140.0,19,5,0,868,0,0,0
train,1070-0004.svg,2831,1695,0,21,2048,2,0,0.0,0.0,140.0,140.0,46,0,0,2785,0,0,0
train,1071-0004.svg,417,246,0,8,2048,1,0,0.0,0.0,140.0,140.0,6,0,0,411,0,0,0
train,1072-0008.svg,1833,739,0,15,2048,1,0,0.0,0.0,140.0,140.0,22,0,0,1811,0,0,0
train,1072-0009.svg,2847,1953,0,19,2048,2,0,0.0,0.0,140.0,140.0,59,0,0,2788,0,0,0
train,1072-0013.svg,2757,1981,0,19,2048,2,0,0.0,0.0,140.0,140.0,48,0,0,2709,0,0,0
train,1073-0009.svg,464,188,0,1,2048,1,0,0.0,0.0,140.0,140.0,6,0,0,458,0,0,0
train,1074-0009.svg,230,4,0,1,2048,1,0,0.0,0.0,140.0,140.0,3,0,0,227,0,0,0
train,1074-0017.svg,90,12,0,1,2048,1,0,0.0,0.0,140.0,140.0,7,0,0,83,0,0,0
train,1074-0018.svg,85,10,0,1,2048,1,0,0.0,0.0,140.0,140.0,6,0,0,79,0,0,0
train,1075-0000.svg,401,175,0,1,2048,1,0,0.0,0.0,140.0,140.0,0,0,0,401,0,0,0
train,1075-0001.svg,538,280,0,1,2048,1,0,0.0,0.0,140.0,140.0,0,0,0,538,0,0,0
train,1076-0005.svg,2809,980,0,11,2048,2,0,0.0,0.0,140.0,140.0,14,4,0,2791,0,0,0
train,1076-0009.svg,2769,934,0,11,2048,2,0,0.0,0.0,140.0,140.0,17,0,0,2752,0,0,0
train,1076-0013.svg,2940,944,0,8,2048,2,0,0.0,0.0,140.0,140.0,17,6,0,2917,0,0,0
train,1077-0022.svg,118,64,0,1,2048,1,0,0.0,0.0,140.0,140.0,0,0,0,118,0,0,0
train,1077-0024.svg,223,74,0,1,2048,1,0,0.0,0.0,140.0,140.0,0,0,0,223,0,0,0
train,1077-0036.svg,150,7,0,1,2048,1,0,0.0,0.0,140.0,140.0,0,0,0,150,0,0,0
train,1077-0047.svg,165,29,0,1,2048,1,0,0.0,0.0,140.0,140.0,0,0,0,165,0,0,0
train,1077-0057.svg,234,172,0,1,2048,1,0,0.0,0.0,140.0,140.0,0,0,0,234,0,0,0
train,1077-0062.svg,323,8,0,1,2048,1,0,0.0,0.0,140.0,140.0,0,0,0,323,0,0,0
train,1077-0067.svg,182,45,0,1,2048,1,0,0.0,0.0,140.0,140.0,0,0,0,182,0,0,0
train,1077-0088.svg,228,46,0,1,2048,1,0,0.0,0.0,140.0,140.0,0,0,0,228,0,0,0
train,1077-0097.svg,213,44,0,1,2048,1,0,0.0,0.0,140.0,140.0,0,0,0,213,0,0,0
train,1077-0098.svg,181,46,0,1,2048,1,0,0.0,0.0,140.0,140.0,0,0,0,181,0,0,0
train,1077-0103.svg,274,9,0,1,2048,1,0,0.0,0.0,140.0,140.0,0,0,0,274,0,0,0
train,1077-0122.svg,179,54,0,1,2048,1,0,0.0,0.0,140.0,140.0,0,0,0,179,0,0,0
train,1077-0138.svg,275,14,0,1,2048,1,0,0.0,0.0,140.0,140.0,0,0,0,275,0,0,0
train,1077-0159.svg,170,14,0,1,2048,1,0,0.0,0.0,140.0,140.0,2,0,0,168,0,0,0
train,1078-0007.svg,184,37,0,2,2048,1,0,0.0,0.0,140.0,140.0,3,0,0,181,0,0,0
train,1079-0002.svg,851,738,0,6,2048,1,0,0.0,0.0,140.0,140.0,0,0,0,851,0,0,0
train,1080-0001.svg,1015,670,0,12,2048,1,0,0.0,0.0,140.0,140.0,21,6,0,988,0,0,0
train,1080-0004.svg,2721,1615,0,20,2048,2,0,0.0,0.0,140.0,140.0,47,0,0,2674,0,0,0
train,1080-0007.svg,3109,2027,0,18,2048,2,0,0.0,0.0,140.0,140.0,66,12,0,3031,0,0,0
train,1080-0010.svg,2697,1583,0,20,2048,2,0,0.0,0.0,140.0,140.0,47,0,0,2650,0,0,0
train,1081-0006.svg,667,579,0,7,2048,1,0,0.0,0.0,140.0,140.0,6,0,0,661,0,0,0
train,1081-0011.svg,577,450,0,9,2048,1,0,0.0,0.0,140.0,140.0,2,0,0,575,0,0,0
train,1081-0021.svg,428,270,0,7,2048,1,0,0.0,0.0,140.0,140.0,9,0,0,419,0,0,0
train,1081-0023.svg,622,406,0,7,2048,1,0,0.0,0.0,140.0,140.0,8,0,0,614,0,0,0
train,1081-0036.svg,541,329,0,10,2048,1,0,0.0,0.0,140.0,140.0,8,0,0,533,0,0,0
train,1082-0005.svg,525,307,0,1,2048,1,0,0.0,0.0,140.0,140.0,0,0,0,525,0,0,0
train,1083-0006.svg,541,226,0,1,2048,1,0,0.0,0.0,140.0,140.0,8,0,0,533,0,0,0
train,1083-0012.svg,473,254,0,1,2048,1,0,0.0,0.0,140.0,140.0,6,0,0,467,0,0,0
train,1083-0014.svg,513,214,0,1,2048,1,0,0.0,0.0,140.0,140.0,6,0,0,507,0,0,0
train,1084-0010.svg,362,189,0,1,2048,1,0,0.0,0.0,140.0,140.0,0,0,0,362,0,0,0
train,1085-0021.svg,1505,515,0,7,2048,1,0,0.0,0.0,140.0,140.0,24,0,0,1481,0,0,0
train,1085-0027.svg,1853,1228,0,19,2048,1,0,0.0,0.0,140.0,140.0,43,6,0,1804,0,0,0
train,1088-0006.svg,420,199,0,8,2048,1,0,0.0,0.0,140.0,140.0,17,0,0,403,0,0,0
train,1088-0008.svg,617,256,0,8,2048,1,0,0.0,0.0,140.0,140.0,3,0,0,614,0,0,0
train,1088-0014.svg,751,346,0,10,2048,1,0,0.0,0.0,140.0,140.0,8,0,0,743,0,0,0
train,1088-0030.svg,1089,596,0,5,2048,1,0,0.0,0.0,140.0,140.0,22,0,0,1067,0,0,0
train,1089-0004.svg,1274,1110,0,18,2048,1,0,0.0,0.0,140.0,140.0,17,0,0,1257,0,0,0
train,1090-0003.svg,213,89,0,4,2048,1,0,0.0,0.0,140.0,140.0,4,0,0,209,0,0,0
train,1090-0013.svg,233,133,0,3,2048,1,0,0.0,0.0,140.0,140.0,0,0,0,233,0,0,0
train,1090-0021.svg,190,133,0,4,2048,1,0,0.0,0.0,140.0,140.0,0,0,0,190,0,0,0
train,1090-0023.svg,331,169,0,3,2048,1,0,0.0,0.0,140.0,140.0,0,0,0,331,0,0,0
train,1090-0036.svg,474,272,0,7,2048,1,0,0.0,0.0,140.0,140.0,4,0,0,470,0,0,0
train,1091-0017.svg,74,19,0,2,2048,1,0,0.0,0.0,140.0,140.0,0,0,0,74,0,0,0
train,1091-0021.svg,388,265,0,7,2048,1,0,0.0,0.0,140.0,140.0,1,0,0,387,0,0,0
train,1091-0022.svg,717,481,0,7,2048,1,0,0.0,0.0,140.0,140.0,0,0,0,717,0,0,0
train,1091-0045.svg,5199,233,0,8,2048,3,0,0.0,0.0,140.0,140.0,31,5,0,5163,0,0,0
train,1092-0003.svg,502,138,0,1,2048,1,0,0.0,0.0,140.0,140.0,0,0,0,502,0,0,0
train,1092-0004.svg,435,118,0,1,2048,1,0,0.0,0.0,140.0,140.0,4,0,0,431,0,0,0
train,1093-0003.svg,1201,914,0,9,2048,1,0,0.0,0.0,140.0,140.0,28,5,0,1168,0,0,0
train,1093-0007.svg,616,300,0,8,2048,1,0,0.0,0.0,140.0,140.0,7,0,0,609,0,0,0
train,1093-0020.svg,337,166,0,4,2048,1,0,0.0,0.0,140.0,140.0,3,0,0,334,0,0,0
train,1093-0025.svg,1237,725,0,8,2048,1,0,0.0,0.0,140.0,140.0,29,5,0,1203,0,0,0
train,1094-0008.svg,231,65,0,1,2048,1,0,0.0,0.0,140.0,140.0,0,0,0,231,0,0,0
train,1094-0009.svg,188,59,0,1,2048,1,0,0.0,0.0,140.0,140.0,0,0,0,188,0,0,0
train,1094-0036.svg,150,85,0,1,2048,1,0,0.0,0.0,140.0,140.0,0,0,0,150,0,0,0
train,1094-0042.svg,238,97,0,1,2048,1,0,0.0,0.0,140.0,140.0,0,0,0,238,0,0,0
train,1094-0063.svg,367,64,0,1,2048,1,0,0.0,0.0,140.0,140.0,0,0,0,367,0,0,0
train,1094-0072.svg,264,102,0,1,2048,1,0,0.0,0.0,140.0,140.0,0,0,0,264,0,0,0
train,1094-0079.svg,205,191,0,1,2048,1,0,0.0,0.0,140.0,140.0,0,0,0,205,0,0,0
train,1094-0088.svg,228,61,0,1,2048,1,0,0.0,0.0,140.0,140.0,0,0,0,228,0,0,0
train,1094-0094.svg,173,104,0,1,2048,1,0,0.0,0.0,140.0,140.0,0,0,0,173,0,0,0
train,1094-0097.svg,213,140,0,1,2048,1,0,0.0,0.0,140.0,140.0,0,0,0,213,0,0,0
train,1094-0116.svg,223,141,0,1,2048,1,0,0.0,0.0,140.0,140.0,0,0,0,223,0,0,0
train,1095-0009.svg,333,135,0,1,2048,1,0,0.0,0.0,140.0,140.0,6,0,0,327,0,0,0
train,1096-0005.svg,525,210,0,1,2048,1,0,0.0,0.0,140.0,140.0,0,0,0,525,0,0,0
train,1096-0006.svg,513,215,0,1,2048,1,0,0.0,0.0,140.0,140.0,0,0,0,513,0,0,0
train,1096-0016.svg,3579,1282,0,1,2048,2,0,0.0,0.0,140.0,140.0,0,0,0,3579,0,0,0
train,1097-0013.svg,81,23,0,1,2048,1,0,0.0,0.0,140.0,140.0,0,0,0,81,0,0,0
train,1097-0028.svg,154,81,0,1,2048,1,0,0.0,0.0,140.0,140.0,0,0,0,154,0,0,0
train,1097-0093.svg,176,75,0,1,2048,1,0,0.0,0.0,140.0,140.0,0,0,0,176,0,0,0
train,1098-0016.svg,1702,950,0,20,2048,1,0,0.0,0.0,140.0,140.0,41,6,0,1655,0,0,0
train,1098-0035.svg,2319,1608,0,22,2048,2,0,0.0,0.0,140.0,140.0,52,0,0,2267,0,0,0
train,1098-0092.svg,505,308,0,6,2048,1,0,0.0,0.0,140.0,140.0,3,0,0,502,0,0,0
train,1098-0113.svg,5540,1550,0,12,2048,3,0,0.0,0.0,140.0,140.0,54,0,0,5486,0,0,0
train,1099-0017.svg,1783,1109,0,12,2048,1,0,0.0,0.0,140.0,140.0,35,1,0,1747,0,0,0
train,1099-0021.svg,3950,2640,0,22,2048,2,0,0.0,0.0,140.0,140.0,65,12,0,3873,0,0,0
train,1099-0025.svg,3482,2646,0,21,2048,2,0,0.0,0.0,140.0,140.0,62,12,0,3408,0,0,0
train,1099-0032.svg,4567,3248,0,17,2048,3,0,0.0,0.0,140.0,140.0,57,15,0,4495,0,0,0
train,1100-0012.svg,386,108,0,3,2048,1,0,0.0,0.0,140.0,140.0,5,0,0,381,0,0,0
train,1101-0009.svg,2433,1717,0,22,2048,2,0,0.0,0.0,140.0,140.0,37,12,0,2384,0,0,0
train,1102-0381.svg,993,24,0,1,2048,1,0,0.0,0.0,140.0,140.0,5,0,0,988,0,0,0
train,1102-0382.svg,188,12,0,1,2048,1,0,0.0,0.0,140.0,140.0,2,0,0,186,0,0,0
train,1103-0006.svg,287,111,0,5,2048,1,0,0.0,0.0,140.0,140.0,2,0,0,285,0,0,0
train,1104-0012.svg,1733,784,0,14,2048,1,0,0.0,0.0,140.0,140.0,18,0,0,1715,0,0,0
train,1104-0013.svg,2757,1963,0,18,2048,2,0,0.0,0.0,140.0,140.0,48,0,0,2709,0,0,0
train,1105-0003.svg,1181,879,0,8,2048,1,0,0.0,0.0,140.0,140.0,28,5,0,1148,0,0,0
train,1105-0008.svg,1237,734,0,8,2048,1,0,0.0,0.0,140.0,140.0,32,4,0,1201,0,0,0
train,1105-0016.svg,577,376,0,8,2048,1,0,0.0,0.0,140.0,140.0,8,1,0,568,0,0,0
train,1106-0016.svg,7591,2390,0,21,2048,4,0,0.0,0.0,140.0,140.0,65,12,0,7514,0,0,0
train,1107-0018.svg,2422,1812,0,10,2048,2,0,0.0,0.0,140.0,140.0,35,3,0,2384,0,0,0
train,1107-0025.svg,3482,2238,0,23,2048,2,0,0.0,0.0,140.0,140.0,62,12,0,3408,0,0,0
train,1109-0032.svg,176,109,0,1,2048,1,0,0.0,0.0,140.0,140.0,0,0,0,176,0,0,0
train,1109-0034.svg,107,36,0,1,2048,1,0,0.0,0.0,140.0,140.0,1,0,0,106,0,0,0
train,1109-0046.svg,78,14,0,1,2048,1,0,0.0,0.0,140.0,140.0,2,0,0,76,0,0,0
train,1110-0112.svg,4000,1674,0,1,2048,2,0,0.0,0.0,140.0,140.0,0,0,0,4000,0,0,0
train,1110-0276.svg,4000,1674,0,1,2048,2,0,0.0,0.0,140.0,140.0,0,0,0,4000,0,0,0
train,1110-0369.svg,551,216,0,1,2048,1,0,0.0,0.0,140.0,140.0,4,0,0,547,0,0,0
train,1111-0001.svg,512,220,0,1,2048,1,0,0.0,0.0,140.0,140.0,0,0,0,512,0,0,0
train,1114-0022.svg,596,148,0,6,2048,1,0,0.0,0.0,140.0,140.0,2,0,0,594,0,0,0
train,1114-0024.svg,494,103,0,2,2048,1,0,0.0,0.0,140.0,140.0,0,0,0,494,0,0,0
train,1114-0030.svg,378,182,0,1,2048,1,0,0.0,0.0,140.0,140.0,0,0,0,378,0,0,0
train,1114-0034.svg,2897,2501,0,10,2048,2,0,0.0,0.0,140.0,140.0,13,0,0,2884,0,0,0
train,1114-0035.svg,426,298,0,7,2048,1,0,0.0,0.0,140.0,140.0,1,0,0,425,0,0,0
train,1114-0037.svg,425,176,0,1,2048,1,0,0.0,0.0,140.0,140.0,0,0,0,425,0,0,0
train,1114-0044.svg,856,502,0,7,2048,1,0,0.0,0.0,140.0,140.0,8,0,0,848,0,0,0
train,1114-0053.svg,224,73,0,1,2048,1,0,0.0,0.0,140.0,140.0,0,0,0,224,0,0,0
train,1114-0070.svg,1031,486,0,5,2048,1,0,0.0,0.0,140.0,140.0,4,0,0,1027,0,0,0
train,1114-0086.svg,565,284,0,4,2048,1,0,0.0,0.0,140.0,140.0,1,0,0,564,0,0,0
train,1115-0001.svg,106,12,0,1,2048,1,0,0.0,0.0,140.0,140.0,6,0,0,100,0,0,0
train,1116-0008.svg,447,242,0,1,2048,1,0,0.0,0.0,140.0,140.0,4,0,0,443,0,0,0
train,1117-0046.svg,648,185,0,6,2048,1,0,0.0,0.0,140.0,140.0,3,0,0,645,0,0,0
train,1117-0057.svg,1246,220,0,6,2048,1,0,0.0,0.0,140.0,140.0,1,0,0,1245,0,0,0
train,1117-0058.svg,971,28,0,3,2048,1,0,0.0,0.0,140.0,140.0,1,0,0,970,0,0,0
train,1117-0072.svg,249,174,0,6,2048,1,0,0.0,0.0,140.0,140.0,5,0,0,244,0,0,0
train,1117-0084.svg,337,41,0,3,2048,1,0,0.0,0.0,140.0,140.0,1,0,0,336,0,0,0
train,1117-0092.svg,663,401,0,3,2048,1,0,0.0,0.0,140.0,140.0,0,0,0,663,0,0,0
train,1117-0095.svg,397,34,0,2,2048,1,0,0.0,0.0,140.0,140.0,1,0,0,396,0,0,0
train,1117-0104.svg,129,15,0,2,2048,1,0,0.0,0.0,140.0,140.0,0,0,0,129,0,0,0
train,1117-0138.svg,338,163,0,3,2048,1,0,0.0,0.0,140.0,140.0,5,0,0,333,0,0,0
train,1117-0150.svg,233,102,0,2,2048,1,0,0.0,0.0,140.0,140.0,2,0,0,231,0,0,0
train,1118-2512.svg,84,8,0,1,2048,1,0,0.0,0.0,140.0,140.0,1,0,0,83,0,0,0
train,1118-2623.svg,323,273,0,6,2048,1,0,0.0,0.0,140.0,140.0,0,0,0,323,0,0,0
train,1118-2726.svg,1390,544,0,4,2048,1,0,0.0,0.0,140.0,140.0,50,0,0,1340,0,0,0
train,1119-0006.svg,93,24,0,1,2048,1,0,0.0,0.0,140.0,140.0,0,0,0,93,0,0,0
train,1119-0007.svg,67,13,0,1,2048,1,0,0.0,0.0,140.0,140.0,1,0,0,66,0,0,0
train,1121-0013.svg,1739,728,0,7,2048,1,0,0.0,0.0,140.0,140.0,10,0,0,1729,0,0,0
train,1121-0020.svg,1540,266,0,3,2048,1,0,0.0,0.0,140.0,140.0,2,0,0,1538,0,0,0
train,1121-0027.svg,1820,368,0,7,2048,1,0,0.0,0.0,140.0,140.0,1,0,0,1819,0,0,0
train,1121-0032.svg,2230,17,0,1,2048,2,0,0.0,0.0,140.0,140.0,0,0,0,2230,0,0,0
train,1121-0041.svg,1571,450,0,6,2048,1,0,0.0,0.0,140.0,140.0,7,0,0,1564,0,0,0
train,1123-0015.svg,869,689,0,9,2048,1,0,0.0,0.0,140.0,140.0,10,1,0,858,0,0,0
train,1123-0019.svg,212,45,0,3,2048,1,0,0.0,0.0,140.0,140.0,1,0,0,211,0,0,0
train,1123-0033.svg,188,106,0,3,2048,1,0,0.0,0.0,140.0,140.0,1,0,0,187,0,0,0
train,1123-0039.svg,276,165,0,5,2048,1,0,0.0,0.0,140.0,140.0,2,0,0,274,0,0,0
train,1123-0043.svg,764,684,0,5,2048,1,0,0.0,0.0,140.0,140.0,0,0,0,764,0,0,0
train,1123-0058.svg,165,63,0,4,2048,1,0,0.0,0.0,140.0,140.0,2,0,0,163,0,0,0
train,1124-0012.svg,410,246,0,7,2048,1,0,0.0,0.0,140.0,140.0,5,0,0,405,0,0,0
train,1124-0020.svg,337,166,0,4,2048,1,0,0.0,0.0,140.0,140.0,3,0,0,334,0,0,0
train,1125-0008.svg,603,206,0,4,2048,1,0,0.0,0.0,140.0,140.0,19,0,0,584,0,0,0
train,1127-0006.svg,566,396,0,1,2048,1,0,0.0,0.0,140.0,140.0,8,0,0,558,0,0,0
train,1128-0037.svg,9699,1245,0,2,2048,5,0,0.0,0.0,140.0,140.0,0,0,0,9699,0,0,0
train,1128-0040.svg,9971,456,0,1,2048,5,0,0.0,0.0,140.0,140.0,0,0,0,9971,0,0,0
train,1128-0047.svg,4746,971,0,5,2048,3,0,0.0,0.0,140.0,140.0,1,0,0,4745,0,0,0
train,1128-0053.svg,418,130,0,4,2048,1,0,0.0,0.0,140.0,140.0,5,0,0,413,0,0,0
train,1128-0054.svg,2952,76,0,3,2048,2,0,0.0,0.0,140.0,140.0,2,0,0,2950,0,0,0
train,1128-0060.svg,359,133,0,4,2048,1,0,0.0,0.0,140.0,140.0,1,0,0,358,0,0,0
train,1128-0061.svg,3026,361,0,7,2048,2,0,0.0,0.0,140.0,140.0,2,0,0,3024,0,0,0
train,1128-0066.svg,1021,32,0,2,2048,1,0,0.0,0.0,140.0,140.0,1,0,0,1020,0,0,0
train,1128-0082.svg,592,278,0,8,2048,1,0,0.0,0.0,140.0,140.0,3,0,0,589,0,0,0
train,1128-0085.svg,2440,2380,0,4,2048,2,0,0.0,0.0,140.0,140.0,1,0,0,2439,0,0,0
train,1128-0094.svg,699,178,0,6,2048,1,0,0.0,0.0,140.0,140.0,6,0,0,693,0,0,0
train,1128-0107.svg,289,23,0,2,2048,1,0,0.0,0.0,140.0,140.0,2,0,0,287,0,0,0
train,1128-0108.svg,332,124,0,5,2048,1,0,0.0,0.0,140.0,140.0,3,0,0,329,0,0,0
train,1129-0007.svg,509,236,0,6,2048,1,0,0.0,0.0,140.0,140.0,5,2,0,502,0,0,0
train,1129-0012.svg,415,113,0,4,2048,1,0,0.0,0.0,140.0,140.0,5,0,0,410,0,0,0
train,1129-0014.svg,751,331,0,11,2048,1,0,0.0,0.0,140.0,140.0,8,0,0,743,0,0,0
train,1129-0016.svg,303,137,0,5,2048,1,0,0.0,0.0,140.0,140.0,5,0,0,298,0,0,0
train,1129-0019.svg,892,481,0,7,2048,1,0,0.0,0.0,140.0,140.0,19,5,0,868,0,0,0
train,1129-0030.svg,1089,591,0,6,2048,1,0,0.0,0.0,140.0,140.0,22,0,0,1067,0,0,0
train,1131-0007.svg,294,60,0,4,2048,1,0,0.0,0.0,140.0,140.0,0,0,0,294,0,0,0
train,1131-0014.svg,526,302,0,7,2048,1,0,0.0,0.0,140.0,140.0,0,0,0,526,0,0,0
train,1131-0019.svg,256,44,0,3,2048,1,0,0.0,0.0,140.0,140.0,1,0,0,255,0,0,0
train,1132-0001.svg,469,313,0,8,2048,1,0,0.0,0.0,140.0,140.0,24,1,0,444,0,0,0
train,1132-0012.svg,411,258,0,6,2048,1,0,0.0,0.0,140.0,140.0,40,8,0,363,0,0,0
train,1132-0026.svg,655,592,0,4,2048,1,0,0.0,0.0,140.0,140.0,0,0,0,655,0,0,0
train,1132-0031.svg,831,670,0,7,2048,1,0,0.0,0.0,140.0,140.0,4,0,0,827,0,0,0
train,1133-0033.svg,7858,11,0,1,2048,4,0,0.0,0.0,140.0,140.0,0,0,0,7858,0,0,0
train,1133-0038.svg,6072,544,0,5,2048,3,0,0.0,0.0,140.0,140.0,3,0,0,6069,0,0,0
train,1133-0039.svg,7667,676,0,3,2048,4,0,0.0,0.0,140.0,140.0,1,0,0,7666,0,0,0
train,1133-0054.svg,2952,136,0,5,2048,2,0,0.0,0.0,140.0,140.0,2,0,0,2950,0,0,0
train,1133-0085.svg,2440,2296,0,5,2048,2,0,0.0,0.0,140.0,140.0,1,0,0,2439,0,0,0
train,1133-0095.svg,674,57,0,4,2048,1,0,0.0,0.0,140.0,140.0,4,0,0,670,0,0,0
train,1133-0099.svg,1335,100,0,4,2048,1,0,0.0,0.0,140.0,140.0,21,0,0,1314,0,0,0
train,1133-0106.svg,529,12,0,1,2048,1,0,0.0,0.0,140.0,140.0,5,0,0,524,0,0,0
train,1133-0108.svg,332,120,0,5,2048,1,0,0.0,0.0,140.0,140.0,3,0,0,329,0,0,0
train,1134-0014.svg,2250,1273,0,20,2048,2,0,0.0,0.0,140.0,140.0,44,0,0,2206,0,0,0
train,1134-0015.svg,1509,633,0,16,2048,1,0,0.0,0.0,140.0,140.0,20,4,0,1485,0,0,0
train,1135-0017.svg,896,582,0,5,2048,1,0,0.0,0.0,140.0,140.0,6,0,0,890,0,0,0
train,1135-0023.svg,2868,422,0,1,2048,2,0,0.0,0.0,140.0,140.0,7,0,0,2861,0,0,0
train,1136-0003.svg,414,232,0,1,2048,1,0,0.0,0.0,140.0,140.0,0,0,0,414,0,0,0
train,1136-0006.svg,347,215,0,1,2048,1,0,0.0,0.0,140.0,140.0,0,0,0,347,0,0,0
train,1137-0004.svg,685,323,0,1,2048,1,0,0.0,0.0,140.0,140.0,9,0,0,676,0,0,0
train,1137-0006.svg,684,404,0,1,2048,1,0,0.0,0.0,140.0,140.0,8,0,0,676,0,0,0
train,1137-0018.svg,531,290,0,1,2048,1,0,0.0,0.0,140.0,140.0,5,0,0,526,0,0,0
train,1138-0020.svg,365,135,0,4,2048,1,0,0.0,0.0,140.0,140.0,3,0,0,362,0,0,0
train,1139-0517.svg,29,21,0,1,2048,1,0,0.0,0.0,140.0,140.0,0,0,0,29,0,0,0
train,1139-0549.svg,23,13,0,2,2048,1,0,0.0,0.0,140.0,140.0,0,0,0,23,0,0,0
train,1139-0619.svg,141,87,0,4,2048,1,0,0.0,0.0,140.0,140.0,0,0,0,141,0,0,0
train,1139-0621.svg,410,325,0,3,2048,1,0,0.0,0.0,140.0,140.0,0,0,0,410,0,0,0
train,1139-0649.svg,135,62,0,3,2048,1,0,0.0,0.0,140.0,140.0,0,0,0,135,0,0,0
train,1139-0652.svg,171,119,0,9,2048,1,0,0.0,0.0,140.0,140.0,0,0,0,171,0,0,0
train,1139-0682.svg,116,70,0,3,2048,1,0,0.0,0.0,140.0,140.0,0,0,0,116,0,0,0
train,1139-0683.svg,55,51,0,2,2048,1,0,0.0,0.0,140.0,140.0,0,0,0,55,0,0,0
train,1139-0717.svg,73,60,0,2,2048,1,0,0.0,0.0,140.0,140.0,1,0,0,72,0,0,0
train,1139-0846.svg,202,81,0,3,2048,1,0,0.0,0.0,140.0,140.0,0,0,0,202,0,0,0
train,1139-0847.svg,91,69,0,5,2048,1,0,0.0,0.0,140.0,140.0,0,0,0,91,0,0,0
train,1139-0880.svg,187,152,0,3,2048,1,0,0.0,0.0,140.0,140.0,0,0,0,187,0,0,0
train,1139-0884.svg,567,495,0,4,2048,1,0,0.0,0.0,140.0,140.0,0,0,0,567,0,0,0
train,1139-0913.svg,1165,1133,0,4,2048,1,0,0.0,0.0,140.0,140.0,0,0,0,1165,0,0,0
train,1139-0914.svg,1097,1070,0,2,2048,1,0,0.0,0.0,140.0,140.0,0,0,0,1097,0,0,0
train,1139-0916.svg,1153,1137,0,3,2048,1,0,0.0,0.0,140.0,140.0,0,0,0,1153,0,0,0
train,1139-0917.svg,1158,1132,0,3,2048,1,0,0.0,0.0,140.0,140.0,0,0,0,1158,0,0,0
train,1139-0947.svg,1419,1414,0,1,2048,1,0,0.0,0.0,140.0,140.0,0,0,0,1419,0,0,0
train,1139-0949.svg,1407,1376,0,2,2048,1,0,0.0,0.0,140.0,140.0,0,0,0,1407,0,0,0
train,1139-0951.svg,238,160,0,3,2048,1,0,0.0,0.0,140.0,140.0,2,0,0,236,0,0,0
train,1139-0977.svg,1104,1090,0,3,2048,1,0,0.0,0.0,140.0,140.0,0,0,0,1104,0,0,0
train,1139-0980.svg,1658,1650,0,1,2048,1,0,0.0,0.0,140.0,140.0,0,0,0,1658,0,0,0
train,1139-1012.svg,1643,1582,0,2,2048,1,0,0.0,0.0,140.0,140.0,1,0,0,1642,0,0,0
train,1139-1016.svg,1097,1070,0,2,2048,1,0,0.0,0.0,140.0,140.0,0,0,0,1097,0,0,0
train,1139-1076.svg,1754,1740,0,2,2048,1,0,0.0,0.0,140.0,140.0,0,0,0,1754,0,0,0
train,1139-1079.svg,2126,2120,0,1,2048,2,0,0.0,0.0,140.0,140.0,0,0,0,2126,0,0,0
train,1139-1082.svg,442,399,0,5,2048,1,0,0.0,0.0,140.0,140.0,0,0,0,442,0,0,0
train,1139-1110.svg,1332,1306,0,1,2048,1,0,0.0,0.0,140.0,140.0,0,0,0,1332,0,0,0
train,1139-1111.svg,870,839,0,2,2048,1,0,0.0,0.0,140.0,140.0,0,0,0,870,0,0,0
train,1139-1116.svg,1030,1025,0,2,2048,1,0,0.0,0.0,140.0,140.0,0,0,0,1030,0,0,0
train,1139-1143.svg,480,474,0,2,2048,1,0,0.0,0.0,140.0,140.0,0,0,0,480,0,0,0
train,1140-0040.svg,179,74,0,2,2048,1,0,0.0,0.0,140.0,140.0,6,0,0,173,0,0,0
train,1140-0047.svg,16925,3614,0,7,2048,9,0,0.0,0.0,140.0,140.0,28,0,0,16897,0,0,0
train,1140-0051.svg,90,55,0,3,2048,1,0,0.0,0.0,140.0,140.0,6,0,0,84,0,0,0
train,1140-0052.svg,11652,9,0,1,2048,6,0,0.0,0.0,140.0,140.0,20,0,0,11632,0,0,0
train,1140-0058.svg,265,148,0,4,2048,1,0,0.0,0.0,140.0,140.0,6,0,0,259,0,0,0
train,1140-0067.svg,223,128,0,3,2048,1,0,0.0,0.0,140.0,140.0,4,0,0,219,0,0,0
train,1140-0087.svg,14151,231,0,3,2048,7,0,0.0,0.0,140.0,140.0,20,0,0,14131,0,0,0
train,1141-0002.svg,5227,1471,0,22,2048,3,0,0.0,0.0,140.0,140.0,47,0,0,5180,0,0,0
train,1142-0005.svg,483,215,0,1,2048,1,0,0.0,0.0,140.0,140.0,0,0,0,483,0,0,0
train,1142-0006.svg,524,334,0,1,2048,1,0,0.0,0.0,140.0,140.0,0,0,0,524,0,0,0
train,1144-0004.svg,2721,1671,0,22,2048,2,0,0.0,0.0,140.0,140.0,47,0,0,2674,0,0,0
train,1144-0005.svg,796,444,0,11,2048,1,0,0.0,0.0,140.0,140.0,11,0,0,785,0,0,0
train,1145-0005.svg,443,204,0,1,2048,1,0,0.0,0.0,140.0,140.0,0,0,0,443,0,0,0
train,1146-0027.svg,1761,304,0,5,2048,1,0,0.0,0.0,140.0,140.0,2,0,0,1759,0,0,0
train,1146-0050.svg,794,508,0,7,2048,1,0,0.0,0.0,140.0,140.0,6,0,0,788,0,0,0
train,1147-0004.svg,375,89,0,4,2048,1,0,0.0,0.0,140.0,140.0,0,0,0,375,0,0,0
train,1147-0006.svg,604,158,0,4,2048,1,0,0.0,0.0,140.0,140.0,0,0,0,604,0,0,0
train,1148-0013.svg,649,298,0,8,2048,1,0,0.0,0.0,140.0,140.0,10,0,0,639,0,0,0
train,1148-0017.svg,3386,2259,0,22,2048,2,0,0.0,0.0,140.0,140.0,49,12,0,3325,0,0,0
train,1148-0029.svg,6047,2173,0,14,2048,3,0,0.0,0.0,140.0,140.0,77,0,0,5970,0,0,0
train,1150-0020.svg,474,143,0,7,2048,1,0,0.0,0.0,140.0,140.0,6,0,0,468,0,0,0
train,1150-0037.svg,218,76,0,5,2048,1,0,0.0,0.0,140.0,140.0,3,0,0,215,0,0,0
train,1150-0049.svg,323,57,0,3,2048,1,0,0.0,0.0,140.0,140.0,4,0,0,319,0,0,0
train,1150-0067.svg,411,99,0,4,2048,1,0,0.0,0.0,140.0,140.0,2,0,0,409,0,0,0
train,1151-0006.svg,530,231,0,1,2048,1,0,0.0,0.0,140.0,140.0,0,0,0,530,0,0,0
train,1151-0012.svg,454,192,0,1,2048,1,0,0.0,0.0,140.0,140.0,0,0,0,454,0,0,0
train,1152-0015.svg,2604,2193,0,17,2048,2,0,0.0,0.0,140.0,140.0,40,0,0,2564,0,0,0
train,1152-0022.svg,1550,816,0,13,2048,1,0,0.0,0.0,140.0,140.0,17,0,0,1533,0,0,0
train,1153-0010.svg,1365,48,0,1,2048,1,0,0.0,0.0,140.0,140.0,39,0,0,1326,0,0,0
train,1154-0003.svg,1201,875,0,8,2048,1,0,0.0,0.0,140.0,140.0,28,5,0,1168,0,0,0
train,1154-0005.svg,266,80,0,4,2048,1,0,0.0,0.0,140.0,140.0,7,0,0,259,0,0,0
train,1154-0009.svg,194,55,0,3,2048,1,0,0.0,0.0,140.0,140.0,7,0,0,187,0,0,0
train,1154-0012.svg,410,228,0,7,2048,1,0,0.0,0.0,140.0,140.0,5,0,0,405,0,0,0
train,1156-0010.svg,490,432,0,6,2048,1,0,0.0,0.0,140.0,140.0,0,0,0,490,0,0,0
train,1156-0013.svg,347,263,0,4,2048,1,0,0.0,0.0,140.0,140.0,0,0,0,347,0,0,0
train,1157-0019.svg,482,135,0,6,2048,1,0,0.0,0.0,140.0,140.0,9,0,0,473,0,0,0
train,1158-0005.svg,3349,1235,0,15,2048,2,0,0.0,0.0,140.0,140.0,39,12,0,3298,0,0,0
train,1159-0007.svg,845,525,0,6,2048,1,0,0.0,0.0,140.0,140.0,23,0,0,822,0,0,0
train,1159-0014.svg,580,308,0,4,2048,1,0,0.0,0.0,140.0,140.0,12,0,0,568,0,0,0
train,1159-0019.svg,241,59,0,3,2048,1,0,0.0,0.0,140.0,140.0,3,0,0,238,0,0,0
train,1159-0032.svg,1143,489,0,5,2048,1,0,0.0,0.0,140.0,140.0,24,0,0,1119,0,0,0
train,1159-0044.svg,811,356,0,5,2048,1,0,0.0,0.0,140.0,140.0,18,0,0,793,0,0,0
train,1160-0041.svg,1613,1106,0,19,2048,1,0,0.0,0.0,140.0,140.0,27,0,0,1586,0,0,0
train,1160-0080.svg,6142,3293,0,19,2048,3,0,0.0,0.0,140.0,140.0,89,12,0,6041,0,0,0
train,1161-0006.svg,5249,1483,0,19,2048,3,0,0.0,0.0,140.0,140.0,50,0,0,5199,0,0,0
train,1163-2345.svg,546,453,0,4,2048,1,0,0.0,0.0,140.0,140.0,22,0,0,524,0,0,0
train,1163-2425.svg,104,53,0,5,2048,1,0,0.0,0.0,140.0,140.0,0,0,0,104,0,0,0
train,1163-2428.svg,9658,9613,0,3,2048,5,0,0.0,0.0,140.0,140.0,634,0,0,9024,0,0,0
train,1163-2511.svg,540,407,0,4,2048,1,0,0.0,0.0,140.0,140.0,52,6,0,482,0,0,0
train,1163-2674.svg,327,124,0,4,2048,1,0,0.0,0.0,140.0,140.0,0,0,0,327,0,0,0
train,1163-2758.svg,214,95,0,4,2048,1,0,0.0,0.0,140.0,140.0,0,0,0,214,0,0,0
train,1163-2759.svg,63,8,0,2,2048,1,0,0.0,0.0,140.0,140.0,0,0,0,63,0,0,0
train,1163-3004.svg,286,142,0,4,2048,1,0,0.0,0.0,140.0,140.0,0,0,0,286,0,0,0
train,1163-3163.svg,330,167,0,5,2048,1,0,0.0,0.0,140.0,140.0,0,0,0,330,0,0,0
train,1163-3164.svg,469,159,0,3,2048,1,0,0.0,0.0,140.0,140.0,0,0,0,469,0,0,0
train,1163-3168.svg,1044,658,0,9,2048,1,0,0.0,0.0,140.0,140.0,48,4,0,992,0,0,0
train,1163-3490.svg,388,80,0,3,2048,1,0,0.0,0.0,140.0,140.0,0,0,0,388,0,0,0
train,1163-3494.svg,150,112,0,1,2048,1,0,0.0,0.0,140.0,140.0,0,0,0,150,0,0,0
train,1163-3577.svg,278,33,0,2,2048,1,0,0.0,0.0,140.0,140.0,0,0,0,278,0,0,0
train,1163-3820.svg,478,231,0,5,2048,1,0,0.0,0.0,140.0,140.0,0,0,0,478,0,0,0
train,1163-3821.svg,320,236,0,6,2048,1,0,0.0,0.0,140.0,140.0,1,0,0,319,0,0,0
train,1164-0006.svg,541,224,0,1,2048,1,0,0.0,0.0,140.0,140.0,0,0,0,541,0,0,0
train,1167-0016.svg,1897,1124,0,18,2048,1,0,0.0,0.0,140.0,140.0,19,0,0,1878,0,0,0
train,1168-0007.svg,616,279,0,10,2048,1,0,0.0,0.0,140.0,140.0,7,0,0,609,0,0,0
train,1168-0013.svg,605,396,0,7,2048,1,0,0.0,0.0,140.0,140.0,4,0,0,601,0,0,0
train,1168-0020.svg,337,166,0,4,2048,1,0,0.0,0.0,140.0,140.0,3,0,0,334,0,0,0
train,1169-0017.svg,379,100,0,3,2048,1,0,0.0,0.0,140.0,140.0,5,0,0,374,0,0,0
train,1169-0021.svg,254,42,0,3,2048,1,0,0.0,0.0,140.0,140.0,14,0,0,240,0,0,0
train,1169-0022.svg,386,109,0,3,2048,1,0,0.0,0.0,140.0,140.0,7,0,0,379,0,0,0
train,1169-0023.svg,114,24,0,2,2048,1,0,0.0,0.0,140.0,140.0,5,0,0,109,0,0,0
train,1170-0014.svg,97,48,0,2,2048,1,0,0.0,0.0,140.0,140.0,2,0,0,95,0,0,0
train,1171-0003.svg,1201,901,0,10,2048,1,0,0.0,0.0,140.0,140.0,28,5,0,1168,0,0,0
train,1171-0008.svg,1110,729,0,8,2048,1,0,0.0,0.0,140.0,140.0,31,4,0,1075,0,0,0
train,1171-0021.svg,244,101,0,4,2048,1,0,0.0,0.0,140.0,140.0,5,0,0,239,0,0,0
train,1172-0023.svg,265,100,0,2,2048,1,0,0.0,0.0,140.0,140.0,0,0,0,265,0,0,0
train,1172-0027.svg,1990,447,0,6,2048,1,0,0.0,0.0,140.0,140.0,2,0,0,1988,0,0,0
train,1172-0043.svg,620,562,0,6,2048,1,0,0.0,0.0,140.0,140.0,0,0,0,620,0,0,0
train,1172-0045.svg,141,56,0,2,2048,1,0,0.0,0.0,140.0,140.0,1,0,0,140,0,0,0
train,1172-0050.svg,799,652,0,5,2048,1,0,0.0,0.0,140.0,140.0,2,0,0,797,0,0,0
train,1172-0062.svg,1630,577,0,11,2048,1,0,0.0,0.0,140.0,140.0,22,0,0,1608,0,0,0
train,1174-0044.svg,590,377,0,6,2048,1,0,0.0,0.0,140.0,140.0,25,0,0,565,0,0,0
train,1174-0068.svg,858,712,0,6,2048,1,0,0.0,0.0,140.0,140.0,18,0,0,840,0,0,0
train,1174-0070.svg,552,230,0,6,2048,1,0,0.0,0.0,140.0,140.0,6,0,0,546,0,0,0
train,1174-0096.svg,742,166,0,6,2048,1,0,0.0,0.0,140.0,140.0,3,0,0,739,0,0,0
train,1174-0105.svg,167,76,0,2,2048,1,0,0.0,0.0,140.0,140.0,0,0,0,167,0,0,0
train,1174-0112.svg,992,764,0,7,2048,1,0,0.0,0.0,140.0,140.0,1,0,0,991,0,0,0
train,1174-0128.svg,1084,796,0,8,2048,1,0,0.0,0.0,140.0,140.0,2,0,0,1082,0,0,0
train,1174-0145.svg,359,74,0,3,2048,1,0,0.0,0.0,140.0,140.0,1,0,0,358,0,0,0
train,1174-0149.svg,163,60,0,3,2048,1,0,0.0,0.0,140.0,140.0,0,0,0,163,0,0,0
train,1174-0150.svg,263,139,0,4,2048,1,0,0.0,0.0,140.0,140.0,0,0,0,263,0,0,0
train,1174-0162.svg,299,191,0,5,2048,1,0,0.0,0.0,140.0,140.0,13,0,0,286,0,0,0
train,1174-0178.svg,376,255,0,7,2048,1,0,0.0,0.0,140.0,140.0,12,2,0,362,0,0,0
train,1174-0180.svg,180,69,0,3,2048,1,0,0.0,0.0,140.0,140.0,0,0,0,180,0,0,0
train,1175-0012.svg,1314,690,0,12,2048,1,0,0.0,0.0,140.0,140.0,15,0,0,1299,0,0,0
train,1175-0018.svg,276,97,0,1,2048,1,0,0.0,0.0,140.0,140.0,9,0,0,267,0,0,0
train,1175-0029.svg,4597,1963,0,16,2048,3,0,0.0,0.0,140.0,140.0,58,0,0,4539,0,0,0
train,1176-0006.svg,705,604,0,7,2048,1,0,0.0,0.0,140.0,140.0,6,0,0,699,0,0,0
train,1176-0011.svg,609,474,0,9,2048,1,0,0.0,0.0,140.0,140.0,2,0,0,607,0,0,0
train,1176-0017.svg,1331,1101,0,10,2048,1,0,0.0,0.0,140.0,140.0,14,0,0,1317,0,0,0
train,1176-0022.svg,1050,789,0,8,2048,1,0,0.0,0.0,140.0,140.0,20,0,0,1030,0,0,0
train,1176-0026.svg,722,656,0,4,2048,1,0,0.0,0.0,140.0,140.0,0,0,0,722,0,0,0
train,1176-0032.svg,564,411,0,6,2048,1,0,0.0,0.0,140.0,140.0,11,0,0,553,0,0,0
train,1176-0033.svg,584,394,0,6,2048,1,0,0.0,0.0,140.0,140.0,8,0,0,576,0,0,0
train,1177-0026.svg,828,10,0,1,2048,1,0,0.0,0.0,140.0,140.0,0,0,0,828,0,0,0
train,1177-0028.svg,702,50,0,1,2048,1,0,0.0,0.0,140.0,140.0,0,0,0,702,0,0,0
train,1177-0029.svg,275,6,0,1,2048,1,0,0.0,0.0,140.0,140.0,0,0,0,275,0,0,0
train,1177-0035.svg,614,4,0,1,2048,1,0,0.0,0.0,140.0,140.0,0,0,0,614,0,0,0
train,1177-0059.svg,1106,76,0,2,2048,1,0,0.0,0.0,140.0,140.0,0,0,0,1106,0,0,0
train,1177-0073.svg,947,29,0,1,2048,1,0,0.0,0.0,140.0,140.0,0,0,0,947,0,0,0
train,1177-0081.svg,929,7,0,1,2048,1,0,0.0,0.0,140.0,140.0,0,0,0,929,0,0,0
train,1177-0091.svg,714,20,0,1,2048,1,0,0.0,0.0,140.0,140.0,0,0,0,714,0,0,0
train,1177-0092.svg,1052,48,0,1,2048,1,0,0.0,0.0,140.0,140.0,0,0,0,1052,0,0,0
train,1177-0105.svg,606,62,0,1,2048,1,0,0.0,0.0,140.0,140.0,0,0,0,606,0,0,0
train,1178-0016.svg,7591,2382,0,21,2048,4,0,0.0,0.0,140.0,140.0,65,12,0,7514,0,0,0
train,1179-0002.svg,186,42,0,2,2048,1,0,0.0,0.0,140.0,140.0,1,0,0,185,0,0,0
train,1180-0008.svg,929,653,0,9,2048,1,0,0.0,0.0,140.0,140.0,35,6,0,888,0,0,0
train,1180-0013.svg,1617,276,0,3,2048,1,0,0.0,0.0,140.0,140.0,9,0,0,1608,0,0,0
train,1180-0034.svg,1627,422,0,4,2048,1,0,0.0,0.0,140.0,140.0,2,0,0,1625,0,0,0
train,1180-0048.svg,2063,781,0,11,2048,2,0,0.0,0.0,140.0,140.0,30,0,0,2033,0,0,0
train,1180-0050.svg,928,617,0,8,2048,1,0,0.0,0.0,140.0,140.0,18,0,0,910,0,0,0
train,1180-0055.svg,2066,858,0,14,2048,2,0,0.0,0.0,140.0,140.0,29,0,0,2037,0,0,0
train,1181-0003.svg,1242,876,0,8,2048,1,0,0.0,0.0,140.0,140.0,28,5,0,1209,0,0,0
train,1181-0006.svg,420,194,0,8,2048,1,0,0.0,0.0,140.0,140.0,17,0,0,403,0,0,0
train,1181-0013.svg,790,359,0,6,2048,1,0,0.0,0.0,140.0,140.0,18,2,0,770,0,0,0
train,1181-0015.svg,1006,540,0,8,2048,1,0,0.0,0.0,140.0,140.0,27,4,0,975,0,0,0
train,1181-0024.svg,460,185,0,6,2048,1,0,0.0,0.0,140.0,140.0,6,0,0,454,0,0,0
train,1182-0003.svg,1201,916,0,9,2048,1,0,0.0,0.0,140.0,140.0,28,5,0,1168,0,0,0
train,1182-0007.svg,616,332,0,10,2048,1,0,0.0,0.0,140.0,140.0,7,0,0,609,0,0,0
train,1182-0008.svg,1110,869,0,8,2048,1,0,0.0,0.0,140.0,140.0,31,4,0,1075,0,0,0
train,1182-0013.svg,605,395,0,7,2048,1,0,0.0,0.0,140.0,140.0,4,0,0,601,0,0,0
train,1182-0014.svg,123,13,0,2,2048,1,0,0.0,0.0,140.0,140.0,4,0,0,119,0,0,0
train,1183-0004.svg,779,289,0,6,2048,1,0,0.0,0.0,140.0,140.0,17,0,0,762,0,0,0
train,1183-0008.svg,603,218,0,4,2048,1,0,0.0,0.0,140.0,140.0,19,0,0,584,0,0,0
train,1185-0012.svg,323,144,0,5,2048,1,0,0.0,0.0,140.0,140.0,7,0,0,316,0,0,0
train,1185-0014.svg,511,188,0,4,2048,1,0,0.0,0.0,140.0,140.0,12,0,0,499,0,0,0
train,1185-0015.svg,283,78,0,4,2048,1,0,0.0,0.0,140.0,140.0,3,0,0,280,0,0,0
train,1186-0010.svg,2795,1715,0,23,2048,2,0,0.0,0.0,140.0,140.0,46,0,0,2749,0,0,0
train,1187-0001.svg,467,356,0,1,2048,1,0,0.0,0.0,140.0,140.0,4,0,0,463,0,0,0
train,1187-0004.svg,467,187,0,1,2048,1,0,0.0,0.0,140.0,140.0,0,0,0,467,0,0,0
train,1187-0010.svg,581,464,0,1,2048,1,0,0.0,0.0,140.0,140.0,0,0,0,581,0,0,0
train,1188-0279.svg,413,153,0,1,2048,1,0,0.0,0.0,140.0,140.0,10,0,0,403,0,0,0
train,1188-0285.svg,439,168,0,1,2048,1,0,0.0,0.0,140.0,140.0,10,0,0,429,0,0,0
train,1188-0288.svg,443,101,0,1,2048,1,0,0.0,0.0,140.0,140.0,11,0,0,432,0,0,0
train,1188-0294.svg,317,106,0,1,2048,1,0,0.0,0.0,140.0,140.0,10,0,0,307,0,0,0
train,1190-0012.svg,363,93,0,2,2048,1,0,0.0,0.0,140.0,140.0,11,0,0,352,0,0,0
train,1190-0016.svg,1116,618,0,9,2048,1,0,0.0,0.0,140.0,140.0,7,0,0,1109,0,0,0
train,1190-0046.svg,1259,132,0,3,2048,1,0,0.0,0.0,140.0,140.0,19,0,0,1240,0,0,0
train,1190-0047.svg,1120,371,0,7,2048,1,0,0.0,0.0,140.0,140.0,7,0,0,1113,0,0,0
train,1190-0058.svg,533,173,0,4,2048,1,0,0.0,0.0,140.0,140.0,7,0,0,526,0,0,0
train,1190-0065.svg,424,139,0,3,2048,1,0,0.0,0.0,140.0,140.0,7,0,0,417,0,0,0
train,1191-0000.svg,461,298,0,1,2048,1,0,0.0,0.0,140.0,140.0,6,0,0,455,0,0,0
train,1191-0010.svg,457,155,0,1,2048,1,0,0.0,0.0,140.0,140.0,6,0,0,451,0,0,0
train,1192-0004.svg,6465,1798,0,17,2048,4,0,0.0,0.0,140.0,140.0,51,0,0,6414,0,0,0
train,1193-0010.svg,347,162,0,1,2048,1,0,0.0,0.0,140.0,140.0,4,0,0,343,0,0,0
train,1194-0007.svg,118,24,0,1,2048,1,0,0.0,0.0,140.0,140.0,2,0,0,116,0,0,0
train,1194-0009.svg,2847,1941,0,19,2048,2,0,0.0,0.0,140.0,140.0,59,0,0,2788,0,0,0
train,1195-0004.svg,2831,1706,0,22,2048,2,0,0.0,0.0,140.0,140.0,46,0,0,2785,0,0,0
train,1195-0007.svg,3357,2168,0,19,2048,2,0,0.0,0.0,140.0,140.0,64,12,0,3281,0,0,0
train,1195-0010.svg,2795,1715,0,22,2048,2,0,0.0,0.0,140.0,140.0,46,0,0,2749,0,0,0
train,1196-0003.svg,356,150,0,1,2048,1,0,0.0,0.0,140.0,140.0,0,0,0,356,0,0,0
train,1196-0007.svg,346,228,0,1,2048,1,0,0.0,0.0,140.0,140.0,0,0,0,346,0,0,0
train,1197-0002.svg,685,308,0,12,2048,1,0,0.0,0.0,140.0,140.0,18,0,0,667,0,0,0
train,1197-0046.svg,2793,1755,0,22,2048,2,0,0.0,0.0,140.0,140.0,44,0,0,2749,0,0,0
train,1197-0057.svg,1862,1187,0,19,2048,1,0,0.0,0.0,140.0,140.0,44,6,0,1812,0,0,0
train,1197-0070.svg,3533,1172,0,10,2048,2,0,0.0,0.0,140.0,140.0,45,0,0,3488,0,0,0
train,1198-0001.svg,469,321,0,8,2048,1,0,0.0,0.0,140.0,140.0,24,1,0,444,0,0,0
train,1198-0002.svg,319,208,0,5,2048,1,0,0.0,0.0,140.0,140.0,35,4,0,280,0,0,0
train,1198-0003.svg,268,164,0,6,2048,1,0,0.0,0.0,140.0,140.0,34,6,0,228,0,0,0
train,1198-0006.svg,962,761,0,10,2048,1,0,0.0,0.0,140.0,140.0,21,6,0,935,0,0,0
train,1198-0016.svg,63,25,0,2,2048,1,0,0.0,0.0,140.0,140.0,0,0,0,63,0,0,0
train,1198-0031.svg,831,670,0,7,2048,1,0,0.0,0.0,140.0,140.0,4,0,0,827,0,0,0
train,1198-0035.svg,84,37,0,3,2048,1,0,0.0,0.0,140.0,140.0,2,0,0,82,0,0,0
train,1198-0036.svg,793,466,0,8,2048,1,0,0.0,0.0,140.0,140.0,31,2,0,760,0,0,0
train,1200-0003.svg,1181,932,0,9,2048,1,0,0.0,0.0,140.0,140.0,28,5,0,1148,0,0,0
train,1200-0007.svg,682,269,0,8,2048,1,0,0.0,0.0,140.0,140.0,8,0,0,674,0,0,0
train,1200-0015.svg,1245,891,0,8,2048,1,0,0.0,0.0,140.0,140.0,17,1,0,1227,0,0,0
train,1201-0004.svg,252,52,0,1,2048,1,0,0.0,0.0,140.0,140.0,0,0,0,252,0,0,0
train,1202-0005.svg,266,80,0,5,2048,1,0,0.0,0.0,140.0,140.0,7,0,0,259,0,0,0
train,1203-0007.svg,85,23,0,1,2048,1,0,0.0,0.0,140.0,140.0,6,0,0,79,0,0,0
train,1203-0013.svg,246,137,0,5,2048,1,0,0.0,0.0,140.0,140.0,4,0,0,242,0,0,0
train,1204-0006.svg,373,229,0,1,2048,1,0,0.0,0.0,140.0,140.0,0,0,0,373,0,0,0
train,1204-0010.svg,355,162,0,1,2048,1,0,0.0,0.0,140.0,140.0,0,0,0,355,0,0,0
train,1205-0004.svg,320,140,0,1,2048,1,0,0.0,0.0,140.0,140.0,8,0,0,312,0,0,0
train,1206-0006.svg,670,586,0,7,2048,1,0,0.0,0.0,140.0,140.0,6,0,0,664,0,0,0
train,1206-0011.svg,528,429,0,7,2048,1,0,0.0,0.0,140.0,140.0,2,0,0,526,0,0,0
train,1206-0012.svg,334,204,0,4,2048,1,0,0.0,0.0,140.0,140.0,0,0,0,334,0,0,0
train,1206-0013.svg,199,69,0,3,2048,1,0,0.0,0.0,140.0,140.0,0,0,0,199,0,0,0
train,1206-0023.svg,261,105,0,3,2048,1,0,0.0,0.0,140.0,140.0,0,0,0,261,0,0,0
train,1206-0026.svg,678,606,0,5,2048,1,0,0.0,0.0,140.0,140.0,0,0,0,678,0,0,0
train,1206-0036.svg,426,228,0,7,2048,1,0,0.0,0.0,140.0,140.0,4,0,0,422,0,0,0
train,1206-0037.svg,315,151,0,4,2048,1,0,0.0,0.0,140.0,140.0,2,0,0,313,0,0,0
train,1207-0003.svg,1201,891,0,8,2048,1,0,0.0,0.0,140.0,140.0,28,5,0,1168,0,0,0
train,1207-0013.svg,605,413,0,6,2048,1,0,0.0,0.0,140.0,140.0,4,0,0,601,0,0,0
train,1208-0010.svg,1248,856,0,7,2048,1,0,0.0,0.0,140.0,140.0,21,5,0,1222,0,0,0
train,1209-0013.svg,605,396,0,7,2048,1,0,0.0,0.0,140.0,140.0,4,0,0,601,0,0,0
train,1209-0015.svg,1307,966,0,9,2048,1,0,0.0,0.0,140.0,140.0,28,5,0,1274,0,0,0
train,1210-0087.svg,310,28,0,2,2048,1,0,0.0,0.0,140.0,140.0,0,0,0,310,0,0,0
train,1210-0088.svg,474,274,0,8,2048,1,0,0.0,0.0,140.0,140.0,2,0,0,472,0,0,0
train,1210-0090.svg,499,106,0,2,2048,1,0,0.0,0.0,140.0,140.0,1,0,0,498,0,0,0
train,1210-0101.svg,472,82,0,3,2048,1,0,0.0,0.0,140.0,140.0,1,0,0,471,0,0,0
train,1210-0105.svg,2088,1746,0,9,2048,2,0,0.0,0.0,140.0,140.0,10,0,0,2078,0,0,0
train,1210-0107.svg,747,82,0,2,2048,1,0,0.0,0.0,140.0,140.0,2,0,0,745,0,0,0
train,1210-0147.svg,424,32,0,2,2048,1,0,0.0,0.0,140.0,140.0,1,0,0,423,0,0,0
train,1212-0010.svg,373,226,0,1,2048,1,0,0.0,0.0,140.0,140.0,0,0,0,373,0,0,0
train,1213-0035.svg,3314,2202,0,20,2048,2,0,0.0,0.0,140.0,140.0,49,12,0,3253,0,0,0
train,1213-0045.svg,1350,554,0,9,2048,1,0,0.0,0.0,140.0,140.0,33,0,0,1317,0,0,0
train,1213-0059.svg,5695,3158,0,16,2048,3,0,0.0,0.0,140.0,140.0,76,0,0,5619,0,0,0
train,1213-0070.svg,3533,1530,0,15,2048,2,0,0.0,0.0,140.0,140.0,45,0,0,3488,0,0,0
train,1214-0006.svg,366,60,0,1,2048,1,0,0.0,0.0,140.0,140.0,0,0,0,366,0,0,0
train,1215-0012.svg,1314,665,0,11,2048,1,0,0.0,0.0,140.0,140.0,15,0,0,1299,0,0,0
train,1215-0022.svg,2190,1347,0,22,2048,2,0,0.0,0.0,140.0,140.0,34,0,0,2156,0,0,0
train,1215-0029.svg,4597,2316,0,16,2048,3,0,0.0,0.0,140.0,140.0,58,0,0,4539,0,0,0
train,1215-0034.svg,4678,1482,0,14,2048,3,0,0.0,0.0,140.0,140.0,49,0,0,4629,0,0,0
train,1216-0008.svg,475,297,0,1,2048,1,0,0.0,0.0,140.0,140.0,8,0,0,467,0,0,0
train,1216-0010.svg,355,207,0,1,2048,1,0,0.0,0.0,140.0,140.0,6,0,0,349,0,0,0
train,1217-0008.svg,703,345,0,10,2048,1,0,0.0,0.0,140.0,140.0,12,3,0,688,0,0,0
train,1217-0021.svg,1366,329,0,5,2048,1,0,0.0,0.0,140.0,140.0,28,0,0,1338,0,0,0
train,1218-0017.svg,1005,584,0,6,2048,1,0,0.0,0.0,140.0,140.0,5,0,0,1000,0,0,0
train,1218-0023.svg,3400,1571,0,7,2048,2,0,0.0,0.0,140.0,140.0,7,0,0,3393,0,0,0
train,1219-0007.svg,354,42,0,1,2048,1,0,0.0,0.0,140.0,140.0,7,0,0,347,0,0,0
train,1220-0008.svg,827,724,0,11,2048,1,0,0.0,0.0,140.0,140.0,5,0,0,822,0,0,0
train,1220-0013.svg,1282,1077,0,15,2048,1,0,0.0,0.0,140.0,140.0,10,0,0,1272,0,0,0
train,1221-0015.svg,2791,440,0,2,2048,2,0,0.0,0.0,140.0,140.0,0,0,0,2791,0,0,0
train,1221-0019.svg,8418,936,0,3,2048,5,0,0.0,0.0,140.0,140.0,0,0,0,8418,0,0,0
train,1221-0047.svg,1020,153,0,4,2048,1,0,0.0,0.0,140.0,140.0,1,0,0,1019,0,0,0
train,1221-0050.svg,3466,650,0,8,2048,2,0,0.0,0.0,140.0,140.0,22,0,0,3444,0,0,0
train,1221-0057.svg,2503,1690,0,9,2048,2,0,0.0,0.0,140.0,140.0,7,0,0,2496,0,0,0
train,1221-0061.svg,592,281,0,9,2048,1,0,0.0,0.0,140.0,140.0,3,0,0,589,0,0,0
train,1221-0071.svg,1822,1243,0,5,2048,1,0,0.0,0.0,140.0,140.0,9,0,0,1813,0,0,0
train,1221-0072.svg,1417,733,0,7,2048,1,0,0.0,0.0,140.0,140.0,9,0,0,1408,0,0,0
train,1221-0074.svg,659,67,0,4,2048,1,0,0.0,0.0,140.0,140.0,3,0,0,656,0,0,0
train,1221-0078.svg,1226,54,0,3,2048,1,0,0.0,0.0,140.0,140.0,20,0,0,1206,0,0,0
train,1222-0010.svg,515,204,0,1,2048,1,0,0.0,0.0,140.0,140.0,8,0,0,507,0,0,0
train,1222-0018.svg,428,219,0,1,2048,1,0,0.0,0.0,140.0,140.0,5,0,0,423,0,0,0
train,1223-0001.svg,154,33,0,2,2048,1,0,0.0,0.0,140.0,140.0,0,0,0,154,0,0,0
train,1223-0005.svg,352,13,0,2,2048,1,0,0.0,0.0,140.0,140.0,4,0,0,348,0,0,0
train,1223-0016.svg,422,193,0,6,2048,1,0,0.0,0.0,140.0,140.0,2,0,0,420,0,0,0
train,1224-0007.svg,2812,1758,0,21,2048,2,0,0.0,0.0,140.0,140.0,43,6,0,2763,0,0,0
train,1224-0017.svg,3386,2224,0,22,2048,2,0,0.0,0.0,140.0,140.0,49,12,0,3325,0,0,0
train,1224-0022.svg,3140,1789,0,22,2048,2,0,0.0,0.0,140.0,140.0,46,0,0,3094,0,0,0
train,1225-0040.svg,9971,523,0,3,2048,5,0,0.0,0.0,140.0,140.0,0,0,0,9971,0,0,0
train,1225-0047.svg,4746,898,0,4,2048,3,0,0.0,0.0,140.0,140.0,1,0,0,4745,0,0,0
train,1225-0061.svg,3026,302,0,5,2048,2,0,0.0,0.0,140.0,140.0,2,0,0,3024,0,0,0
train,1225-0080.svg,196,76,0,4,2048,1,0,0.0,0.0,140.0,140.0,0,0,0,196,0,0,0
train,1225-0089.svg,365,158,0,6,2048,1,0,0.0,0.0,140.0,140.0,3,0,0,362,0,0,0
train,1225-0093.svg,1361,867,0,6,2048,1,0,0.0,0.0,140.0,140.0,8,0,0,1353,0,0,0
train,1225-0099.svg,1335,108,0,5,2048,1,0,0.0,0.0,140.0,140.0,21,0,0,1314,0,0,0
train,1225-0106.svg,529,12,0,1,2048,1,0,0.0,0.0,140.0,140.0,5,0,0,524,0,0,0
train,1227-0001.svg,150,46,0,1,2048,1,0,0.0,0.0,140.0,140.0,6,0,0,144,0,0,0
train,1227-0005.svg,496,283,0,1,2048,1,0,0.0,0.0,140.0,140.0,0,0,0,496,0,0,0
train,1227-0009.svg,546,112,0,1,2048,1,0,0.0,0.0,140.0,140.0,0,0,0,546,0,0,0
train,1228-0121.svg,110,3,0,1,2048,1,0,0.0,0.0,140.0,140.0,0,0,0,110,0,0,0
train,1228-0144.svg,1183,669,0,8,2048,1,0,0.0,0.0,140.0,140.0,5,0,0,1178,0,0,0
train,1228-0145.svg,355,147,0,2,2048,1,0,0.0,0.0,140.0,140.0,6,0,0,349,0,0,0
train,1228-0146.svg,54,4,0,1,2048,1,0,0.0,0.0,140.0,140.0,1,0,0,53,0,0,0
train,1228-0176.svg,297,122,0,4,2048,1,0,0.0,0.0,140.0,140.0,2,0,0,295,0,0,0
train,1228-0211.svg,134,23,0,2,2048,1,0,0.0,0.0,140.0,140.0,0,0,0,134,0,0,0
train,1228-0238.svg,293,171,0,5,2048,1,0,0.0,0.0,140.0,140.0,1,0,0,292,0,0,0
train,1228-0246.svg,110,47,0,3,2048,1,0,0.0,0.0,140.0,140.0,1,0,0,109,0,0,0
train,1228-0267.svg,2842,1041,0,10,2048,2,0,0.0,0.0,140.0,140.0,69,0,0,2773,0,0,0
train,1228-0273.svg,235,106,0,4,2048,1,0,0.0,0.0,140.0,140.0,1,0,0,234,0,0,0
train,1228-0298.svg,1844,850,0,10,2048,1,0,0.0,0.0,140.0,140.0,56,0,0,1788,0,0,0
train,1228-0334.svg,162,46,0,3,2048,1,0,0.0,0.0,140.0,140.0,1,0,0,161,0,0,0
train,1228-0337.svg,317,197,0,5,2048,1,0,0.0,0.0,140.0,140.0,1,0,0,316,0,0,0
train,1228-0365.svg,107,33,0,2,2048,1,0,0.0,0.0,140.0,140.0,0,0,0,107,0,0,0
train,1228-0400.svg,144,62,0,3,2048,1,0,0.0,0.0,140.0,140.0,1,0,0,143,0,0,0
train,1228-0423.svg,137,64,0,4,2048,1,0,0.0,0.0,140.0,140.0,1,0,0,136,0,0,0
train,1228-0424.svg,134,41,0,2,2048,1,0,0.0,0.0,140.0,140.0,1,0,0,133,0,0,0
train,1228-0428.svg,208,104,0,5,2048,1,0,0.0,0.0,140.0,140.0,0,0,0,208,0,0,0
train,1228-0453.svg,563,357,0,6,2048,1,0,0.0,0.0,140.0,140.0,1,0,0,562,0,0,0
train,1228-0457.svg,402,235,0,5,2048,1,0,0.0,0.0,140.0,140.0,1,0,0,401,0,0,0
train,1228-0462.svg,134,47,0,3,2048,1,0,0.0,0.0,140.0,140.0,1,0,0,133,0,0,0
train,1228-0484.svg,685,546,0,6,2048,1,0,0.0,0.0,140.0,140.0,1,0,0,684,0,0,0
train,1228-0514.svg,83,43,0,3,2048,1,0,0.0,0.0,140.0,140.0,0,0,0,83,0,0,0
train,1228-0520.svg,211,107,0,5,2048,1,0,0.0,0.0,140.0,140.0,0,0,0,211,0,0,0
train,1228-0523.svg,205,105,0,4,2048,1,0,0.0,0.0,140.0,140.0,0,0,0,205,0,0,0
train,1228-0524.svg,81,12,0,1,2048,1,0,0.0,0.0,140.0,140.0,1,0,0,80,0,0,0
train,1228-0546.svg,1079,800,0,8,2048,1,0,0.0,0.0,140.0,140.0,2,0,0,1077,0,0,0
train,1228-0585.svg,208,141,0,4,2048,1,0,0.0,0.0,140.0,140.0,1,0,0,207,0,0,0
train,1228-0613.svg,244,53,0,3,2048,1,0,0.0,0.0,140.0,140.0,2,0,0,242,0,0,0
train,1229-1479.svg,22,10,0,2,2048,1,0,0.0,0.0,140.0,140.0,1,0,0,21,0,0,0
train,1229-1480.svg,96,70,0,4,2048,1,0,0.0,0.0,140.0,140.0,0,0,0,96,0,0,0
train,1229-1542.svg,127,87,0,2,2048,1,0,0.0,0.0,140.0,140.0,1,0,0,126,0,0,0
train,1229-1656.svg,44,16,0,2,2048,1,0,0.0,0.0,140.0,140.0,0,0,0,44,0,0,0
train,1229-1662.svg,161,71,0,5,2048,1,0,0.0,0.0,140.0,140.0,0,0,0,161,0,0,0
train,1229-1841.svg,198,109,0,3,2048,1,0,0.0,0.0,140.0,140.0,0,0,0,198,0,0,0
train,1229-1846.svg,215,25,0,1,2048,1,0,0.0,0.0,140.0,140.0,0,0,0,215,0,0,0
train,1229-1902.svg,154,83,0,5,2048,1,0,0.0,0.0,140.0,140.0,1,0,0,153,0,0,0
train,1229-1907.svg,66,5,0,1,2048,1,0,0.0,0.0,140.0,140.0,1,0,0,65,0,0,0
train,1229-1960.svg,258,96,0,3,2048,1,0,0.0,0.0,140.0,140.0,0,0,0,258,0,0,0
train,1229-2016.svg,160,66,0,3,2048,1,0,0.0,0.0,140.0,140.0,0,0,0,160,0,0,0
train,1229-2078.svg,260,60,0,2,2048,1,0,0.0,0.0,140.0,140.0,0,0,0,260,0,0,0
train,1229-2080.svg,247,38,0,2,2048,1,0,0.0,0.0,140.0,140.0,0,0,0,247,0,0,0
train,1229-2081.svg,295,146,0,3,2048,1,0,0.0,0.0,140.0,140.0,0,0,0,295,0,0,0
train,1229-2082.svg,314,183,0,5,2048,1,0,0.0,0.0,140.0,140.0,0,0,0,314,0,0,0
train,1229-2196.svg,246,142,0,5,2048,1,0,0.0,0.0,140.0,140.0,0,0,0,246,0,0,0
train,1229-2198.svg,151,16,0,1,2048,1,0,0.0,0.0,140.0,140.0,0,0,0,151,0,0,0
train,1229-2201.svg,337,163,0,3,2048,1,0,0.0,0.0,140.0,140.0,0,0,0,337,0,0,0
train,1229-2202.svg,268,128,0,5,2048,1,0,0.0,0.0,140.0,140.0,0,0,0,268,0,0,0
train,1229-2317.svg,325,171,0,6,2048,1,0,0.0,0.0,140.0,140.0,0,0,0,325,0,0,0
train,1229-2318.svg,216,73,0,3,2048,1,0,0.0,0.0,140.0,140.0,0,0,0,216,0,0,0
train,1229-2322.svg,71,42,0,4,2048,1,0,0.0,0.0,140.0,140.0,1,0,0,70,0,0,0
train,1229-2374.svg,147,78,0,3,2048,1,0,0.0,0.0,140.0,140.0,0,0,0,147,0,0,0
train,1229-2375.svg,220,47,0,3,2048,1,0,0.0,0.0,140.0,140.0,0,0,0,220,0,0,0
train,1229-2376.svg,67,6,0,1,2048,1,0,0.0,0.0,140.0,140.0,0,0,0,67,0,0,0
train,1229-2382.svg,146,72,0,4,2048,1,0,0.0,0.0,140.0,140.0,0,0,0,146,0,0,0
train,1229-2435.svg,414,224,0,3,2048,1,0,0.0,0.0,140.0,140.0,0,0,0,414,0,0,0
train,1229-2494.svg,231,77,0,2,2048,1,0,0.0,0.0,140.0,140.0,0,0,0,231,0,0,0
train,1229-2495.svg,260,40,0,2,2048,1,0,0.0,0.0,140.0,140.0,0,0,0,260,0,0,0
train,1229-2501.svg,206,28,0,2,2048,1,0,0.0,0.0,140.0,140.0,0,0,0,206,0,0,0
train,1229-2502.svg,230,99,0,4,2048,1,0,0.0,0.0,140.0,140.0,0,0,0,230,0,0,0
train,1229-2555.svg,241,43,0,3,2048,1,0,0.0,0.0,140.0,140.0,0,0,0,241,0,0,0
train,1229-2614.svg,102,61,0,3,2048,1,0,0.0,0.0,140.0,140.0,0,0,0,102,0,0,0
train,1229-2616.svg,243,162,0,3,2048,1,0,0.0,0.0,140.0,140.0,0,0,0,243,0,0,0
train,1229-2619.svg,254,177,0,6,2048,1,0,0.0,0.0,140.0,140.0,0,0,0,254,0,0,0
train,1229-2736.svg,96,22,0,2,2048,1,0,0.0,0.0,140.0,140.0,1,0,0,95,0,0,0
train,1231-0006.svg,640,447,0,1,2048,1,0,0.0,0.0,140.0,140.0,0,0,0,640,0,0,0
train,1231-0010.svg,522,362,0,1,2048,1,0,0.0,0.0,140.0,140.0,0,0,0,522,0,0,0
train,1233-0009.svg,487,326,0,1,2048,1,0,0.0,0.0,140.0,140.0,0,0,0,487,0,0,0
train,1234-0007.svg,349,171,0,1,2048,1,0,0.0,0.0,140.0,140.0,0,0,0,349,0,0,0
train,1235-0003.svg,268,143,0,6,2048,1,0,0.0,0.0,140.0,140.0,34,6,0,228,0,0,0
train,1235-0006.svg,962,756,0,11,2048,1,0,0.0,0.0,140.0,140.0,21,6,0,935,0,0,0
train,1235-0008.svg,455,36,0,2,2048,1,0,0.0,0.0,140.0,140.0,60,12,0,383,0,0,0
train,1235-0037.svg,428,192,0,6,2048,1,0,0.0,0.0,140.0,140.0,15,2,0,411,0,0,0
train,1236-0007.svg,217,47,0,1,2048,1,0,0.0,0.0,140.0,140.0,5,0,0,212,0,0,0
train,1237-0021.svg,1505,469,0,6,2048,1,0,0.0,0.0,140.0,140.0,24,0,0,1481,0,0,0
train,1237-0022.svg,2190,1352,0,22,2048,2,0,0.0,0.0,140.0,140.0,34,0,0,2156,0,0,0
train,1237-0034.svg,4678,600,0,15,2048,3,0,0.0,0.0,140.0,140.0,49,0,0,4629,0,0,0
train,1238-0006.svg,439,129,0,5,2048,1,0,0.0,0.0,140.0,140.0,2,0,0,437,0,0,0
train,1238-0012.svg,109,28,0,1,2048,1,0,0.0,0.0,140.0,140.0,0,0,0,109,0,0,0
train,1238-0017.svg,202,14,0,2,2048,1,0,0.0,0.0,140.0,140.0,5,0,0,197,0,0,0
train,1239-1199.svg,2613,637,0,8,2048,2,0,0.0,0.0,140.0,140.0,20,0,0,2593,0,0,0
train,1239-1200.svg,2698,814,0,8,2048,2,0,0.0,0.0,140.0,140.0,12,6,0,2680,0,0,0
train,1239-1219.svg,4861,1310,0,10,2048,3,0,0.0,0.0,140.0,140.0,23,0,0,4838,0,0,0
train,1239-1221.svg,3648,636,0,10,2048,2,0,0.0,0.0,140.0,140.0,14,0,0,3634,0,0,0
train,1239-1240.svg,4877,1339,0,9,2048,3,0,0.0,0.0,140.0,140.0,28,0,0,4849,0,0,0
train,1239-1261.svg,2697,770,0,8,2048,2,0,0.0,0.0,140.0,140.0,16,6,0,2675,0,0,0
train,1239-1262.svg,1631,476,0,6,2048,1,0,0.0,0.0,140.0,140.0,11,0,0,1620,0,0,0
train,1239-1263.svg,2238,828,0,9,2048,2,0,0.0,0.0,140.0,140.0,12,6,0,2220,0,0,0
train,1239-1287.svg,102,10,0,1,2048,1,0,0.0,0.0,140.0,140.0,4,0,0,98,0,0,0
train,1239-1308.svg,83,2,0,1,2048,1,0,0.0,0.0,140.0,140.0,2,0,0,81,0,0,0
train,1240-0006.svg,640,455,0,1,2048,1,0,0.0,0.0,140.0,140.0,0,0,0,640,0,0,0
train,1241-0004.svg,538,296,0,5,2048,1,0,0.0,0.0,140.0,140.0,9,5,0,524,0,0,0
train,1241-0006.svg,420,198,0,8,2048,1,0,0.0,0.0,140.0,140.0,17,0,0,403,0,0,0
train,1241-0008.svg,617,243,0,8,2048,1,0,0.0,0.0,140.0,140.0,3,0,0,614,0,0,0
train,1241-0028.svg,60,13,0,2,2048,1,0,0.0,0.0,140.0,140.0,0,0,0,60,0,0,0
train,1243-0004.svg,2298,1867,0,13,2048,2,0,0.0,0.0,140.0,140.0,46,0,0,2252,0,0,0
train,1243-0008.svg,2243,1376,0,13,2048,2,0,0.0,0.0,140.0,140.0,46,0,0,2197,0,0,0
train,1243-0009.svg,2001,1802,0,14,2048,1,0,0.0,0.0,140.0,140.0,25,0,0,1976,0,0,0
train,1244-2166.svg,310,97,0,5,2048,1,0,0.0,0.0,140.0,140.0,0,0,0,310,0,0,0
train,1244-2221.svg,208,34,0,2,2048,1,0,0.0,0.0,140.0,140.0,0,0,0,208,0,0,0
train,1245-0006.svg,530,299,0,1,2048,1,0,0.0,0.0,140.0,140.0,0,0,0,530,0,0,0
train,1245-0016.svg,507,280,0,1,2048,1,0,0.0,0.0,140.0,140.0,0,0,0,507,0,0,0
train,1246-0082.svg,1083,791,0,11,2048,1,0,0.0,0.0,140.0,140.0,53,0,0,1030,0,0,0
train,1246-0083.svg,312,245,0,6,2048,1,0,0.0,0.0,140.0,140.0,2,0,0,310,0,0,0
train,1246-0084.svg,983,56,0,3,2048,1,0,0.0,0.0,140.0,140.0,2,0,0,981,0,0,0
train,1246-0138.svg,444,220,0,4,2048,1,0,0.0,0.0,140.0,140.0,5,0,0,439,0,0,0
train,1246-0147.svg,441,54,0,1,2048,1,0,0.0,0.0,140.0,140.0,2,0,0,439,0,0,0
train,1247-0008.svg,1833,780,0,16,2048,1,0,0.0,0.0,140.0,140.0,22,0,0,1811,0,0,0
train,1247-0009.svg,2847,1946,0,19,2048,2,0,0.0,0.0,140.0,140.0,59,0,0,2788,0,0,0
train,1247-0016.svg,310,135,0,6,2048,1,0,0.0,0.0,140.0,140.0,9,0,0,301,0,0,0
train,1248-0003.svg,353,168,0,1,2048,1,0,0.0,0.0,140.0,140.0,0,0,0,353,0,0,0
train,1249-0002.svg,134,12,0,2,2048,1,0,0.0,0.0,140.0,140.0,3,0,0,131,0,0,0
train,1249-0004.svg,625,33,0,1,2048,1,0,0.0,0.0,140.0,140.0,1,54,0,570,0,0,0
train,1250-0007.svg,217,49,0,2,2048,1,0,0.0,0.0,140.0,140.0,5,0,0,212,0,0,0
train,1250-0011.svg,212,50,0,3,2048,1,0,0.0,0.0,140.0,140.0,10,0,0,202,0,0,0
train,1250-0017.svg,379,138,0,3,2048,1,0,0.0,0.0,140.0,140.0,5,0,0,374,0,0,0
train,1250-0022.svg,386,113,0,3,2048,1,0,0.0,0.0,140.0,140.0,7,0,0,379,0,0,0
train,1251-0006.svg,687,586,0,7,2048,1,0,0.0,0.0,140.0,140.0,6,0,0,681,0,0,0
train,1251-0017.svg,1315,1085,0,9,2048,1,0,0.0,0.0,140.0,140.0,14,0,0,1301,0,0,0
train,1251-0022.svg,1027,601,0,9,2048,1,0,0.0,0.0,140.0,140.0,20,0,0,1007,0,0,0
train,1251-0036.svg,541,328,0,10,2048,1,0,0.0,0.0,140.0,140.0,8,0,0,533,0,0,0
train,1252-0001.svg,477,321,0,8,2048,1,0,0.0,0.0,140.0,140.0,24,1,0,452,0,0,0
train,1252-0012.svg,430,294,0,7,2048,1,0,0.0,0.0,140.0,140.0,40,8,0,382,0,0,0
train,1252-0026.svg,712,649,0,4,2048,1,0,0.0,0.0,140.0,140.0,0,0,0,712,0,0,0
train,1252-0031.svg,879,708,0,7,2048,1,0,0.0,0.0,140.0,140.0,4,0,0,875,0,0,0
train,1253-0006.svg,420,194,0,8,2048,1,0,0.0,0.0,140.0,140.0,17,0,0,403,0,0,0
train,1253-0010.svg,308,140,0,6,2048,1,0,0.0,0.0,140.0,140.0,6,0,0,302,0,0,0
train,1253-0012.svg,415,106,0,4,2048,1,0,0.0,0.0,140.0,140.0,5,0,0,410,0,0,0
train,1253-0018.svg,1183,737,0,7,2048,1,0,0.0,0.0,140.0,140.0,21,0,0,1162,0,0,0
train,1253-0020.svg,332,103,0,4,2048,1,0,0.0,0.0,140.0,140.0,6,0,0,326,0,0,0
train,1253-0028.svg,60,20,0,2,2048,1,0,0.0,0.0,140.0,140.0,0,0,0,60,0,0,0
train,1254-0006.svg,640,458,0,1,2048,1,0,0.0,0.0,140.0,140.0,0,0,0,640,0,0,0
train,1255-0012.svg,415,136,0,4,2048,1,0,0.0,0.0,140.0,140.0,5,0,0,410,0,0,0
train,1255-0013.svg,790,461,0,7,2048,1,0,0.0,0.0,140.0,140.0,18,2,0,770,0,0,0
train,1255-0014.svg,751,346,0,10,2048,1,0,0.0,0.0,140.0,140.0,8,0,0,743,0,0,0
train,1255-0015.svg,1006,572,0,9,2048,1,0,0.0,0.0,140.0,140.0,27,4,0,975,0,0,0
train,1255-0018.svg,1183,769,0,8,2048,1,0,0.0,0.0,140.0,140.0,21,0,0,1162,0,0,0
train,1255-0019.svg,892,447,0,6,2048,1,0,0.0,0.0,140.0,140.0,19,5,0,868,0,0,0
train,1255-0024.svg,460,196,0,7,2048,1,0,0.0,0.0,140.0,140.0,6,0,0,454,0,0,0
train,1256-0556.svg,107,4,0,1,2048,1,0,0.0,0.0,140.0,140.0,0,0,0,107,0,0,0
train,1256-0557.svg,103,2,0,1,2048,1,0,0.0,0.0,140.0,140.0,0,0,0,103,0,0,0
train,1256-0558.svg,60,5,0,1,2048,1,0,0.0,0.0,140.0,140.0,0,0,0,60,0,0,0
train,1256-0741.svg,333,103,0,3,2048,1,0,0.0,0.0,140.0,140.0,1,0,0,332,0,0,0
train,1256-0743.svg,158,41,0,3,2048,1,0,0.0,0.0,140.0,140.0,3,0,0,155,0,0,0
train,1256-0927.svg,515,288,0,6,2048,1,0,0.0,0.0,140.0,140.0,2,0,0,513,0,0,0
train,1256-1110.svg,251,40,0,1,2048,1,0,0.0,0.0,140.0,140.0,2,0,0,249,0,0,0
train,1256-1111.svg,419,255,0,4,2048,1,0,0.0,0.0,140.0,140.0,0,0,0,419,0,0,0
train,1256-1853.svg,18,2,0,1,2048,1,0,0.0,0.0,140.0,140.0,0,0,0,18,0,0,0
train,1256-2039.svg,104,4,0,1,2048,1,0,0.0,0.0,140.0,140.0,2,0,0,102,0,0,0
train,1257-0005.svg,352,9,0,1,2048,1,0,0.0,0.0,140.0,140.0,4,0,0,348,0,0,0
train,1257-0013.svg,330,14,0,2,2048,1,0,0.0,0.0,140.0,140.0,2,0,0,328,0,0,0
train,1257-0014.svg,231,2,0,1,2048,1,0,0.0,0.0,140.0,140.0,3,0,0,228,0,0,0
train,1257-0018.svg,85,10,0,1,2048,1,0,0.0,0.0,140.0,140.0,6,0,0,79,0,0,0
train,1259-0013.svg,1678,464,0,6,2048,1,0,0.0,0.0,140.0,140.0,3,0,0,1675,0,0,0
train,1259-0017.svg,599,504,0,5,2048,1,0,0.0,0.0,140.0,140.0,9,0,0,590,0,0,0
train,1259-0019.svg,517,107,0,4,2048,1,0,0.0,0.0,140.0,140.0,0,0,0,517,0,0,0
train,1259-0034.svg,1651,368,0,6,2048,1,0,0.0,0.0,140.0,140.0,2,0,0,1649,0,0,0
train,1259-0041.svg,1442,237,0,5,2048,1,0,0.0,0.0,140.0,140.0,2,0,0,1440,0,0,0
train,1259-0050.svg,970,647,0,11,2048,1,0,0.0,0.0,140.0,140.0,21,1,0,948,0,0,0
train,1260-0058.svg,476,149,0,2,2048,1,0,0.0,0.0,140.0,140.0,2,0,0,474,0,0,0
train,1260-0069.svg,1049,822,0,7,2048,1,0,0.0,0.0,140.0,140.0,51,0,0,998,0,0,0
train,1260-0072.svg,350,14,0,1,2048,1,0,0.0,0.0,140.0,140.0,2,0,0,348,0,0,0
train,1260-0136.svg,114,10,0,1,2048,1,0,0.0,0.0,140.0,140.0,0,0,0,114,0,0,0
train,1260-0147.svg,94,6,0,1,2048,1,0,0.0,0.0,140.0,140.0,3,0,0,91,0,0,0
train,1261-0016.svg,468,107,0,1,2048,1,0,0.0,0.0,140.0,140.0,0,0,0,468,0,0,0
train,1261-0020.svg,322,98,0,1,2048,1,0,0.0,0.0,140.0,140.0,0,0,0,322,0,0,0
train,1261-0024.svg,223,193,0,1,2048,1,0,0.0,0.0,140.0,140.0,0,0,0,223,0,0,0
train,1261-0031.svg,198,166,0,1,2048,1,0,0.0,0.0,140.0,140.0,0,0,0,198,0,0,0
train,1261-0036.svg,150,20,0,1,2048,1,0,0.0,0.0,140.0,140.0,0,0,0,150,0,0,0
train,1261-0037.svg,117,64,0,1,2048,1,0,0.0,0.0,140.0,140.0,0,0,0,117,0,0,0
train,1261-0061.svg,226,48,0,1,2048,1,0,0.0,0.0,140.0,140.0,0,0,0,226,0,0,0
train,1261-0072.svg,264,67,0,1,2048,1,0,0.0,0.0,140.0,140.0,0,0,0,264,0,0,0
train,1261-0087.svg,186,36,0,1,2048,1,0,0.0,0.0,140.0,140.0,0,0,0,186,0,0,0
train,1261-0110.svg,134,18,0,1,2048,1,0,0.0,0.0,140.0,140.0,0,0,0,134,0,0,0
train,1261-0115.svg,182,67,0,1,2048,1,0,0.0,0.0,140.0,140.0,0,0,0,182,0,0,0
train,1261-0116.svg,223,175,0,1,2048,1,0,0.0,0.0,140.0,140.0,0,0,0,223,0,0,0
train,1261-0131.svg,198,115,0,1,2048,1,0,0.0,0.0,140.0,140.0,0,0,0,198,0,0,0
train,1261-0137.svg,221,99,0,1,2048,1,0,0.0,0.0,140.0,140.0,0,0,0,221,0,0,0
train,1261-0139.svg,270,195,0,1,2048,1,0,0.0,0.0,140.0,140.0,0,0,0,270,0,0,0
train,1262-0137.svg,444,152,0,4,2048,1,0,0.0,0.0,140.0,140.0,1,0,0,443,0,0,0
train,1262-0176.svg,2096,426,0,6,2048,2,0,0.0,0.0,140.0,140.0,8,0,0,2088,0,0,0
train,1262-0311.svg,203,83,0,4,2048,1,0,0.0,0.0,140.0,140.0,3,0,0,200,0,0,0
train,1262-0433.svg,681,284,0,5,2048,1,0,0.0,0.0,140.0,140.0,1,0,0,680,0,0,0
train,1262-0434.svg,232,102,0,4,2048,1,0,0.0,0.0,140.0,140.0,1,0,0,231,0,0,0
train,1262-0441.svg,266,157,0,4,2048,1,0,0.0,0.0,140.0,140.0,1,0,0,265,0,0,0
train,1262-0475.svg,973,229,0,5,2048,1,0,0.0,0.0,140.0,140.0,1,0,0,972,0,0,0
train,1262-0561.svg,221,148,0,5,2048,1,0,0.0,0.0,140.0,140.0,2,0,0,219,0,0,0
train,1262-0606.svg,149,44,0,3,2048,1,0,0.0,0.0,140.0,140.0,1,0,0,148,0,0,0
train,1262-0611.svg,1689,1091,0,10,2048,1,0,0.0,0.0,140.0,140.0,24,0,0,1665,0,0,0
train,1262-0693.svg,331,173,0,5,2048,1,0,0.0,0.0,140.0,140.0,0,0,0,331,0,0,0
train,1262-0907.svg,959,327,0,5,2048,1,0,0.0,0.0,140.0,140.0,2,0,0,957,0,0,0
train,1263-0008.svg,473,308,0,5,2048,1,0,0.0,0.0,140.0,140.0,0,0,0,473,0,0,0
train,1263-0015.svg,765,628,0,5,2048,1,0,0.0,0.0,140.0,140.0,4,0,0,761,0,0,0
train,1263-0039.svg,279,208,0,4,2048,1,0,0.0,0.0,140.0,140.0,0,0,0,279,0,0,0
train,1263-0043.svg,653,596,0,5,2048,1,0,0.0,0.0,140.0,140.0,0,0,0,653,0,0,0
train,1264-0005.svg,532,210,0,1,2048,1,0,0.0,0.0,140.0,140.0,0,0,0,532,0,0,0
train,1264-0006.svg,517,282,0,1,2048,1,0,0.0,0.0,140.0,140.0,0,0,0,517,0,0,0
train,1265-0013.svg,605,419,0,7,2048,1,0,0.0,0.0,140.0,140.0,4,0,0,601,0,0,0
train,1265-0021.svg,244,99,0,4,2048,1,0,0.0,0.0,140.0,140.0,5,0,0,239,0,0,0
train,1266-0004.svg,394,106,0,1,2048,1,0,0.0,0.0,140.0,140.0,0,0,0,394,0,0,0
train,1266-0005.svg,443,204,0,1,2048,1,0,0.0,0.0,140.0,140.0,0,0,0,443,0,0,0
train,1266-0007.svg,400,216,0,1,2048,1,0,0.0,0.0,140.0,140.0,0,0,0,400,0,0,0
train,1267-0004.svg,182,105,0,1,2048,1,0,0.0,0.0,140.0,140.0,0,0,0,182,0,0,0
train,1267-0006.svg,368,232,0,1,2048,1,0,0.0,0.0,140.0,140.0,6,0,0,362,0,0,0
train,1268-0000.svg,356,229,0,1,2048,1,0,0.0,0.0,140.0,140.0,0,0,0,356,0,0,0
train,1269-0297.svg,400,90,0,1,2048,1,0,0.0,0.0,140.0,140.0,4,0,0,396,0,0,0
train,1269-0301.svg,404,138,0,1,2048,1,0,0.0,0.0,140.0,140.0,5,0,0,399,0,0,0
train,1269-0307.svg,392,138,0,1,2048,1,0,0.0,0.0,140.0,140.0,7,0,0,385,0,0,0
train,1269-0309.svg,380,147,0,1,2048,1,0,0.0,0.0,140.0,140.0,4,0,0,376,0,0,0
train,1269-0312.svg,414,96,0,1,2048,1,0,0.0,0.0,140.0,140.0,4,0,0,410,0,0,0
train,1270-0006.svg,253,150,0,5,2048,1,0,0.0,0.0,140.0,140.0,4,0,0,249,0,0,0
train,1270-0010.svg,287,151,0,5,2048,1,0,0.0,0.0,140.0,140.0,8,0,0,279,0,0,0
train,1270-0013.svg,246,137,0,5,2048,1,0,0.0,0.0,140.0,140.0,4,0,0,242,0,0,0
train,1270-0017.svg,285,188,0,4,2048,1,0,0.0,0.0,140.0,140.0,3,0,0,282,0,0,0
train,1271-1854.svg,264,131,0,6,2048,1,0,0.0,0.0,140.0,140.0,0,0,0,264,0,0,0
train,1271-1855.svg,177,57,0,3,2048,1,0,0.0,0.0,140.0,140.0,0,0,0,177,0,0,0
train,1271-2044.svg,119,30,0,3,2048,1,0,0.0,0.0,140.0,140.0,0,0,0,119,0,0,0
train,1271-2238.svg,358,173,0,6,2048,1,0,0.0,0.0,140.0,140.0,3,0,0,355,0,0,0
train,1271-2330.svg,278,170,0,8,2048,1,0,0.0,0.0,140.0,140.0,1,0,0,277,0,0,0
train,1271-2424.svg,227,125,0,4,2048,1,0,0.0,0.0,140.0,140.0,0,0,0,227,0,0,0
train,1271-2520.svg,65,20,0,2,2048,1,0,0.0,0.0,140.0,140.0,0,0,0,65,0,0,0
train,1271-2524.svg,849,510,0,8,2048,1,0,0.0,0.0,140.0,140.0,8,0,0,841,0,0,0
train,1271-2526.svg,148,41,0,4,2048,1,0,0.0,0.0,140.0,140.0,0,0,0,148,0,0,0
train,1272-0012.svg,91,4,0,1,2048,1,0,0.0,0.0,140.0,140.0,4,0,0,87,0,0,0
train,1273-0008.svg,628,143,0,3,2048,1,0,0.0,0.0,140.0,140.0,0,0,0,628,0,0,0
train,1273-0012.svg,608,464,0,7,2048,1,0,0.0,0.0,140.0,140.0,4,0,0,604,0,0,0
train,1273-0014.svg,580,483,0,4,2048,1,0,0.0,0.0,140.0,140.0,12,0,0,568,0,0,0
train,1273-0036.svg,688,528,0,6,2048,1,0,0.0,0.0,140.0,140.0,0,0,0,688,0,0,0
train,1274-0055.svg,860,392,0,9,2048,1,0,0.0,0.0,140.0,140.0,6,0,0,854,0,0,0
train,1275-0007.svg,367,205,0,4,2048,1,0,0.0,0.0,140.0,140.0,2,0,0,365,0,0,0
train,1276-0015.svg,811,682,0,5,2048,1,0,0.0,0.0,140.0,140.0,4,0,0,807,0,0,0
train,1276-0020.svg,2008,630,0,7,2048,1,0,0.0,0.0,140.0,140.0,2,0,0,2006,0,0,0
train,1276-0058.svg,291,203,0,2,2048,1,0,0.0,0.0,140.0,140.0,2,0,0,289,0,0,0
train,1276-0062.svg,816,64,0,1,2048,1,0,0.0,0.0,140.0,140.0,2,0,0,814,0,0,0
train,1278-0004.svg,437,129,0,4,2048,1,0,0.0,0.0,140.0,140.0,0,0,0,437,0,0,0
train,1278-0007.svg,374,95,0,4,2048,1,0,0.0,0.0,140.0,140.0,0,0,0,374,0,0,0
train,1278-0012.svg,577,327,0,7,2048,1,0,0.0,0.0,140.0,140.0,1,0,0,576,0,0,0
train,1280-0036.svg,793,507,0,9,2048,1,0,0.0,0.0,140.0,140.0,31,2,0,760,0,0,0
train,1282-0001.svg,284,153,0,1,2048,1,0,0.0,0.0,140.0,140.0,4,0,0,280,0,0,0
train,1282-0007.svg,381,245,0,2,2048,1,0,0.0,0.0,140.0,140.0,0,0,0,381,0,0,0
train,1282-0010.svg,377,165,0,1,2048,1,0,0.0,0.0,140.0,140.0,0,0,0,377,0,0,0
train,1283-0006.svg,473,294,0,5,2048,1,0,0.0,0.0,140.0,140.0,7,0,0,466,0,0,0
train,1287-0009.svg,444,298,0,6,2048,1,0,0.0,0.0,140.0,140.0,8,0,0,436,0,0,0
train,1287-0010.svg,634,538,0,9,2048,1,0,0.0,0.0,140.0,140.0,1,0,0,633,0,0,0
train,1287-0013.svg,473,351,0,7,2048,1,0,0.0,0.0,140.0,140.0,2,0,0,471,0,0,0
train,1287-0021.svg,687,554,0,10,2048,1,0,0.0,0.0,140.0,140.0,0,0,0,687,0,0,0
train,1287-0026.svg,293,199,0,6,2048,1,0,0.0,0.0,140.0,140.0,5,0,0,288,0,0,0
train,1288-0007.svg,3357,2219,0,19,2048,2,0,0.0,0.0,140.0,140.0,64,12,0,3281,0,0,0
train,1289-0004.svg,2165,1493,0,19,2048,2,0,0.0,0.0,140.0,140.0,40,0,0,2125,0,0,0
train,1289-0010.svg,2138,1511,0,19,2048,2,0,0.0,0.0,140.0,140.0,40,0,0,2098,0,0,0
train,1290-0016.svg,663,173,0,7,2048,1,0,0.0,0.0,140.0,140.0,19,0,0,644,0,0,0
train,1290-0017.svg,1783,1079,0,10,2048,1,0,0.0,0.0,140.0,140.0,35,1,0,1747,0,0,0
train,1290-0021.svg,3950,2614,0,22,2048,2,0,0.0,0.0,140.0,140.0,65,12,0,3873,0,0,0
train,1290-0025.svg,3482,2222,0,22,2048,2,0,0.0,0.0,140.0,140.0,62,12,0,3408,0,0,0
train,1291-0007.svg,2812,1831,0,21,2048,2,0,0.0,0.0,140.0,140.0,43,6,0,2763,0,0,0
train,1291-0012.svg,3183,2078,0,23,2048,2,0,0.0,0.0,140.0,140.0,47,0,0,3136,0,0,0
train,1291-0017.svg,3386,2364,0,23,2048,2,0,0.0,0.0,140.0,140.0,49,12,0,3325,0,0,0
train,1292-0011.svg,766,397,0,9,2048,1,0,0.0,0.0,140.0,140.0,11,5,0,750,0,0,0
train,1293-0048.svg,322,34,0,2,2048,1,0,0.0,0.0,140.0,140.0,2,0,0,320,0,0,0
train,1293-0056.svg,1003,53,0,2,2048,1,0,0.0,0.0,140.0,140.0,1,0,0,1002,0,0,0
train,1293-0057.svg,1275,247,0,6,2048,1,0,0.0,0.0,140.0,140.0,1,0,0,1274,0,0,0
train,1293-0058.svg,1033,55,0,3,2048,1,0,0.0,0.0,140.0,140.0,1,0,0,1032,0,0,0
train,1293-0080.svg,968,50,0,1,2048,1,0,0.0,0.0,140.0,140.0,0,0,0,968,0,0,0
train,1293-0148.svg,612,78,0,3,2048,1,0,0.0,0.0,140.0,140.0,4,0,0,608,0,0,0
train,1293-0149.svg,659,166,0,5,2048,1,0,0.0,0.0,140.0,140.0,6,0,0,653,0,0,0
train,1293-0150.svg,466,30,0,2,2048,1,0,0.0,0.0,140.0,140.0,6,0,0,460,0,0,0
train,1294-0001.svg,473,323,0,8,2048,1,0,0.0,0.0,140.0,140.0,24,1,0,448,0,0,0
train,1294-0002.svg,241,139,0,5,2048,1,0,0.0,0.0,140.0,140.0,15,0,0,226,0,0,0
train,1294-0006.svg,966,771,0,10,2048,1,0,0.0,0.0,140.0,140.0,21,6,0,939,0,0,0
train,1294-0022.svg,139,72,0,2,2048,1,0,0.0,0.0,140.0,140.0,0,0,0,139,0,0,0
train,1294-0036.svg,776,516,0,10,2048,1,0,0.0,0.0,140.0,140.0,31,2,0,743,0,0,0
train,1294-0037.svg,319,159,0,6,2048,1,0,0.0,0.0,140.0,140.0,15,2,0,302,0,0,0
train,1295-0001.svg,556,291,0,1,2048,1,0,0.0,0.0,140.0,140.0,0,0,0,556,0,0,0
train,1296-0003.svg,221,107,0,7,2048,1,0,0.0,0.0,140.0,140.0,6,0,0,215,0,0,0
train,1296-0017.svg,1315,1058,0,7,2048,1,0,0.0,0.0,140.0,140.0,14,0,0,1301,0,0,0
train,1296-0038.svg,456,297,0,6,2048,1,0,0.0,0.0,140.0,140.0,4,0,0,452,0,0,0
train,1297-0007.svg,397,162,0,1,2048,1,0,0.0,0.0,140.0,140.0,0,0,0,397,0,0,0
train,1298-0003.svg,1652,1408,0,14,2048,1,0,0.0,0.0,140.0,140.0,10,0,0,1642,0,0,0
train,1298-0005.svg,2421,1708,0,13,2048,2,0,0.0,0.0,140.0,140.0,24,0,0,2397,0,0,0
train,1299-1320.svg,878,557,0,8,2048,1,0,0.0,0.0,140.0,140.0,36,0,0,842,0,0,0
train,1299-1507.svg,126,20,0,1,2048,1,0,0.0,0.0,140.0,140.0,1,0,0,125,0,0,0
train,1299-1511.svg,683,410,0,9,2048,1,0,0.0,0.0,140.0,140.0,7,0,0,676,0,0,0
train,1299-1696.svg,877,519,0,6,2048,1,0,0.0,0.0,140.0,140.0,38,0,0,839,0,0,0
train,1299-1697.svg,780,643,0,6,2048,1,0,0.0,0.0,140.0,140.0,38,0,0,742,0,0,0
train,1299-1701.svg,824,620,0,7,2048,1,0,0.0,0.0,140.0,140.0,29,0,0,795,0,0,0
train,1299-1887.svg,542,311,0,7,2048,1,0,0.0,0.0,140.0,140.0,17,0,0,525,0,0,0
train,1299-2462.svg,684,201,0,4,2048,1,0,0.0,0.0,140.0,140.0,3,0,0,681,0,0,0
train,1300-0001.svg,534,285,0,1,2048,1,0,0.0,0.0,140.0,140.0,0,0,0,534,0,0,0
train,1301-0013.svg,867,429,0,5,2048,1,0,0.0,0.0,140.0,140.0,0,0,0,867,0,0,0
train,1301-0016.svg,316,46,0,2,2048,1,0,0.0,0.0,140.0,140.0,0,0,0,316,0,0,0
train,1302-0011.svg,528,447,0,8,2048,1,0,0.0,0.0,140.0,140.0,2,0,0,526,0,0,0
train,1302-0012.svg,430,265,0,6,2048,1,0,0.0,0.0,140.0,140.0,40,8,0,382,0,0,0
train,1302-0027.svg,348,242,0,6,2048,1,0,0.0,0.0,140.0,140.0,40,8,0,300,0,0,0
train,1302-0035.svg,84,35,0,3,2048,1,0,0.0,0.0,140.0,140.0,2,0,0,82,0,0,0
train,1302-0037.svg,436,193,0,6,2048,1,0,0.0,0.0,140.0,140.0,15,2,0,419,0,0,0
train,1303-0009.svg,300,86,0,3,2048,1,0,0.0,0.0,140.0,140.0,2,0,0,298,0,0,0
train,1303-0011.svg,99,27,0,3,2048,1,0,0.0,0.0,140.0,140.0,1,0,0,98,0,0,0
train,1303-0016.svg,288,156,0,2,2048,1,0,0.0,0.0,140.0,140.0,0,0,0,288,0,0,0
train,1303-0023.svg,229,42,0,3,2048,1,0,0.0,0.0,140.0,140.0,0,0,0,229,0,0,0
train,1303-0029.svg,84,20,0,2,2048,1,0,0.0,0.0,140.0,140.0,4,0,0,80,0,0,0
train,1303-0030.svg,97,6,0,1,2048,1,0,0.0,0.0,140.0,140.0,1,0,0,96,0,0,0
train,1303-0043.svg,122,101,0,4,2048,1,0,0.0,0.0,140.0,140.0,1,0,0,121,0,0,0
train,1303-0044.svg,267,211,0,3,2048,1,0,0.0,0.0,140.0,140.0,0,0,0,267,0,0,0
train,1303-0051.svg,482,262,0,4,2048,1,0,0.0,0.0,140.0,140.0,3,0,0,479,0,0,0
train,1303-0056.svg,137,28,0,1,2048,1,0,0.0,0.0,140.0,140.0,2,0,0,135,0,0,0
train,1303-0058.svg,114,44,0,3,2048,1,0,0.0,0.0,140.0,140.0,2,0,0,112,0,0,0
train,1303-0063.svg,86,22,0,1,2048,1,0,0.0,0.0,140.0,140.0,3,0,0,83,0,0,0
train,1304-0001.svg,215,68,0,1,2048,1,0,0.0,0.0,140.0,140.0,7,0,0,208,0,0,0
train,1304-0013.svg,527,297,0,1,2048,1,0,0.0,0.0,140.0,140.0,0,0,0,527,0,0,0
train,1304-0014.svg,220,78,0,1,2048,1,0,0.0,0.0,140.0,140.0,3,0,0,217,0,0,0
train,1305-0010.svg,321,131,0,1,2048,1,0,0.0,0.0,140.0,140.0,6,0,0,315,0,0,0
train,1306-0027.svg,277,14,0,1,2048,1,0,0.0,0.0,140.0,140.0,0,0,0,277,0,0,0
train,1306-0031.svg,956,47,0,1,2048,1,0,0.0,0.0,140.0,140.0,0,0,0,956,0,0,0
train,1306-0041.svg,742,11,0,1,2048,1,0,0.0,0.0,140.0,140.0,0,0,0,742,0,0,0
train,1306-0047.svg,251,24,0,1,2048,1,0,0.0,0.0,140.0,140.0,0,0,0,251,0,0,0
train,1306-0064.svg,149,12,0,1,2048,1,0,0.0,0.0,140.0,140.0,0,0,0,149,0,0,0
train,1306-0068.svg,1048,957,0,1,2048,1,0,0.0,0.0,140.0,140.0,0,0,0,1048,0,0,0
train,1306-0099.svg,1024,2,0,1,2048,1,0,0.0,0.0,140.0,140.0,0,0,0,1024,0,0,0
train,1306-0102.svg,93,54,0,1,2048,1,0,0.0,0.0,140.0,140.0,0,0,0,93,0,0,0
train,1306-0108.svg,1053,10,0,1,2048,1,0,0.0,0.0,140.0,140.0,0,0,0,1053,0,0,0
train,1306-0126.svg,366,8,0,1,2048,1,0,0.0,0.0,140.0,140.0,0,0,0,366,0,0,0
train,1306-0134.svg,722,20,0,1,2048,1,0,0.0,0.0,140.0,140.0,0,0,0,722,0,0,0
train,1306-0137.svg,24,4,0,1,2048,1,0,0.0,0.0,140.0,140.0,0,0,0,24,0,0,0
train,1306-0143.svg,91,8,0,1,2048,1,0,0.0,0.0,140.0,140.0,0,0,0,91,0,0,0
train,1306-0164.svg,644,6,0,1,2048,1,0,0.0,0.0,140.0,140.0,0,0,0,644,0,0,0
train,1306-0166.svg,2358,126,0,1,2048,2,0,0.0,0.0,140.0,140.0,0,0,0,2358,0,0,0
train,1306-0191.svg,889,66,0,1,2048,1,0,0.0,0.0,140.0,140.0,0,0,0,889,0,0,0
train,1306-0193.svg,1004,2,0,1,2048,1,0,0.0,0.0,140.0,140.0,0,0,0,1004,0,0,0
train,1307-0008.svg,191,53,0,3,2048,1,0,0.0,0.0,140.0,140.0,0,0,0,191,0,0,0
train,1307-0012.svg,227,138,0,5,2048,1,0,0.0,0.0,140.0,140.0,0,0,0,227,0,0,0
train,1307-0026.svg,655,592,0,4,2048,1,0,0.0,0.0,140.0,140.0,0,0,0,655,0,0,0
train,1307-0032.svg,188,118,0,5,2048,1,0,0.0,0.0,140.0,140.0,2,0,0,186,0,0,0
train,1307-0036.svg,776,521,0,10,2048,1,0,0.0,0.0,140.0,140.0,31,2,0,743,0,0,0
train,1307-0038.svg,160,78,0,3,2048,1,0,0.0,0.0,140.0,140.0,0,0,0,160,0,0,0
train,1309-0011.svg,80,10,0,1,2048,1,0,0.0,0.0,140.0,140.0,3,0,0,77,0,0,0
train,1309-0015.svg,407,131,0,5,2048,1,0,0.0,0.0,140.0,140.0,7,0,0,400,0,0,0
train,1309-0021.svg,300,113,0,4,2048,1,0,0.0,0.0,140.0,140.0,6,0,0,294,0,0,0
train,1309-0025.svg,66,7,0,1,2048,1,0,0.0,0.0,140.0,140.0,1,0,0,65,0,0,0
train,1310-0004.svg,625,33,0,1,2048,1,0,0.0,0.0,140.0,140.0,1,54,0,570,0,0,0
train,1310-0010.svg,113,25,0,1,2048,1,0,0.0,0.0,140.0,140.0,0,0,0,113,0,0,0
train,1312-0036.svg,3434,448,0,3,2048,2,0,0.0,0.0,140.0,140.0,0,0,0,3434,0,0,0
train,1312-0077.svg,71,5,0,1,2048,1,0,0.0,0.0,140.0,140.0,0,0,0,71,0,0,0
train,1312-0078.svg,2686,1486,0,12,2048,2,0,0.0,0.0,140.0,140.0,13,0,0,2673,0,0,0
train,1312-0079.svg,624,460,0,4,2048,1,0,0.0,0.0,140.0,140.0,3,0,0,621,0,0,0
train,1312-0081.svg,492,173,0,4,2048,1,0,0.0,0.0,140.0,140.0,3,0,0,489,0,0,0
train,1312-0088.svg,581,126,0,4,2048,1,0,0.0,0.0,140.0,140.0,6,0,0,575,0,0,0
train,1312-0094.svg,699,188,0,5,2048,1,0,0.0,0.0,140.0,140.0,6,0,0,693,0,0,0
train,1312-0100.svg,773,116,0,5,2048,1,0,0.0,0.0,140.0,140.0,12,0,0,761,0,0,0
train,1313-0007.svg,2763,1849,0,22,2048,2,0,0.0,0.0,140.0,140.0,43,6,0,2714,0,0,0
train,1314-0012.svg,1038,656,0,9,2048,1,0,0.0,0.0,140.0,140.0,12,0,0,1026,0,0,0
train,1314-0018.svg,588,403,0,6,2048,1,0,0.0,0.0,140.0,140.0,8,0,0,580,0,0,0
train,1314-0023.svg,622,467,0,8,2048,1,0,0.0,0.0,140.0,140.0,8,0,0,614,0,0,0
train,1314-0031.svg,865,679,0,7,2048,1,0,0.0,0.0,140.0,140.0,4,0,0,861,0,0,0
train,1316-0013.svg,645,563,0,6,2048,1,0,0.0,0.0,140.0,140.0,6,0,0,639,0,0,0
train,1316-0022.svg,406,265,0,7,2048,1,0,0.0,0.0,140.0,140.0,0,0,0,406,0,0,0
train,1316-0030.svg,174,99,0,2,2048,1,0,0.0,0.0,140.0,140.0,0,0,0,174,0,0,0
train,1316-0037.svg,512,136,0,6,2048,1,0,0.0,0.0,140.0,140.0,0,0,0,512,0,0,0
train,1316-0046.svg,641,253,0,2,2048,1,0,0.0,0.0,140.0,140.0,0,0,0,641,0,0,0
train,1316-0056.svg,425,265,0,7,2048,1,0,0.0,0.0,140.0,140.0,14,4,0,407,0,0,0
train,1316-0073.svg,714,460,0,8,2048,1,0,0.0,0.0,140.0,140.0,31,2,0,681,0,0,0
train,1316-0086.svg,129,0,0,0,2048,1,0,0.0,0.0,140.0,140.0,1,0,0,128,0,0,0
train,1317-0017.svg,379,96,0,3,2048,1,0,0.0,0.0,140.0,140.0,5,0,0,374,0,0,0
train,1317-0022.svg,386,19,0,2,2048,1,0,0.0,0.0,140.0,140.0,7,0,0,379,0,0,0
train,1318-0002.svg,228,92,0,1,2048,1,0,0.0,0.0,140.0,140.0,0,0,0,228,0,0,0
train,1318-0024.svg,298,172,0,1,2048,1,0,0.0,0.0,140.0,140.0,0,0,0,298,0,0,0
train,1318-0035.svg,357,210,0,1,2048,1,0,0.0,0.0,140.0,140.0,0,0,0,357,0,0,0
train,1318-0036.svg,255,136,0,1,2048,1,0,0.0,0.0,140.0,140.0,4,0,0,251,0,0,0
train,1319-0024.svg,1104,239,0,6,2048,1,0,0.0,0.0,140.0,140.0,16,0,0,1088,0,0,0
train,1319-0025.svg,3482,2583,0,22,2048,2,0,0.0,0.0,140.0,140.0,62,12,0,3408,0,0,0
train,1319-0030.svg,553,311,0,11,2048,1,0,0.0,0.0,140.0,140.0,14,3,0,536,0,0,0
train,1321-0017.svg,539,257,0,5,2048,1,0,0.0,0.0,140.0,140.0,1,0,0,538,0,0,0
train,1321-0019.svg,396,96,0,4,2048,1,0,0.0,0.0,140.0,140.0,3,0,0,393,0,0,0
train,1321-0020.svg,474,142,0,6,2048,1,0,0.0,0.0,140.0,140.0,6,0,0,468,0,0,0
train,1321-0029.svg,289,115,0,7,2048,1,0,0.0,0.0,140.0,140.0,2,0,0,287,0,0,0
train,1321-0045.svg,194,130,0,4,2048,1,0,0.0,0.0,140.0,140.0,0,0,0,194,0,0,0
train,1321-0053.svg,143,36,0,2,2048,1,0,0.0,0.0,140.0,140.0,3,0,0,140,0,0,0
train,1321-0058.svg,666,204,0,7,2048,1,0,0.0,0.0,140.0,140.0,20,0,0,646,0,0,0
train,1321-0065.svg,497,231,0,5,2048,1,0,0.0,0.0,140.0,140.0,0,0,0,497,0,0,0
train,1322-0010.svg,2403,1684,0,19,2048,2,0,0.0,0.0,140.0,140.0,47,0,0,2356,0,0,0
train,1323-0010.svg,2697,1699,0,21,2048,2,0,0.0,0.0,140.0,140.0,47,0,0,2650,0,0,0
train,1324-0011.svg,212,36,0,3,2048,1,0,0.0,0.0,140.0,140.0,10,0,0,202,0,0,0
train,1324-0017.svg,379,112,0,3,2048,1,0,0.0,0.0,140.0,140.0,5,0,0,374,0,0,0
train,1324-0021.svg,254,51,0,3,2048,1,0,0.0,0.0,140.0,140.0,14,0,0,240,0,0,0
train,1326-0007.svg,2812,1808,0,21,2048,2,0,0.0,0.0,140.0,140.0,43,6,0,2763,0,0,0
train,1326-0012.svg,3183,2006,0,23,2048,2,0,0.0,0.0,140.0,140.0,47,0,0,3136,0,0,0
train,1326-0017.svg,3386,2382,0,22,2048,2,0,0.0,0.0,140.0,140.0,49,12,0,3325,0,0,0
train,1326-0022.svg,3140,1889,0,22,2048,2,0,0.0,0.0,140.0,140.0,46,0,0,3094,0,0,0
train,1326-0027.svg,1855,1142,0,16,2048,1,0,0.0,0.0,140.0,140.0,43,6,0,1806,0,0,0
train,1327-0055.svg,1517,1047,0,6,2048,1,0,0.0,0.0,140.0,140.0,7,0,0,1510,0,0,0
train,1327-0066.svg,2250,572,0,7,2048,2,0,0.0,0.0,140.0,140.0,53,0,0,2197,0,0,0
train,1327-0080.svg,1616,125,0,2,2048,1,0,0.0,0.0,140.0,140.0,5,0,0,1611,0,0,0
train,1327-0089.svg,1438,267,0,9,2048,1,0,0.0,0.0,140.0,140.0,4,0,0,1434,0,0,0
train,1327-0103.svg,624,303,0,8,2048,1,0,0.0,0.0,140.0,140.0,8,0,0,616,0,0,0
train,1328-0007.svg,682,274,0,9,2048,1,0,0.0,0.0,140.0,140.0,8,0,0,674,0,0,0
train,1328-0017.svg,89,43,0,3,2048,1,0,0.0,0.0,140.0,140.0,0,0,0,89,0,0,0
train,1328-0025.svg,1156,813,0,7,2048,1,0,0.0,0.0,140.0,140.0,20,5,0,1131,0,0,0
train,1329-0000.svg,99,28,0,1,2048,1,0,0.0,0.0,140.0,140.0,0,0,0,99,0,0,0
train,1330-0006.svg,486,294,0,4,2048,1,0,0.0,0.0,140.0,140.0,1,0,0,485,0,0,0
train,1331-0010.svg,132,58,0,1,2048,1,0,0.0,0.0,140.0,140.0,0,0,0,132,0,0,0
train,1331-0011.svg,270,83,0,1,2048,1,0,0.0,0.0,140.0,140.0,0,0,0,270,0,0,0
train,1331-0013.svg,186,52,0,1,2048,1,0,0.0,0.0,140.0,140.0,4,0,0,182,0,0,0
train,1332-0022.svg,571,492,0,7,2048,1,0,0.0,0.0,140.0,140.0,2,0,0,569,0,0,0
train,1332-0026.svg,114,27,0,1,2048,1,0,0.0,0.0,140.0,140.0,1,0,0,113,0,0,0
train,1332-0043.svg,603,561,0,6,2048,1,0,0.0,0.0,140.0,140.0,0,0,0,603,0,0,0
train,1332-0049.svg,253,196,0,5,2048,1,0,0.0,0.0,140.0,140.0,0,0,0,253,0,0,0
train,1332-0050.svg,747,506,0,6,2048,1,0,0.0,0.0,140.0,140.0,2,0,0,745,0,0,0
train,1332-0052.svg,117,46,0,2,2048,1,0,0.0,0.0,140.0,140.0,0,0,0,117,0,0,0
val,0000-0015.svg,90,26,0,2,2048,1,0,0.0,0.0,140.0,140.0,1,0,0,89,0,0,0
val,0000-0030.svg,87,2,0,1,2048,1,0,0.0,0.0,140.0,140.0,1,0,0,86,0,0,0
val,0001-0001.svg,928,630,0,8,2048,1,0,0.0,0.0,140.0,140.0,9,3,0,916,0,0,0
val,0004-0002.svg,1697,1225,0,12,2048,1,0,0.0,0.0,140.0,140.0,38,12,0,1647,0,0,0
val,0004-0015.svg,355,201,0,4,2048,1,0,0.0,0.0,140.0,140.0,13,0,0,342,0,0,0
val,0005-0006.svg,1376,661,0,8,2048,1,0,0.0,0.0,140.0,140.0,69,0,0,1307,0,0,0
val,0006-0001.svg,425,178,0,6,2048,1,0,0.0,0.0,140.0,140.0,0,0,0,425,0,0,0
val,0006-0002.svg,505,274,0,6,2048,1,0,0.0,0.0,140.0,140.0,0,0,0,505,0,0,0
val,0006-0021.svg,190,74,0,4,2048,1,0,0.0,0.0,140.0,140.0,0,0,0,190,0,0,0
val,0006-0037.svg,747,724,0,3,2048,1,0,0.0,0.0,140.0,140.0,1,0,0,746,0,0,0
val,0006-0045.svg,800,392,0,7,2048,1,0,0.0,0.0,140.0,140.0,0,0,0,800,0,0,0
val,0007-0038.svg,375,75,0,4,2048,1,0,0.0,0.0,140.0,140.0,6,0,0,369,0,0,0
val,0008-0002.svg,578,247,0,4,2048,1,0,0.0,0.0,140.0,140.0,6,0,0,572,0,0,0
val,0009-0009.svg,731,340,0,7,2048,1,0,0.0,0.0,140.0,140.0,5,0,0,726,0,0,0
val,0010-0043.svg,2346,1748,0,11,2048,2,0,0.0,0.0,140.0,140.0,16,48,0,2282,0,0,0
val,0011-0013.svg,308,56,0,4,2048,1,0,0.0,0.0,140.0,140.0,0,0,0,308,0,0,0
val,0011-0035.svg,186,68,0,4,2048,1,0,0.0,0.0,140.0,140.0,5,0,0,181,0,0,0
val,0012-0002.svg,2091,464,0,6,2048,2,0,0.0,0.0,140.0,140.0,67,7,0,2017,0,0,0
val,0014-0011.svg,230,36,0,4,2048,1,0,0.0,0.0,140.0,140.0,1,0,0,229,0,0,0
val,0015-0009.svg,703,374,0,8,2048,1,0,0.0,0.0,140.0,140.0,5,0,0,698,0,0,0
val,0015-0030.svg,471,95,0,4,2048,1,0,0.0,0.0,140.0,140.0,7,0,0,464,0,0,0
val,0018-0037.svg,381,145,0,4,2048,1,0,0.0,0.0,140.0,140.0,1,0,0,380,0,0,0
val,0018-0044.svg,1269,440,0,8,2048,1,0,0.0,0.0,140.0,140.0,0,6,0,1263,0,0,0
val,0018-0053.svg,665,335,0,6,2048,1,0,0.0,0.0,140.0,140.0,2,0,0,663,0,0,0
val,0019-0007.svg,851,132,0,4,2048,1,0,0.0,0.0,140.0,140.0,16,0,0,835,0,0,0
val,0019-0031.svg,982,432,0,7,2048,1,0,0.0,0.0,140.0,140.0,6,0,0,976,0,0,0
val,0019-0038.svg,465,80,0,4,2048,1,0,0.0,0.0,140.0,140.0,11,0,0,454,0,0,0
val,0020-0018.svg,626,399,0,8,2048,1,0,0.0,0.0,140.0,140.0,26,2,0,598,0,0,0
val,0020-0023.svg,1080,529,0,8,2048,1,0,0.0,0.0,140.0,140.0,64,4,0,1012,0,0,0
val,0021-0004.svg,679,244,0,8,2048,1,0,0.0,0.0,140.0,140.0,5,0,0,674,0,0,0
val,0021-0010.svg,569,231,0,5,2048,1,0,0.0,0.0,140.0,140.0,3,0,0,566,0,0,0
val,0022-0000.svg,315,54,0,4,2048,1,0,0.0,0.0,140.0,140.0,3,0,0,312,0,0,0
val,0023-0037.svg,668,170,0,5,2048,1,0,0.0,0.0,140.0,140.0,6,0,0,662,0,0,0
val,0023-0038.svg,416,77,0,4,2048,1,0,0.0,0.0,140.0,140.0,5,0,0,411,0,0,0
val,0025-0018.svg,1047,558,0,7,2048,1,0,0.0,0.0,140.0,140.0,6,12,0,1029,0,0,0
val,0025-0047.svg,521,19,0,2,2048,1,0,0.0,0.0,140.0,140.0,2,0,0,519,0,0,0
val,0026-0017.svg,260,40,0,3,2048,1,0,0.0,0.0,140.0,140.0,3,0,0,257,0,0,0
val,0026-0031.svg,981,442,0,7,2048,1,0,0.0,0.0,140.0,140.0,0,0,0,981,0,0,0
val,0027-0030.svg,131,56,0,2,2048,1,0,0.0,0.0,140.0,140.0,0,0,0,131,0,0,0
val,0027-0079.svg,515,383,0,6,2048,1,0,0.0,0.0,140.0,140.0,0,0,0,515,0,0,0
val,0029-0278.svg,1714,1484,0,3,2048,1,0,0.0,0.0,140.0,140.0,6,0,0,1708,0,0,0
val,0029-0333.svg,1521,1398,0,2,2048,1,0,0.0,0.0,140.0,140.0,1,0,0,1520,0,0,0
val,0029-0543.svg,1021,943,0,1,2048,1,0,0.0,0.0,140.0,140.0,0,0,0,1021,0,0,0
val,0030-0010.svg,715,541,0,5,2048,1,0,0.0,0.0,140.0,140.0,0,0,0,715,0,0,0
val,0031-0005.svg,579,377,0,8,2048,1,0,0.0,0.0,140.0,140.0,6,0,0,573,0,0,0
val,0031-0038.svg,195,38,0,2,2048,1,0,0.0,0.0,140.0,140.0,0,0,0,195,0,0,0
val,0033-0043.svg,1533,233,0,5,2048,1,0,0.0,0.0,140.0,140.0,1,0,0,1532,0,0,0
val,0033-0076.svg,258,88,0,3,2048,1,0,0.0,0.0,140.0,140.0,3,0,0,255,0,0,0
val,0035-0010.svg,632,560,0,6,2048,1,0,0.0,0.0,140.0,140.0,0,0,0,632,0,0,0
val,0035-0108.svg,221,6,0,1,2048,1,0,0.0,0.0,140.0,140.0,1,0,0,220,0,0,0
val,0036-0015.svg,252,214,0,5,2048,1,0,0.0,0.0,140.0,140.0,0,0,0,252,0,0,0
val,0036-0038.svg,710,520,0,6,2048,1,0,0.0,0.0,140.0,140.0,4,0,0,706,0,0,0
val,0036-0071.svg,485,232,0,6,2048,1,0,0.0,0.0,140.0,140.0,10,0,0,475,0,0,0
val,0037-0010.svg,2206,1487,0,5,2048,2,0,0.0,0.0,140.0,140.0,8,0,0,2198,0,0,0
val,0037-0015.svg,30,5,0,1,2048,1,0,0.0,0.0,140.0,140.0,0,0,0,30,0,0,0
val,0037-0031.svg,278,154,0,6,2048,1,0,0.0,0.0,140.0,140.0,0,0,0,278,0,0,0
val,0037-0074.svg,216,24,0,3,2048,1,0,0.0,0.0,140.0,140.0,0,0,0,216,0,0,0
val,0038-0025.svg,708,96,0,4,2048,1,0,0.0,0.0,140.0,140.0,0,0,0,708,0,0,0
val,0041-0003.svg,304,94,0,4,2048,1,0,0.0,0.0,140.0,140.0,0,0,0,304,0,0,0
val,0045-0000.svg,329,124,0,4,2048,1,0,0.0,0.0,140.0,140.0,0,0,0,329,0,0,0
val,0045-0058.svg,546,331,0,8,2048,1,0,0.0,0.0,140.0,140.0,6,0,0,540,0,0,0
val,0046-0031.svg,2309,2044,0,8,2048,2,0,0.0,0.0,140.0,140.0,2,0,0,2307,0,0,0
val,0049-0215.svg,11102,5867,0,21,2048,6,0,0.0,0.0,140.0,140.0,129,9,0,10964,0,0,0
val,0056-0028.svg,259,79,0,3,2048,1,0,0.0,0.0,140.0,140.0,1,0,0,258,0,0,0
val,0056-0038.svg,471,87,0,3,2048,1,0,0.0,0.0,140.0,140.0,11,0,0,460,0,0,0
val,0058-0006.svg,1227,901,0,18,2048,1,0,0.0,0.0,140.0,140.0,15,0,0,1212,0,0,0
val,0059-0007.svg,151,31,0,2,2048,1,0,0.0,0.0,140.0,140.0,5,0,0,146,0,0,0
val,0059-0025.svg,217,46,0,3,2048,1,0,0.0,0.0,140.0,140.0,3,0,0,214,0,0,0
val,0060-0053.svg,3564,41,0,3,2048,2,0,0.0,0.0,140.0,140.0,11,0,0,3553,0,0,0
val,0064-0004.svg,867,557,0,9,2048,1,0,0.0,0.0,140.0,140.0,14,0,0,853,0,0,0
val,0064-0009.svg,284,111,0,5,2048,1,0,0.0,0.0,140.0,140.0,5,0,0,279,0,0,0
val,0067-0002.svg,775,544,0,10,2048,1,0,0.0,0.0,140.0,140.0,16,0,0,759,0,0,0
val,0067-0013.svg,786,478,0,6,2048,1,0,0.0,0.0,140.0,140.0,6,0,0,780,0,0,0
val,0067-0055.svg,825,748,0,6,2048,1,0,0.0,0.0,140.0,140.0,0,0,0,825,0,0,0
val,0068-0002.svg,1192,398,0,2,2048,1,0,0.0,0.0,140.0,140.0,1,0,0,1191,0,0,0
val,0071-0011.svg,90,24,0,1,2048,1,0,0.0,0.0,140.0,140.0,1,0,0,89,0,0,0
val,0073-0006.svg,2239,87,0,3,2048,2,0,0.0,0.0,140.0,140.0,5,0,0,2234,0,0,0
val,0075-0004.svg,1114,553,0,8,2048,1,0,0.0,0.0,140.0,140.0,21,0,0,1093,0,0,0
val,0075-0010.svg,1105,533,0,8,2048,1,0,0.0,0.0,140.0,140.0,30,0,0,1075,0,0,0
val,0076-0001.svg,269,166,0,5,2048,1,0,0.0,0.0,140.0,140.0,16,0,0,253,0,0,0
val,0077-0017.svg,650,92,0,4,2048,1,0,0.0,0.0,140.0,140.0,11,0,0,639,0,0,0
val,0080-0004.svg,334,252,0,3,2048,1,0,0.0,0.0,140.0,140.0,0,0,0,334,0,0,0
val,0082-0058.svg,621,194,0,6,2048,1,0,0.0,0.0,140.0,140.0,14,0,0,607,0,0,0
val,0083-0012.svg,91,4,0,1,2048,1,0,0.0,0.0,140.0,140.0,4,0,0,87,0,0,0
val,0084-0006.svg,243,92,0,4,2048,1,0,0.0,0.0,140.0,140.0,2,0,0,241,0,0,0
val,0085-0002.svg,426,185,0,7,2048,1,0,0.0,0.0,140.0,140.0,11,0,0,415,0,0,0
val,0086-0006.svg,689,535,0,6,2048,1,0,0.0,0.0,140.0,140.0,0,0,0,689,0,0,0
val,0087-0015.svg,461,162,0,2,2048,1,0,0.0,0.0,140.0,140.0,2,0,0,459,0,0,0
val,0087-0045.svg,228,40,0,3,2048,1,0,0.0,0.0,140.0,140.0,10,0,0,218,0,0,0
val,0089-0013.svg,7863,6928,0,3,2048,4,0,0.0,0.0,140.0,140.0,184,0,0,7679,0,0,0
val,0089-0074.svg,2961,937,0,12,2048,2,0,0.0,0.0,140.0,140.0,60,0,0,2901,0,0,0
val,0089-0107.svg,4453,818,0,4,2048,3,0,0.0,0.0,140.0,140.0,87,0,0,4366,0,0,0
val,0090-0138.svg,630,12,0,1,2048,1,0,0.0,0.0,140.0,140.0,1,0,0,629,0,0,0
val,0092-0027.svg,1562,829,0,10,2048,1,0,0.0,0.0,140.0,140.0,6,0,0,1556,0,0,0
val,0094-0015.svg,623,497,0,7,2048,1,0,0.0,0.0,140.0,140.0,8,0,0,615,0,0,0
val,0094-0043.svg,380,327,0,4,2048,1,0,0.0,0.0,140.0,140.0,0,0,0,380,0,0,0
val,0096-0008.svg,991,732,0,8,2048,1,0,0.0,0.0,140.0,140.0,0,0,0,991,0,0,0
val,0100-0010.svg,208,43,0,1,2048,1,0,0.0,0.0,140.0,140.0,0,0,0,208,0,0,0
val,0100-0042.svg,105,51,0,3,2048,1,0,0.0,0.0,140.0,140.0,0,0,0,105,0,0,0
val,0100-0068.svg,58,24,0,2,2048,1,0,0.0,0.0,140.0,140.0,0,0,0,58,0,0,0
val,0101-0039.svg,137,27,0,2,2048,1,0,0.0,0.0,140.0,140.0,1,0,0,136,0,0,0
val,0101-0048.svg,2175,1852,0,9,2048,2,0,0.0,0.0,140.0,140.0,167,3,0,2005,0,0,0
val,0101-0074.svg,522,372,0,7,2048,1,0,0.0,0.0,140.0,140.0,26,2,0,494,0,0,0
val,0102-0028.svg,68,9,0,1,2048,1,0,0.0,0.0,140.0,140.0,2,0,0,66,0,0,0
val,0103-0065.svg,328,259,0,6,2048,1,0,0.0,0.0,140.0,140.0,0,0,0,328,0,0,0
val,0105-0013.svg,343,69,0,4,2048,1,0,0.0,0.0,140.0,140.0,0,0,0,343,0,0,0
val,0105-0026.svg,125,97,0,2,2048,1,0,0.0,0.0,140.0,140.0,0,0,0,125,0,0,0
val,0105-0049.svg,70,13,0,2,2048,1,0,0.0,0.0,140.0,140.0,0,0,0,70,0,0,0
val,0105-0062.svg,263,176,0,3,2048,1,0,0.0,0.0,140.0,140.0,0,0,0,263,0,0,0
val,0106-0003.svg,215,117,0,4,2048,1,0,0.0,0.0,140.0,140.0,4,0,0,211,0,0,0
val,0106-0067.svg,4698,4613,0,3,2048,3,0,0.0,0.0,140.0,140.0,306,0,0,4392,0,0,0
val,0107-0009.svg,221,83,0,4,2048,1,0,0.0,0.0,140.0,140.0,1,0,0,220,0,0,0
val,0108-0054.svg,137,34,0,2,2048,1,0,0.0,0.0,140.0,140.0,0,0,0,137,0,0,0
val,0108-0076.svg,423,148,0,3,2048,1,0,0.0,0.0,140.0,140.0,0,0,0,423,0,0,0
val,0108-0100.svg,366,116,0,4,2048,1,0,0.0,0.0,140.0,140.0,0,0,0,366,0,0,0
val,0109-0027.svg,378,206,0,5,2048,1,0,0.0,0.0,140.0,140.0,6,0,0,372,0,0,0
val,0109-0068.svg,269,133,0,3,2048,1,0,0.0,0.0,140.0,140.0,0,0,0,269,0,0,0
val,0109-0091.svg,108,30,0,2,2048,1,0,0.0,0.0,140.0,140.0,1,0,0,107,0,0,0
val,0110-0020.svg,181,35,0,2,2048,1,0,0.0,0.0,140.0,140.0,0,0,0,181,0,0,0
val,0110-0075.svg,245,132,0,4,2048,1,0,0.0,0.0,140.0,140.0,0,0,0,245,0,0,0
val,0111-0046.svg,197,41,0,3,2048,1,0,0.0,0.0,140.0,140.0,0,0,0,197,0,0,0
val,0111-0105.svg,170,37,0,2,2048,1,0,0.0,0.0,140.0,140.0,0,0,0,170,0,0,0
val,0112-0008.svg,1370,1365,0,1,2048,1,0,0.0,0.0,140.0,140.0,0,0,0,1370,0,0,0
val,0112-0017.svg,2166,2162,0,1,2048,2,0,0.0,0.0,140.0,140.0,0,0,0,2166,0,0,0
val,0112-0035.svg,1044,1027,0,4,2048,1,0,0.0,0.0,140.0,140.0,0,0,0,1044,0,0,0
val,0112-0069.svg,832,813,0,3,2048,1,0,0.0,0.0,140.0,140.0,0,0,0,832,0,0,0
val,0113-0015.svg,1385,289,0,3,2048,1,0,0.0,0.0,140.0,140.0,3,0,0,1382,0,0,0
val,0113-0022.svg,221,28,0,2,2048,1,0,0.0,0.0,140.0,140.0,0,0,0,221,0,0,0
val,0116-0016.svg,1534,909,0,5,2048,1,0,0.0,0.0,140.0,140.0,87,0,0,1447,0,0,0
val,0117-0018.svg,349,95,0,5,2048,1,0,0.0,0.0,140.0,140.0,9,0,0,340,0,0,0
val,0117-0019.svg,697,401,0,8,2048,1,0,0.0,0.0,140.0,140.0,24,0,0,673,0,0,0
val,0118-0012.svg,779,383,0,7,2048,1,0,0.0,0.0,140.0,140.0,22,0,0,757,0,0,0
val,0118-0019.svg,1384,754,0,6,2048,1,0,0.0,0.0,140.0,140.0,64,0,0,1320,0,0,0
val,0119-0096.svg,348,215,0,2,2048,1,0,0.0,0.0,140.0,140.0,4,0,0,344,0,0,0
val,0119-0140.svg,264,175,0,3,2048,1,0,0.0,0.0,140.0,140.0,5,0,0,259,0,0,0
val,0120-0015.svg,154,8,0,1,2048,1,0,0.0,0.0,140.0,140.0,1,0,0,153,0,0,0
val,0121-0057.svg,202,91,0,4,2048,1,0,0.0,0.0,140.0,140.0,3,0,0,199,0,0,0
val,0122-0006.svg,306,121,0,5,2048,1,0,0.0,0.0,140.0,140.0,4,0,0,302,0,0,0
val,0122-0011.svg,289,195,0,6,2048,1,0,0.0,0.0,140.0,140.0,14,0,0,275,0,0,0
val,0123-0015.svg,1120,8,0,1,2048,1,0,0.0,0.0,140.0,140.0,8,0,0,1112,0,0,0
val,0123-0025.svg,117,7,0,2,2048,1,0,0.0,0.0,140.0,140.0,1,0,0,116,0,0,0
val,0125-0006.svg,273,166,0,4,2048,1,0,0.0,0.0,140.0,140.0,0,0,0,273,0,0,0
val,0125-0036.svg,382,243,0,5,2048,1,0,0.0,0.0,140.0,140.0,1,0,0,381,0,0,0
val,0126-0001.svg,156,110,0,3,2048,1,0,0.0,0.0,140.0,140.0,1,0,0,155,0,0,0
val,0126-0045.svg,193,109,0,2,2048,1,0,0.0,0.0,140.0,140.0,6,0,0,187,0,0,0
val,0126-0059.svg,262,158,0,3,2048,1,0,0.0,0.0,140.0,140.0,1,0,0,261,0,0,0
val,0127-0008.svg,207,130,0,3,2048,1,0,0.0,0.0,140.0,140.0,4,0,0,203,0,0,0
val,0128-0004.svg,1242,837,0,13,2048,1,0,0.0,0.0,140.0,140.0,33,7,0,1202,0,0,0
val,0131-0004.svg,487,342,0,4,2048,1,0,0.0,0.0,140.0,140.0,0,0,0,487,0,0,0
val,0131-0010.svg,333,213,0,3,2048,1,0,0.0,0.0,140.0,140.0,0,0,0,333,0,0,0
val,0131-0036.svg,1151,1061,0,3,2048,1,0,0.0,0.0,140.0,140.0,0,0,0,1151,0,0,0
val,0131-0065.svg,754,701,0,2,2048,1,0,0.0,0.0,140.0,140.0,0,0,0,754,0,0,0
val,0131-0199.svg,487,328,0,3,2048,1,0,0.0,0.0,140.0,140.0,0,0,0,487,0,0,0
val,0131-0284.svg,1502,1448,0,3,2048,1,0,0.0,0.0,140.0,140.0,1,0,0,1501,0,0,0
val,0131-0298.svg,1203,1122,0,2,2048,1,0,0.0,0.0,140.0,140.0,4,0,0,1199,0,0,0
val,0131-0313.svg,722,588,0,4,2048,1,0,0.0,0.0,140.0,140.0,1,0,0,721,0,0,0
val,0131-0398.svg,832,699,0,2,2048,1,0,0.0,0.0,140.0,140.0,0,0,0,832,0,0,0
val,0132-0001.svg,511,309,0,8,2048,1,0,0.0,0.0,140.0,140.0,14,0,0,497,0,0,0
val,0134-0010.svg,1294,1074,0,15,2048,1,0,0.0,0.0,140.0,140.0,28,3,0,1263,0,0,0
val,0134-0016.svg,1198,826,0,10,2048,1,0,0.0,0.0,140.0,140.0,24,3,0,1171,0,0,0
val,0134-0022.svg,1391,1064,0,13,2048,1,0,0.0,0.0,140.0,140.0,38,5,0,1348,0,0,0
val,0134-0052.svg,169,103,0,2,2048,1,0,0.0,0.0,140.0,140.0,0,0,0,169,0,0,0
val,0134-0201.svg,744,138,0,1,2048,1,0,0.0,0.0,140.0,140.0,10,0,0,734,0,0,0
val,0134-0233.svg,639,125,0,2,2048,1,0,0.0,0.0,140.0,140.0,17,0,0,622,0,0,0
val,0134-0256.svg,190,144,0,1,2048,1,0,0.0,0.0,140.0,140.0,0,0,0,190,0,0,0
val,0135-0028.svg,829,19,0,1,2048,1,0,0.0,0.0,140.0,140.0,0,0,0,829,0,0,0
val,0136-0002.svg,598,231,0,6,2048,1,0,0.0,0.0,140.0,140.0,6,0,0,592,0,0,0
val,0136-0019.svg,2125,1446,0,13,2048,2,0,0.0,0.0,140.0,140.0,78,9,0,2038,0,0,0
val,0137-0003.svg,598,304,0,5,2048,1,0,0.0,0.0,140.0,140.0,22,0,0,576,0,0,0
val,0137-0004.svg,1362,1117,0,14,2048,1,0,0.0,0.0,140.0,140.0,35,3,0,1324,0,0,0
val,0138-0016.svg,1170,965,0,10,2048,1,0,0.0,0.0,140.0,140.0,24,3,0,1143,0,0,0
val,0138-0019.svg,2120,1366,0,14,2048,2,0,0.0,0.0,140.0,140.0,78,9,0,2033,0,0,0
val,0139-0010.svg,1289,1041,0,13,2048,1,0,0.0,0.0,140.0,140.0,28,3,0,1258,0,0,0
val,0139-0019.svg,798,335,0,5,2048,1,0,0.0,0.0,140.0,140.0,3,0,0,795,0,0,0
val,0140-0027.svg,105,54,0,2,2048,1,0,0.0,0.0,140.0,140.0,0,0,0,105,0,0,0
val,0142-0022.svg,1418,958,0,13,2048,1,0,0.0,0.0,140.0,140.0,40,6,0,1372,0,0,0
val,0144-0019.svg,1802,1397,0,12,2048,1,0,0.0,0.0,140.0,140.0,59,9,0,1734,0,0,0
val,0145-0004.svg,920,523,0,7,2048,1,0,0.0,0.0,140.0,140.0,10,0,0,910,0,0,0
val,0146-0003.svg,934,528,0,9,2048,1,0,0.0,0.0,140.0,140.0,37,3,0,894,0,0,0
val,0147-0003.svg,1497,990,0,17,2048,1,0,0.0,0.0,140.0,140.0,31,3,0,1463,0,0,0
val,0151-0006.svg,775,205,0,4,2048,1,0,0.0,0.0,140.0,140.0,2,0,0,773,0,0,0
val,0152-0003.svg,122,63,0,2,2048,1,0,0.0,0.0,140.0,140.0,6,0,0,116,0,0,0
val,0156-0006.svg,192,32,0,3,2048,1,0,0.0,0.0,140.0,140.0,1,0,0,191,0,0,0
val,0156-0017.svg,270,127,0,1,2048,1,0,0.0,0.0,140.0,140.0,0,0,0,270,0,0,0
val,0157-0006.svg,2438,1616,0,18,2048,2,0,0.0,0.0,140.0,140.0,79,11,0,2348,0,0,0
val,0157-1181.svg,6118,20,0,1,2048,3,0,0.0,0.0,140.0,140.0,0,0,0,6118,0,0,0
val,0159-0007.svg,1896,1568,0,15,2048,1,0,0.0,0.0,140.0,140.0,19,0,0,1877,0,0,0
val,0159-0012.svg,732,358,0,6,2048,1,0,0.0,0.0,140.0,140.0,10,1,0,721,0,0,0
val,0160-0011.svg,336,50,0,3,2048,1,0,0.0,0.0,140.0,140.0,2,0,0,334,0,0,0
val,0161-0006.svg,1621,1078,0,15,2048,1,0,0.0,0.0,140.0,140.0,43,3,0,1575,0,0,0
val,0162-0008.svg,1745,1189,0,13,2048,1,0,0.0,0.0,140.0,140.0,41,3,0,1701,0,0,0
val,0162-0012.svg,1436,922,0,12,2048,1,0,0.0,0.0,140.0,140.0,38,12,0,1386,0,0,0
val,0165-0002.svg,627,418,0,8,2048,1,0,0.0,0.0,140.0,140.0,0,0,0,627,0,0,0
val,0166-0003.svg,1016,562,0,11,2048,1,0,0.0,0.0,140.0,140.0,107,0,0,909,0,0,0
val,0172-0006.svg,390,238,0,3,2048,1,0,0.0,0.0,140.0,140.0,11,0,0,379,0,0,0
val,0173-0007.svg,699,538,0,6,2048,1,0,0.0,0.0,140.0,140.0,0,0,0,699,0,0,0
val,0175-0001.svg,647,219,0,3,2048,1,0,0.0,0.0,140.0,140.0,14,0,0,633,0,0,0
val,0177-0007.svg,1283,1050,0,14,2048,1,0,0.0,0.0,140.0,140.0,50,3,0,1230,0,0,0
val,0179-0007.svg,1289,1033,0,15,2048,1,0,0.0,0.0,140.0,140.0,50,3,0,1236,0,0,0
val,0179-0012.svg,758,455,0,10,2048,1,0,0.0,0.0,140.0,140.0,17,3,0,738,0,0,0
val,0180-0002.svg,1405,726,0,14,2048,1,0,0.0,0.0,140.0,140.0,33,0,0,1372,0,0,0
val,0180-0004.svg,1408,994,0,13,2048,1,0,0.0,0.0,140.0,140.0,43,3,0,1362,0,0,0
val,0186-0004.svg,848,507,0,8,2048,1,0,0.0,0.0,140.0,140.0,13,0,0,835,0,0,0
val,0190-0010.svg,2524,1802,0,13,2048,2,0,0.0,0.0,140.0,140.0,38,0,0,2486,0,0,0
val,0190-0014.svg,1929,1563,0,16,2048,1,0,0.0,0.0,140.0,140.0,20,0,0,1909,0,0,0
val,0193-0017.svg,1925,1588,0,17,2048,1,0,0.0,0.0,140.0,140.0,21,0,0,1904,0,0,0
val,0196-0014.svg,298,196,0,3,2048,1,0,0.0,0.0,140.0,140.0,0,0,0,298,0,0,0
val,0198-0035.svg,713,348,0,6,2048,1,0,0.0,0.0,140.0,140.0,38,0,0,675,0,0,0
val,0199-0007.svg,1474,844,0,13,2048,1,0,0.0,0.0,140.0,140.0,35,9,0,1430,0,0,0
val,0199-0010.svg,2524,1768,0,11,2048,2,0,0.0,0.0,140.0,140.0,38,0,0,2486,0,0,0
val,0199-0016.svg,2037,1355,0,19,2048,1,0,0.0,0.0,140.0,140.0,33,6,0,1998,0,0,0
val,0215-0002.svg,1803,846,0,14,2048,1,0,0.0,0.0,140.0,140.0,31,0,0,1772,0,0,0
val,0226-0007.svg,2325,1450,0,12,2048,2,0,0.0,0.0,140.0,140.0,26,3,0,2296,0,0,0
val,0227-0002.svg,1397,909,0,16,2048,1,0,0.0,0.0,140.0,140.0,22,0,0,1375,0,0,0
val,0229-0002.svg,1770,1429,0,14,2048,1,0,0.0,0.0,140.0,140.0,45,0,0,1725,0,0,0
val,0230-0002.svg,1776,1397,0,15,2048,1,0,0.0,0.0,140.0,140.0,45,0,0,1731,0,0,0
val,0231-0002.svg,1703,1314,0,15,2048,1,0,0.0,0.0,140.0,140.0,45,0,0,1658,0,0,0
val,0236-0028.svg,606,436,0,1,2048,1,0,0.0,0.0,140.0,140.0,2,0,0,604,0,0,0
val,0239-0006.svg,1030,778,0,8,2048,1,0,0.0,0.0,140.0,140.0,30,8,0,992,0,0,0
val,0239-0049.svg,1105,882,0,8,2048,1,0,0.0,0.0,140.0,140.0,35,12,0,1058,0,0,0
val,0240-0014.svg,1127,885,0,6,2048,1,0,0.0,0.0,140.0,140.0,50,0,0,1077,0,0,0
val,0240-0485.svg,460,164,0,4,2048,1,0,0.0,0.0,140.0,140.0,4,0,0,456,0,0,0
val,0245-0003.svg,1837,1333,0,19,2048,1,0,0.0,0.0,140.0,140.0,82,1,0,1754,0,0,0
val,0245-0005.svg,1756,1307,0,18,2048,1,0,0.0,0.0,140.0,140.0,80,1,0,1675,0,0,0
val,0246-0005.svg,1833,1356,0,16,2048,1,0,0.0,0.0,140.0,140.0,69,1,0,1763,0,0,0
val,0247-0003.svg,1876,1294,0,18,2048,1,0,0.0,0.0,140.0,140.0,71,1,0,1804,0,0,0
val,0247-0019.svg,2083,1842,0,2,2048,2,0,0.0,0.0,140.0,140.0,60,0,0,2023,0,0,0
val,0247-0038.svg,158,79,0,4,2048,1,0,0.0,0.0,140.0,140.0,0,0,0,158,0,0,0
val,0251-0003.svg,1803,1320,0,19,2048,1,0,0.0,0.0,140.0,140.0,82,1,0,1720,0,0,0
val,0253-0006.svg,1217,821,0,14,2048,1,0,0.0,0.0,140.0,140.0,22,0,0,1195,0,0,0
val,0254-0005.svg,1800,1300,0,19,2048,1,0,0.0,0.0,140.0,140.0,80,1,0,1719,0,0,0
val,0254-0014.svg,91,2,0,1,2048,1,0,0.0,0.0,140.0,140.0,3,0,0,88,0,0,0
val,0255-0017.svg,538,221,0,4,2048,1,0,0.0,0.0,140.0,140.0,6,0,0,532,0,0,0
val,0257-0003.svg,1872,1340,0,19,2048,1,0,0.0,0.0,140.0,140.0,71,1,0,1800,0,0,0
val,0257-0482.svg,51,13,0,2,2048,1,0,0.0,0.0,140.0,140.0,1,0,0,50,0,0,0
val,0257-0543.svg,50,8,0,1,2048,1,0,0.0,0.0,140.0,140.0,2,0,0,48,0,0,0
val,0257-0695.svg,153,24,0,1,2048,1,0,0.0,0.0,140.0,140.0,7,0,0,146,0,0,0
val,0257-0798.svg,69,7,0,1,2048,1,0,0.0,0.0,140.0,140.0,0,0,0,69,0,0,0
val,0258-0032.svg,485,295,0,6,2048,1,0,0.0,0.0,140.0,140.0,0,0,0,485,0,0,0
val,0264-0003.svg,4254,2646,0,22,2048,3,0,0.0,0.0,140.0,140.0,70,0,0,4184,0,0,0
val,0267-0030.svg,634,316,0,8,2048,1,0,0.0,0.0,140.0,140.0,3,0,0,631,0,0,0
val,0268-0007.svg,1258,745,0,10,2048,1,0,0.0,0.0,140.0,140.0,7,0,0,1251,0,0,0
val,0269-0121.svg,511,328,0,6,2048,1,0,0.0,0.0,140.0,140.0,10,2,0,499,0,0,0
val,0270-0004.svg,1616,1162,0,16,2048,1,0,0.0,0.0,140.0,140.0,50,0,0,1566,0,0,0
val,0273-0009.svg,431,41,0,4,2048,1,0,0.0,0.0,140.0,140.0,20,0,0,411,0,0,0
val,0273-0017.svg,434,59,0,5,2048,1,0,0.0,0.0,140.0,140.0,2,0,0,432,0,0,0
val,0273-0059.svg,297,77,0,3,2048,1,0,0.0,0.0,140.0,140.0,6,0,0,291,0,0,0
val,0274-0014.svg,168,86,0,5,2048,1,0,0.0,0.0,140.0,140.0,1,2,0,165,0,0,0
val,0276-0028.svg,226,87,0,3,2048,1,0,0.0,0.0,140.0,140.0,0,0,0,226,0,0,0
val,0277-0011.svg,324,228,0,4,2048,1,0,0.0,0.0,140.0,140.0,0,0,0,324,0,0,0
val,0277-0023.svg,185,131,0,4,2048,1,0,0.0,0.0,140.0,140.0,0,2,0,183,0,0,0
val,0279-0026.svg,504,394,0,5,2048,1,0,0.0,0.0,140.0,140.0,2,4,0,498,0,0,0
val,0279-0034.svg,321,50,0,4,2048,1,0,0.0,0.0,140.0,140.0,3,0,0,318,0,0,0
val,0279-0035.svg,394,314,0,7,2048,1,0,0.0,0.0,140.0,140.0,1,2,0,391,0,0,0
val,0279-0036.svg,393,297,0,6,2048,1,0,0.0,0.0,140.0,140.0,1,2,0,390,0,0,0
val,0280-0002.svg,210,170,0,2,2048,1,0,0.0,0.0,140.0,140.0,1,0,0,209,0,0,0
val,0280-0003.svg,107,77,0,3,2048,1,0,0.0,0.0,140.0,140.0,0,0,0,107,0,0,0
val,0280-0023.svg,4280,4130,0,6,2048,3,0,0.0,0.0,140.0,140.0,1,0,0,4279,0,0,0
val,0281-0000.svg,440,157,0,4,2048,1,0,0.0,0.0,140.0,140.0,0,0,0,440,0,0,0
val,0281-0007.svg,1136,628,0,10,2048,1,0,0.0,0.0,140.0,140.0,36,0,0,1100,0,0,0
val,0282-0017.svg,152,60,0,3,2048,1,0,0.0,0.0,140.0,140.0,0,0,0,152,0,0,0
val,0283-0012.svg,1452,1393,0,2,2048,1,0,0.0,0.0,140.0,140.0,0,0,0,1452,0,0,0
val,0284-0017.svg,576,418,0,5,2048,1,0,0.0,0.0,140.0,140.0,2,0,0,574,0,0,0
val,0284-0036.svg,883,802,0,7,2048,1,0,0.0,0.0,140.0,140.0,1,0,0,882,0,0,0
val,0287-0030.svg,116,81,0,4,2048,1,0,0.0,0.0,140.0,140.0,3,0,0,113,0,0,0
val,0288-0019.svg,732,546,0,4,2048,1,0,0.0,0.0,140.0,140.0,0,0,0,732,0,0,0
val,0288-0023.svg,1102,814,0,9,2048,1,0,0.0,0.0,140.0,140.0,49,0,0,1053,0,0,0
val,0290-0012.svg,1268,581,0,12,2048,1,0,0.0,0.0,140.0,140.0,46,0,0,1222,0,0,0
val,0290-0019.svg,72,42,0,3,2048,1,0,0.0,0.0,140.0,140.0,0,0,0,72,0,0,0
val,0291-0018.svg,378,321,0,4,2048,1,0,0.0,0.0,140.0,140.0,0,0,0,378,0,0,0
val,0292-0052.svg,129,102,0,3,2048,1,0,0.0,0.0,140.0,140.0,0,0,0,129,0,0,0
val,0294-0019.svg,277,200,0,5,2048,1,0,0.0,0.0,140.0,140.0,1,0,0,276,0,0,0
val,0294-0037.svg,114,74,0,3,2048,1,0,0.0,0.0,140.0,140.0,0,0,0,114,0,0,0
val,0295-0000.svg,88,58,0,1,2048,1,0,0.0,0.0,140.0,140.0,1,0,0,87,0,0,0
val,0295-0023.svg,389,279,0,4,2048,1,0,0.0,0.0,140.0,140.0,0,0,0,389,0,0,0
val,0295-0032.svg,352,209,0,3,2048,1,0,0.0,0.0,140.0,140.0,0,0,0,352,0,0,0
val,0296-0014.svg,976,823,0,8,2048,1,0,0.0,0.0,140.0,140.0,19,0,0,957,0,0,0
val,0298-0006.svg,169,79,0,4,2048,1,0,0.0,0.0,140.0,140.0,1,2,0,166,0,0,0
val,0300-0009.svg,610,322,0,6,2048,1,0,0.0,0.0,140.0,140.0,3,2,0,605,0,0,0
val,0300-0012.svg,1207,762,0,7,2048,1,0,0.0,0.0,140.0,140.0,63,0,0,1144,0,0,0
val,0300-0022.svg,639,535,0,7,2048,1,0,0.0,0.0,140.0,140.0,1,2,0,636,0,0,0
val,0300-0046.svg,440,276,0,4,2048,1,0,0.0,0.0,140.0,140.0,10,0,0,430,0,0,0
val,0300-0062.svg,155,70,0,2,2048,1,0,0.0,0.0,140.0,140.0,0,0,0,155,0,0,0
val,0301-0005.svg,190,107,0,3,2048,1,0,0.0,0.0,140.0,140.0,1,0,0,189,0,0,0
val,0302-0033.svg,1221,141,0,2,2048,1,0,0.0,0.0,140.0,140.0,18,248,0,955,0,0,0
val,0303-0046.svg,583,245,0,2,2048,1,0,0.0,0.0,140.0,140.0,0,0,0,583,0,0,0
val,0304-0001.svg,412,324,0,4,2048,1,0,0.0,0.0,140.0,140.0,0,0,0,412,0,0,0
val,0306-0001.svg,88,50,0,1,2048,1,0,0.0,0.0,140.0,140.0,2,0,0,86,0,0,0
val,0307-0000.svg,88,62,0,2,2048,1,0,0.0,0.0,140.0,140.0,2,0,0,86,0,0,0
val,0307-0037.svg,198,143,0,2,2048,1,0,0.0,0.0,140.0,140.0,0,0,0,198,0,0,0
val,0308-0478.svg,3183,2638,0,19,2048,2,0,0.0,0.0,140.0,140.0,68,0,0,3115,0,0,0
val,0310-0391.svg,4296,2524,0,19,2048,3,0,0.0,0.0,140.0,140.0,70,0,0,4226,0,0,0
val,0312-0478.svg,3153,2664,0,19,2048,2,0,0.0,0.0,140.0,140.0,68,0,0,3085,0,0,0
val,0317-0008.svg,607,283,0,6,2048,1,0,0.0,0.0,140.0,140.0,10,0,0,597,0,0,0
val,0320-0043.svg,748,302,0,8,2048,1,0,0.0,0.0,140.0,140.0,8,0,0,740,0,0,0
val,0322-0006.svg,117,26,0,1,2048,1,0,0.0,0.0,140.0,140.0,2,0,0,115,0,0,0
val,0324-0006.svg,1133,840,0,8,2048,1,0,0.0,0.0,140.0,140.0,35,8,0,1090,0,0,0
val,0324-0015.svg,1033,596,0,6,2048,1,0,0.0,0.0,140.0,140.0,27,8,0,998,0,0,0
val,0325-0004.svg,4029,2611,0,18,2048,2,0,0.0,0.0,140.0,140.0,41,0,0,3988,0,0,0
val,0326-0143.svg,346,155,0,9,2048,1,0,0.0,0.0,140.0,140.0,19,1,0,326,0,0,0
val,0328-0034.svg,1506,1250,0,5,2048,1,0,0.0,0.0,140.0,140.0,7,1,0,1498,0,0,0
val,0328-0126.svg,350,228,0,4,2048,1,0,0.0,0.0,140.0,140.0,6,0,0,344,0,0,0
val,0328-0249.svg,161,56,0,3,2048,1,0,0.0,0.0,140.0,140.0,6,0,0,155,0,0,0
val,0328-0305.svg,101,5,0,1,2048,1,0,0.0,0.0,140.0,140.0,1,0,0,100,0,0,0
val,0331-0012.svg,21275,95,0,5,2048,11,0,0.0,0.0,140.0,140.0,1,0,0,21274,0,0,0
val,0332-0643.svg,337,60,0,2,2048,1,0,0.0,0.0,140.0,140.0,3,0,0,334,0,0,0
val,0332-0677.svg,1080,439,0,6,2048,1,0,0.0,0.0,140.0,140.0,27,0,0,1053,0,0,0
val,0334-0003.svg,706,13,0,2,2048,1,0,0.0,0.0,140.0,140.0,4,0,0,702,0,0,0
val,0335-0004.svg,53,18,0,2,2048,1,0,0.0,0.0,140.0,140.0,0,0,0,53,0,0,0
val,0335-0010.svg,4793,303,0,6,2048,3,0,0.0,0.0,140.0,140.0,7,0,0,4786,0,0,0
val,0335-0020.svg,1281,172,0,5,2048,1,0,0.0,0.0,140.0,140.0,2,0,0,1279,0,0,0
val,0335-0031.svg,62,18,0,2,2048,1,0,0.0,0.0,140.0,140.0,0,0,0,62,0,0,0
val,0336-0009.svg,78,21,0,1,2048,1,0,0.0,0.0,140.0,140.0,0,0,0,78,0,0,0
val,0339-0018.svg,513,37,0,1,2048,1,0,0.0,0.0,140.0,140.0,1,0,0,512,0,0,0
val,0340-0007.svg,108,41,0,4,2048,1,0,0.0,0.0,140.0,140.0,1,0,0,107,0,0,0
val,0342-0595.svg,1129,286,0,3,2048,1,0,0.0,0.0,140.0,140.0,13,0,0,1116,0,0,0
val,0343-0646.svg,351,208,0,5,2048,1,0,0.0,0.0,140.0,140.0,1,0,0,350,0,0,0
val,0345-0019.svg,1456,259,0,6,2048,1,0,0.0,0.0,140.0,140.0,11,0,0,1445,0,0,0
val,0346-0011.svg,1489,793,0,5,2048,1,0,0.0,0.0,140.0,140.0,60,0,0,1429,0,0,0
val,0346-0025.svg,1445,321,0,7,2048,1,0,0.0,0.0,140.0,140.0,39,0,0,1406,0,0,0
val,0346-0266.svg,289,70,0,2,2048,1,0,0.0,0.0,140.0,140.0,8,0,0,281,0,0,0
val,0346-0468.svg,216,154,0,4,2048,1,0,0.0,0.0,140.0,140.0,0,0,0,216,0,0,0
val,0346-0514.svg,378,183,0,5,2048,1,0,0.0,0.0,140.0,140.0,0,0,0,378,0,0,0
val,0347-0047.svg,347,117,0,2,2048,1,0,0.0,0.0,140.0,140.0,0,0,0,347,0,0,0
val,0349-0011.svg,1783,578,0,6,2048,1,0,0.0,0.0,140.0,140.0,91,0,0,1692,0,0,0
val,0349-0025.svg,860,427,0,6,2048,1,0,0.0,0.0,140.0,140.0,31,0,0,829,0,0,0
val,0349-0516.svg,220,131,0,4,2048,1,0,0.0,0.0,140.0,140.0,0,0,0,220,0,0,0
val,0349-0576.svg,56,16,0,2,2048,1,0,0.0,0.0,140.0,140.0,0,0,0,56,0,0,0
val,0349-0783.svg,164,43,0,4,2048,1,0,0.0,0.0,140.0,140.0,5,0,0,159,0,0,0
val,0349-0818.svg,35,16,0,1,2048,1,0,0.0,0.0,140.0,140.0,0,0,0,35,0,0,0
val,0349-1024.svg,182,59,0,2,2048,1,0,0.0,0.0,140.0,140.0,4,0,0,178,0,0,0
val,0350-0003.svg,1585,451,0,12,2048,1,0,0.0,0.0,140.0,140.0,3,0,0,1582,0,0,0
val,0352-0025.svg,1545,43,0,4,2048,1,0,0.0,0.0,140.0,140.0,2,0,0,1543,0,0,0
val,0353-0034.svg,262,85,0,2,2048,1,0,0.0,0.0,140.0,140.0,10,0,0,252,0,0,0
val,0355-0006.svg,563,97,0,2,2048,1,0,0.0,0.0,140.0,140.0,10,0,0,553,0,0,0
val,0355-0012.svg,1251,749,0,8,2048,1,0,0.0,0.0,140.0,140.0,31,0,0,1220,0,0,0
val,0355-0016.svg,1363,869,0,9,2048,1,0,0.0,0.0,140.0,140.0,39,0,0,1324,0,0,0
val,0355-0034.svg,1141,463,0,7,2048,1,0,0.0,0.0,140.0,140.0,10,0,0,1131,0,0,0
val,0356-0015.svg,1487,586,0,10,2048,1,0,0.0,0.0,140.0,140.0,54,0,0,1433,0,0,0
val,0357-0002.svg,1548,861,0,5,2048,1,0,0.0,0.0,140.0,140.0,62,0,0,1486,0,0,0
val,0357-0011.svg,224,123,0,1,2048,1,0,0.0,0.0,140.0,140.0,0,0,0,224,0,0,0
val,0360-0006.svg,6571,353,0,3,2048,4,0,0.0,0.0,140.0,140.0,0,8,0,6563,0,0,0
val,0361-0014.svg,6761,48,0,2,2048,4,0,0.0,0.0,140.0,140.0,0,0,0,6761,0,0,0
val,0363-0013.svg,277,162,0,5,2048,1,0,0.0,0.0,140.0,140.0,0,0,0,277,0,0,0
val,0366-0017.svg,11000,201,0,7,2048,6,0,0.0,0.0,140.0,140.0,77,0,0,10923,0,0,0
val,0367-0000.svg,158,8,0,2,2048,1,0,0.0,0.0,140.0,140.0,8,0,0,150,0,0,0
val,0369-0058.svg,549,170,0,3,2048,1,0,0.0,0.0,140.0,140.0,2,0,0,547,0,0,0
val,0370-0024.svg,108,12,0,1,2048,1,0,0.0,0.0,140.0,140.0,2,0,0,106,0,0,0
val,0371-0048.svg,909,284,0,5,2048,1,0,0.0,0.0,140.0,140.0,0,0,0,909,0,0,0
val,0372-0018.svg,1144,791,0,5,2048,1,0,0.0,0.0,140.0,140.0,20,0,0,1124,0,0,0
val,0372-0019.svg,617,149,0,5,2048,1,0,0.0,0.0,140.0,140.0,4,0,0,613,0,0,0
val,0373-0012.svg,426,243,0,6,2048,1,0,0.0,0.0,140.0,140.0,0,0,0,426,0,0,0
val,0374-0013.svg,1892,1809,0,8,2048,1,0,0.0,0.0,140.0,140.0,0,0,0,1892,0,0,0
val,0375-0001.svg,44,20,0,2,2048,1,0,0.0,0.0,140.0,140.0,1,0,0,43,0,0,0
val,0375-0021.svg,728,603,0,7,2048,1,0,0.0,0.0,140.0,140.0,2,0,0,726,0,0,0
val,0375-0022.svg,551,410,0,8,2048,1,0,0.0,0.0,140.0,140.0,0,0,0,551,0,0,0
val,0375-0026.svg,33,21,0,2,2048,1,0,0.0,0.0,140.0,140.0,0,0,0,33,0,0,0
val,0375-0041.svg,3061,384,0,8,2048,2,0,0.0,0.0,140.0,140.0,8,8,0,3045,0,0,0
val,0376-0067.svg,377,44,0,3,2048,1,0,0.0,0.0,140.0,140.0,3,0,0,374,0,0,0
val,0376-0093.svg,495,179,0,4,2048,1,0,0.0,0.0,140.0,140.0,1,0,0,494,0,0,0
val,0376-0094.svg,1847,302,0,5,2048,1,0,0.0,0.0,140.0,140.0,2,0,0,1845,0,0,0
val,0376-0111.svg,110,13,0,1,2048,1,0,0.0,0.0,140.0,140.0,1,0,0,109,0,0,0
val,0377-0023.svg,509,150,0,5,2048,1,0,0.0,0.0,140.0,140.0,5,0,0,504,0,0,0
val,0377-0026.svg,271,53,0,4,2048,1,0,0.0,0.0,140.0,140.0,0,0,0,271,0,0,0
val,0377-0038.svg,548,117,0,4,2048,1,0,0.0,0.0,140.0,140.0,4,0,0,544,0,0,0
val,0377-0041.svg,1007,693,0,9,2048,1,0,0.0,0.0,140.0,140.0,6,0,0,1001,0,0,0
val,0378-0021.svg,400,154,0,4,2048,1,0,0.0,0.0,140.0,140.0,2,0,0,398,0,0,0
val,0379-0018.svg,243,10,0,2,2048,1,0,0.0,0.0,140.0,140.0,10,0,0,233,0,0,0
val,0379-0056.svg,793,529,0,5,2048,1,0,0.0,0.0,140.0,140.0,3,0,0,790,0,0,0
val,0379-0066.svg,657,249,0,7,2048,1,0,0.0,0.0,140.0,140.0,4,0,0,653,0,0,0
val,0380-0017.svg,534,327,0,5,2048,1,0,0.0,0.0,140.0,140.0,3,0,0,531,0,0,0
val,0380-0030.svg,422,174,0,4,2048,1,0,0.0,0.0,140.0,140.0,1,0,0,421,0,0,0
val,0381-0057.svg,572,373,0,6,2048,1,0,0.0,0.0,140.0,140.0,17,0,0,555,0,0,0
val,0381-0101.svg,160,83,0,4,2048,1,0,0.0,0.0,140.0,140.0,2,0,0,158,0,0,0
val,0382-0023.svg,155,57,0,3,2048,1,0,0.0,0.0,140.0,140.0,2,0,0,153,0,0,0
val,0383-0062.svg,482,110,0,4,2048,1,0,0.0,0.0,140.0,140.0,9,0,0,473,0,0,0
val,0383-0122.svg,350,59,0,1,2048,1,0,0.0,0.0,140.0,140.0,11,0,0,339,0,0,0
val,0385-0008.svg,371,321,0,6,2048,1,0,0.0,0.0,140.0,140.0,0,0,0,371,0,0,0
val,0386-0116.svg,493,301,0,8,2048,1,0,0.0,0.0,140.0,140.0,30,0,0,463,0,0,0
val,0386-0117.svg,172,43,0,4,2048,1,0,0.0,0.0,140.0,140.0,1,0,0,171,0,0,0
val,0387-0035.svg,1270,1135,0,8,2048,1,0,0.0,0.0,140.0,140.0,26,0,0,1244,0,0,0
val,0387-0041.svg,713,489,0,5,2048,1,0,0.0,0.0,140.0,140.0,28,0,0,685,0,0,0
val,0387-0104.svg,362,248,0,4,2048,1,0,0.0,0.0,140.0,140.0,1,0,0,361,0,0,0
val,0388-0065.svg,210,143,0,2,2048,1,0,0.0,0.0,140.0,140.0,2,0,0,208,0,0,0
val,0388-0078.svg,283,212,0,4,2048,1,0,0.0,0.0,140.0,140.0,2,0,0,281,0,0,0
val,0389-0132.svg,381,254,0,6,2048,1,0,0.0,0.0,140.0,140.0,5,0,0,376,0,0,0
val,0389-0170.svg,185,137,0,3,2048,1,0,0.0,0.0,140.0,140.0,1,0,0,184,0,0,0
val,0390-0030.svg,340,196,0,4,2048,1,0,0.0,0.0,140.0,140.0,1,0,0,339,0,0,0
val,0390-0042.svg,186,112,0,4,2048,1,0,0.0,0.0,140.0,140.0,5,0,0,181,0,0,0
val,0390-0095.svg,2236,1720,0,6,2048,2,0,0.0,0.0,140.0,140.0,40,2,0,2194,0,0,0
val,0391-0039.svg,550,445,0,6,2048,1,0,0.0,0.0,140.0,140.0,43,0,0,507,0,0,0
val,0391-0057.svg,1175,1118,0,5,2048,1,0,0.0,0.0,140.0,140.0,0,0,0,1175,0,0,0
val,0393-0019.svg,116,89,0,2,2048,1,0,0.0,0.0,140.0,140.0,0,0,0,116,0,0,0
val,0393-0041.svg,210,142,0,3,2048,1,0,0.0,0.0,140.0,140.0,0,0,0,210,0,0,0
val,0393-0043.svg,281,223,0,5,2048,1,0,0.0,0.0,140.0,140.0,0,0,0,281,0,0,0
val,0394-0113.svg,183,133,0,1,2048,1,0,0.0,0.0,140.0,140.0,1,0,0,182,0,0,0
val,0394-0138.svg,198,143,0,1,2048,1,0,0.0,0.0,140.0,140.0,0,0,0,198,0,0,0
val,0395-0030.svg,273,183,0,4,2048,1,0,0.0,0.0,140.0,140.0,1,0,0,272,0,0,0
val,0395-0050.svg,471,232,0,5,2048,1,0,0.0,0.0,140.0,140.0,1,0,0,470,0,0,0
val,0396-0036.svg,1481,1328,0,8,2048,1,0,0.0,0.0,140.0,140.0,7,0,0,1474,0,0,0
val,0396-0047.svg,166,73,0,3,2048,1,0,0.0,0.0,140.0,140.0,0,0,0,166,0,0,0
val,0396-0049.svg,271,146,0,5,2048,1,0,0.0,0.0,140.0,140.0,3,0,0,268,0,0,0
val,0396-0091.svg,454,305,0,4,2048,1,0,0.0,0.0,140.0,140.0,31,0,0,423,0,0,0
val,0396-0101.svg,263,186,0,6,2048,1,0,0.0,0.0,140.0,140.0,5,0,0,258,0,0,0
val,0396-0105.svg,847,626,0,5,2048,1,0,0.0,0.0,140.0,140.0,84,0,0,763,0,0,0
val,0396-0124.svg,114,30,0,2,2048,1,0,0.0,0.0,140.0,140.0,4,0,0,110,0,0,0
val,0396-0148.svg,265,150,0,7,2048,1,0,0.0,0.0,140.0,140.0,3,0,0,262,0,0,0
val,0397-0065.svg,347,77,0,2,2048,1,0,0.0,0.0,140.0,140.0,2,0,0,345,0,0,0
val,0397-0078.svg,414,179,0,3,2048,1,0,0.0,0.0,140.0,140.0,0,0,0,414,0,0,0
val,0397-0080.svg,2029,1808,0,7,2048,1,0,0.0,0.0,140.0,140.0,10,0,0,2019,0,0,0
val,0398-0031.svg,177,105,0,3,2048,1,0,0.0,0.0,140.0,140.0,0,0,0,177,0,0,0
val,0399-0031.svg,224,187,0,2,2048,1,0,0.0,0.0,140.0,140.0,1,0,0,223,0,0,0
val,0399-0060.svg,258,216,0,1,2048,1,0,0.0,0.0,140.0,140.0,0,0,0,258,0,0,0
val,0399-0072.svg,222,182,0,2,2048,1,0,0.0,0.0,140.0,140.0,0,0,0,222,0,0,0
val,0399-0097.svg,175,114,0,2,2048,1,0,0.0,0.0,140.0,140.0,1,0,0,174,0,0,0
val,0400-0067.svg,82,29,0,2,2048,1,0,0.0,0.0,140.0,140.0,0,0,0,82,0,0,0
val,0400-0082.svg,53919,52709,0,3,2048,27,0,0.0,0.0,140.0,140.0,0,0,0,53919,0,0,0
val,0401-0006.svg,92,54,0,2,2048,1,0,0.0,0.0,140.0,140.0,0,0,0,92,0,0,0
val,0402-0048.svg,484,346,0,7,2048,1,0,0.0,0.0,140.0,140.0,2,0,0,482,0,0,0
val,0405-0011.svg,121,82,0,1,2048,1,0,0.0,0.0,140.0,140.0,3,0,0,118,0,0,0
val,0406-0004.svg,1564,1252,0,13,2048,1,0,0.0,0.0,140.0,140.0,48,0,0,1516,0,0,0
val,0409-0002.svg,1899,1319,0,15,2048,1,0,0.0,0.0,140.0,140.0,52,0,0,1847,0,0,0
val,0409-0004.svg,1679,1297,0,13,2048,1,0,0.0,0.0,140.0,140.0,48,0,0,1631,0,0,0
val,0409-0022.svg,1141,598,0,10,2048,1,0,0.0,0.0,140.0,140.0,40,8,0,1093,0,0,0
val,0410-0022.svg,2059,1462,0,15,2048,2,0,0.0,0.0,140.0,140.0,53,0,0,2006,0,0,0
val,0411-0004.svg,1581,1028,0,12,2048,1,0,0.0,0.0,140.0,140.0,48,0,0,1533,0,0,0
val,0412-0006.svg,626,58,0,1,2048,1,0,0.0,0.0,140.0,140.0,1,0,0,625,0,0,0
val,0414-0004.svg,175,39,0,2,2048,1,0,0.0,0.0,140.0,140.0,4,0,0,171,0,0,0
val,0416-0002.svg,1899,1285,0,13,2048,1,0,0.0,0.0,140.0,140.0,52,0,0,1847,0,0,0
val,0417-0007.svg,1562,106,0,1,2048,1,0,0.0,0.0,140.0,140.0,2,0,0,1560,0,0,0
val,0418-0003.svg,842,522,0,12,2048,1,0,0.0,0.0,140.0,140.0,6,0,0,836,0,0,0
val,0420-0004.svg,1564,1282,0,15,2048,1,0,0.0,0.0,140.0,140.0,48,0,0,1516,0,0,0
val,0421-0002.svg,1781,1410,0,14,2048,1,0,0.0,0.0,140.0,140.0,52,0,0,1729,0,0,0
val,0423-0006.svg,970,87,0,1,2048,1,0,0.0,0.0,140.0,140.0,4,0,0,966,0,0,0
val,0423-0018.svg,1150,759,0,3,2048,1,0,0.0,0.0,140.0,140.0,3,0,0,1147,0,0,0
val,0428-0013.svg,389,277,0,1,2048,1,0,0.0,0.0,140.0,140.0,2,0,0,387,0,0,0
val,0431-0012.svg,2424,1843,0,14,2048,2,0,0.0,0.0,140.0,140.0,50,9,0,2365,0,0,0
val,0432-0012.svg,3034,2667,0,6,2048,2,0,0.0,0.0,140.0,140.0,8,0,0,3026,0,0,0
val,0432-0021.svg,754,515,0,11,2048,1,0,0.0,0.0,140.0,140.0,15,0,0,739,0,0,0
val,0432-0027.svg,1174,593,0,8,2048,1,0,0.0,0.0,140.0,140.0,29,0,0,1145,0,0,0
val,0432-0028.svg,566,242,0,6,2048,1,0,0.0,0.0,140.0,140.0,10,0,0,556,0,0,0
val,0433-0056.svg,131,30,0,4,2048,1,0,0.0,0.0,140.0,140.0,4,0,0,127,0,0,0
val,0435-0010.svg,5059,4548,0,7,2048,3,0,0.0,0.0,140.0,140.0,16,0,0,5043,0,0,0
val,0435-0022.svg,1149,675,0,9,2048,1,0,0.0,0.0,140.0,140.0,41,8,0,1100,0,0,0
val,0436-0005.svg,5302,4937,0,10,2048,3,0,0.0,0.0,140.0,140.0,7,0,0,5295,0,0,0
val,0438-0004.svg,6664,2526,0,10,2048,4,0,0.0,0.0,140.0,140.0,10,0,0,6654,0,0,0
val,0438-0014.svg,3084,2403,0,6,2048,2,0,0.0,0.0,140.0,140.0,11,0,0,3073,0,0,0
val,0438-0018.svg,1536,1067,0,6,2048,1,0,0.0,0.0,140.0,140.0,13,0,0,1523,0,0,0
val,0438-0019.svg,8800,7991,0,6,2048,5,0,0.0,0.0,140.0,140.0,14,0,0,8786,0,0,0
val,0439-0027.svg,531,232,0,6,2048,1,0,0.0,0.0,140.0,140.0,10,0,0,521,0,0,0
val,0440-0004.svg,5205,1078,0,7,2048,3,0,0.0,0.0,140.0,140.0,13,0,0,5192,0,0,0
val,0440-0005.svg,2079,112,0,2,2048,2,0,0.0,0.0,140.0,140.0,2,0,0,2077,0,0,0
val,0440-0016.svg,5765,4060,0,11,2048,3,0,0.0,0.0,140.0,140.0,39,0,0,5726,0,0,0
val,0440-0052.svg,2154,737,0,10,2048,2,0,0.0,0.0,140.0,140.0,25,0,0,2129,0,0,0
val,0441-0003.svg,4777,4279,0,10,2048,3,0,0.0,0.0,140.0,140.0,9,0,0,4768,0,0,0
val,0443-0011.svg,4241,3673,0,7,2048,3,0,0.0,0.0,140.0,140.0,7,0,0,4234,0,0,0
val,0443-0101.svg,127,44,0,2,2048,1,0,0.0,0.0,140.0,140.0,2,0,0,125,0,0,0
val,0444-0011.svg,426,156,0,4,2048,1,0,0.0,0.0,140.0,140.0,15,0,0,411,0,0,0
val,0444-0017.svg,3490,2980,0,6,2048,2,0,0.0,0.0,140.0,140.0,7,0,0,3483,0,0,0
val,0445-0013.svg,5069,4763,0,6,2048,3,0,0.0,0.0,140.0,140.0,15,0,0,5054,0,0,0
val,0445-0033.svg,6908,6456,0,6,2048,4,0,0.0,0.0,140.0,140.0,9,0,0,6899,0,0,0
val,0446-0006.svg,7808,3509,0,11,2048,4,0,0.0,0.0,140.0,140.0,27,0,0,7781,0,0,0
val,0447-0048.svg,5247,4701,0,9,2048,3,0,0.0,0.0,140.0,140.0,12,0,0,5235,0,0,0
val,0448-0002.svg,2060,1187,0,12,2048,2,0,0.0,0.0,140.0,140.0,22,3,0,2035,0,0,0
val,0448-0023.svg,6382,3039,0,12,2048,4,0,0.0,0.0,140.0,140.0,27,0,0,6355,0,0,0
val,0454-0002.svg,1718,947,0,15,2048,1,0,0.0,0.0,140.0,140.0,34,0,0,1684,0,0,0
val,0458-0016.svg,649,157,0,3,2048,1,0,0.0,0.0,140.0,140.0,14,0,0,635,0,0,0
val,0461-0002.svg,1644,1064,0,15,2048,1,0,0.0,0.0,140.0,140.0,34,0,0,1610,0,0,0
val,0461-0033.svg,720,399,0,6,2048,1,0,0.0,0.0,140.0,140.0,10,0,0,710,0,0,0
val,0462-0007.svg,2800,2127,0,19,2048,2,0,0.0,0.0,140.0,140.0,111,20,0,2669,0,0,0
val,0464-0009.svg,2737,2150,0,19,2048,2,0,0.0,0.0,140.0,140.0,74,6,0,2657,0,0,0
val,0464-0013.svg,2208,1677,0,19,2048,2,0,0.0,0.0,140.0,140.0,63,10,0,2135,0,0,0
val,0466-0036.svg,775,548,0,8,2048,1,0,0.0,0.0,140.0,140.0,11,0,0,764,0,0,0
val,0469-0004.svg,2940,1156,0,17,2048,2,0,0.0,0.0,140.0,140.0,51,1,0,2888,0,0,0
val,0471-0006.svg,1396,92,0,6,2048,1,0,0.0,0.0,140.0,140.0,2,0,0,1394,0,0,0
val,0478-0005.svg,2387,1444,0,15,2048,2,0,0.0,0.0,140.0,140.0,67,0,0,2320,0,0,0
val,0478-0008.svg,2358,1556,0,12,2048,2,0,0.0,0.0,140.0,140.0,67,0,0,2291,0,0,0
val,0478-0575.svg,147,66,0,4,2048,1,0,0.0,0.0,140.0,140.0,1,0,0,146,0,0,0
val,0478-0591.svg,138,72,0,3,2048,1,0,0.0,0.0,140.0,140.0,0,0,0,138,0,0,0
val,0478-0675.svg,154,83,0,3,2048,1,0,0.0,0.0,140.0,140.0,1,0,0,153,0,0,0
val,0478-0706.svg,118,12,0,1,2048,1,0,0.0,0.0,140.0,140.0,0,0,0,118,0,0,0
val,0478-0786.svg,512,300,0,3,2048,1,0,0.0,0.0,140.0,140.0,1,0,0,511,0,0,0
val,0478-0825.svg,158,73,0,4,2048,1,0,0.0,0.0,140.0,140.0,1,0,0,157,0,0,0
val,0478-0911.svg,125,66,0,4,2048,1,0,0.0,0.0,140.0,140.0,1,0,0,124,0,0,0
val,0478-0915.svg,168,78,0,5,2048,1,0,0.0,0.0,140.0,140.0,1,0,0,167,0,0,0
val,0478-0975.svg,408,197,0,4,2048,1,0,0.0,0.0,140.0,140.0,6,0,0,402,0,0,0
val,0480-0016.svg,544,215,0,5,2048,1,0,0.0,0.0,140.0,140.0,21,0,0,523,0,0,0
val,0486-0016.svg,2660,2144,0,21,2048,2,0,0.0,0.0,140.0,140.0,32,4,0,2624,0,0,0
val,0487-0004.svg,1792,1548,0,15,2048,1,0,0.0,0.0,140.0,140.0,24,8,0,1760,0,0,0
val,0488-0004.svg,2289,1681,0,20,2048,2,0,0.0,0.0,140.0,140.0,26,4,0,2259,0,0,0
val,0488-0016.svg,2320,1658,0,21,2048,2,0,0.0,0.0,140.0,140.0,26,4,0,2290,0,0,0
val,0489-0013.svg,2298,1729,0,19,2048,2,0,0.0,0.0,140.0,140.0,25,4,0,2269,0,0,0
val,0493-0115.svg,872,572,0,5,2048,1,0,0.0,0.0,140.0,140.0,3,4,0,865,0,0,0
val,0493-0118.svg,723,503,0,3,2048,1,0,0.0,0.0,140.0,140.0,2,4,0,717,0,0,0
val,0493-0163.svg,1119,580,0,9,2048,1,0,0.0,0.0,140.0,140.0,19,4,0,1096,0,0,0
val,0493-0222.svg,1014,51,0,1,2048,1,0,0.0,0.0,140.0,140.0,0,0,0,1014,0,0,0
val,0493-0301.svg,1578,398,0,7,2048,1,0,0.0,0.0,140.0,140.0,0,4,0,1574,0,0,0
val,0493-0332.svg,334,144,0,4,2048,1,0,0.0,0.0,140.0,140.0,0,0,0,334,0,0,0
val,0495-0007.svg,1961,1290,0,14,2048,1,0,0.0,0.0,140.0,140.0,22,9,0,1930,0,0,0
val,0496-0004.svg,243,80,0,2,2048,1,0,0.0,0.0,140.0,140.0,4,0,0,239,0,0,0
val,0496-0007.svg,1954,1379,0,16,2048,1,0,0.0,0.0,140.0,140.0,22,9,0,1923,0,0,0
val,0497-0007.svg,1918,1367,0,15,2048,1,0,0.0,0.0,140.0,140.0,22,9,0,1887,0,0,0
val,0497-0009.svg,2359,2133,0,14,2048,2,0,0.0,0.0,140.0,140.0,18,10,0,2331,0,0,0
val,0497-0011.svg,2055,1499,0,16,2048,2,0,0.0,0.0,140.0,140.0,22,6,0,2027,0,0,0
val,0498-0011.svg,2093,1561,0,17,2048,2,0,0.0,0.0,140.0,140.0,22,6,0,2065,0,0,0
val,0498-0083.svg,324,112,0,3,2048,1,0,0.0,0.0,140.0,140.0,23,0,0,301,0,0,0
val,0498-0168.svg,752,28,0,1,2048,1,0,0.0,0.0,140.0,140.0,13,0,0,739,0,0,0
val,0500-0009.svg,3212,2252,0,12,2048,2,0,0.0,0.0,140.0,140.0,31,16,0,3165,0,0,0
val,0506-0027.svg,739,324,0,6,2048,1,0,0.0,0.0,140.0,140.0,8,0,0,731,0,0,0
val,0510-0013.svg,2941,1895,0,20,2048,2,0,0.0,0.0,140.0,140.0,51,10,0,2880,0,0,0
val,0511-0007.svg,330,18,0,3,2048,1,0,0.0,0.0,140.0,140.0,10,0,0,320,0,0,0
val,0512-0005.svg,2973,2079,0,19,2048,2,0,0.0,0.0,140.0,140.0,54,8,0,2911,0,0,0
val,0513-0028.svg,554,149,0,6,2048,1,0,0.0,0.0,140.0,140.0,8,3,0,543,0,0,0
val,0515-0010.svg,1281,412,0,9,2048,1,0,0.0,0.0,140.0,140.0,23,0,0,1258,0,0,0
val,0517-0001.svg,1021,884,0,13,2048,1,0,0.0,0.0,140.0,140.0,11,4,0,1006,0,0,0
val,0519-0013.svg,1768,1462,0,16,2048,1,0,0.0,0.0,140.0,140.0,29,8,0,1731,0,0,0
val,0519-0344.svg,82,35,0,2,2048,1,0,0.0,0.0,140.0,140.0,3,0,0,79,0,0,0
val,0520-0494.svg,1109,171,0,3,2048,1,0,0.0,0.0,140.0,140.0,0,0,0,1109,0,0,0
val,0520-0618.svg,3704,43,0,2,2048,2,0,0.0,0.0,140.0,140.0,1,0,0,3703,0,0,0
val,0520-0622.svg,3350,27,0,1,2048,2,0,0.0,0.0,140.0,140.0,0,0,0,3350,0,0,0
val,0522-0009.svg,946,733,0,9,2048,1,0,0.0,0.0,140.0,140.0,32,0,0,914,0,0,0
val,0522-0015.svg,894,612,0,13,2048,1,0,0.0,0.0,140.0,140.0,20,0,0,874,0,0,0
val,0523-0004.svg,2247,1803,0,19,2048,2,0,0.0,0.0,140.0,140.0,44,0,0,2203,0,0,0
val,0523-0016.svg,2262,1800,0,19,2048,2,0,0.0,0.0,140.0,140.0,44,0,0,2218,0,0,0
val,0524-0004.svg,1457,1367,0,8,2048,1,0,0.0,0.0,140.0,140.0,1,1,0,1455,0,0,0
val,0525-0019.svg,1559,1000,0,9,2048,1,0,0.0,0.0,140.0,140.0,20,8,0,1531,0,0,0
val,0528-0002.svg,2571,779,0,13,2048,2,0,0.0,0.0,140.0,140.0,52,1,0,2518,0,0,0
val,0532-0002.svg,2570,725,0,11,2048,2,0,0.0,0.0,140.0,140.0,52,1,0,2517,0,0,0
val,0534-0002.svg,2758,1955,0,14,2048,2,0,0.0,0.0,140.0,140.0,49,1,0,2708,0,0,0
val,0535-0015.svg,1592,1315,0,9,2048,1,0,0.0,0.0,140.0,140.0,15,0,0,1577,0,0,0
val,0536-0012.svg,1663,1325,0,12,2048,1,0,0.0,0.0,140.0,140.0,16,0,0,1647,0,0,0
val,0536-0013.svg,1308,659,0,10,2048,1,0,0.0,0.0,140.0,140.0,40,8,0,1260,0,0,0
val,0536-0020.svg,1172,885,0,6,2048,1,0,0.0,0.0,140.0,140.0,14,0,0,1158,0,0,0
val,0537-0012.svg,1878,1478,0,13,2048,1,0,0.0,0.0,140.0,140.0,18,6,0,1854,0,0,0
val,0537-0015.svg,1788,1436,0,10,2048,1,0,0.0,0.0,140.0,140.0,18,6,0,1764,0,0,0
val,0538-0053.svg,9712,22,0,1,2048,5,0,0.0,0.0,140.0,140.0,6,0,0,9706,0,0,0
val,0547-0013.svg,405,172,0,4,2048,1,0,0.0,0.0,140.0,140.0,20,0,0,385,0,0,0
val,0552-0004.svg,2113,869,0,17,2048,2,0,0.0,0.0,140.0,140.0,30,0,0,2083,0,0,0
val,0554-0072.svg,203,80,0,4,2048,1,0,0.0,0.0,140.0,140.0,3,0,0,200,0,0,0
val,0554-0123.svg,340,114,0,5,2048,1,0,0.0,0.0,140.0,140.0,7,0,0,333,0,0,0
val,0556-0007.svg,1592,815,0,18,2048,1,0,0.0,0.0,140.0,140.0,20,0,0,1572,0,0,0
val,0557-2172.svg,1754,12,0,1,2048,1,0,0.0,0.0,140.0,140.0,5,0,0,1749,0,0,0
val,0557-2384.svg,3307,11,0,1,2048,2,0,0.0,0.0,140.0,140.0,0,0,0,3307,0,0,0
val,0559-0021.svg,835,577,0,6,2048,1,0,0.0,0.0,140.0,140.0,17,0,0,818,0,0,0
val,0560-0031.svg,1431,767,0,8,2048,1,0,0.0,0.0,140.0,140.0,4,0,0,1427,0,0,0
val,0570-0016.svg,650,62,0,3,2048,1,0,0.0,0.0,140.0,140.0,14,0,0,636,0,0,0
val,0571-0004.svg,1155,743,0,16,2048,1,0,0.0,0.0,140.0,140.0,11,0,0,1144,0,0,0
val,0572-0033.svg,601,446,0,5,2048,1,0,0.0,0.0,140.0,140.0,11,0,0,590,0,0,0
val,0574-0003.svg,655,367,0,5,2048,1,0,0.0,0.0,140.0,140.0,9,0,0,646,0,0,0
val,0576-0009.svg,789,342,0,5,2048,1,0,0.0,0.0,140.0,140.0,13,0,0,776,0,0,0
val,0580-0026.svg,561,145,0,8,2048,1,0,0.0,0.0,140.0,140.0,19,0,0,542,0,0,0
val,0581-0589.svg,58,9,0,1,2048,1,0,0.0,0.0,140.0,140.0,2,0,0,56,0,0,0
val,0581-0670.svg,1225,1128,0,4,2048,1,0,0.0,0.0,140.0,140.0,121,0,0,1104,0,0,0
val,0581-0671.svg,2913,2101,0,3,2048,2,0,0.0,0.0,140.0,140.0,222,0,0,2691,0,0,0
val,0581-0930.svg,37,23,0,1,2048,1,0,0.0,0.0,140.0,140.0,0,0,0,37,0,0,0
val,0587-0029.svg,126,74,0,1,2048,1,0,0.0,0.0,140.0,140.0,0,0,0,126,0,0,0
val,0591-0780.svg,115,50,0,2,2048,1,0,0.0,0.0,140.0,140.0,2,0,0,113,0,0,0
val,0591-0807.svg,502,288,0,3,2048,1,0,0.0,0.0,140.0,140.0,1,0,0,501,0,0,0
val,0591-0847.svg,180,99,0,4,2048,1,0,0.0,0.0,140.0,140.0,1,0,0,179,0,0,0
val,0591-0875.svg,205,123,0,6,2048,1,0,0.0,0.0,140.0,140.0,1,0,0,204,0,0,0
val,0592-0006.svg,476,261,0,1,2048,1,0,0.0,0.0,140.0,140.0,2,0,0,474,0,0,0
val,0592-0007.svg,224,141,0,1,2048,1,0,0.0,0.0,140.0,140.0,9,0,0,215,0,0,0
val,0597-0011.svg,1471,1007,0,15,2048,1,0,0.0,0.0,140.0,140.0,26,0,0,1445,0,0,0
val,0605-0007.svg,646,243,0,7,2048,1,0,0.0,0.0,140.0,140.0,30,1,0,615,0,0,0
val,0607-0017.svg,979,159,0,6,2048,1,0,0.0,0.0,140.0,140.0,1,0,0,978,0,0,0
val,0608-0017.svg,1350,473,0,10,2048,1,0,0.0,0.0,140.0,140.0,19,13,0,1318,0,0,0
val,0610-0011.svg,830,286,0,9,2048,1,0,0.0,0.0,140.0,140.0,32,0,0,798,0,0,0
val,0610-0012.svg,1128,627,0,12,2048,1,0,0.0,0.0,140.0,140.0,49,5,0,1074,0,0,0
val,0610-0016.svg,698,237,0,8,2048,1,0,0.0,0.0,140.0,140.0,26,0,0,672,0,0,0
val,0612-0244.svg,358,217,0,3,2048,1,0,0.0,0.0,140.0,140.0,1,0,0,357,0,0,0
val,0612-0311.svg,204,101,0,4,2048,1,0,0.0,0.0,140.0,140.0,1,0,0,203,0,0,0
val,0614-0033.svg,90,2,0,1,2048,1,0,0.0,0.0,140.0,140.0,2,0,0,88,0,0,0
val,0614-0106.svg,80,4,0,1,2048,1,0,0.0,0.0,140.0,140.0,2,0,0,78,0,0,0
val,0614-0137.svg,767,80,0,2,2048,1,0,0.0,0.0,140.0,140.0,14,0,0,753,0,0,0
val,0624-0028.svg,809,452,0,9,2048,1,0,0.0,0.0,140.0,140.0,24,0,0,785,0,0,0
val,0628-0028.svg,374,99,0,5,2048,1,0,0.0,0.0,140.0,140.0,12,0,0,362,0,0,0
val,0635-0022.svg,1028,567,0,11,2048,1,0,0.0,0.0,140.0,140.0,37,6,0,985,0,0,0
val,0645-0021.svg,976,197,0,4,2048,1,0,0.0,0.0,140.0,140.0,4,0,0,972,0,0,0
val,0647-0070.svg,624,130,0,6,2048,1,0,0.0,0.0,140.0,140.0,6,0,0,618,0,0,0
val,0647-0104.svg,415,374,0,3,2048,1,0,0.0,0.0,140.0,140.0,1,0,0,414,0,0,0
val,0650-0062.svg,18667,309,0,5,2048,10,0,0.0,0.0,140.0,140.0,28,0,0,18639,0,0,0
val,0655-0013.svg,491,57,0,5,2048,1,0,0.0,0.0,140.0,140.0,2,0,0,489,0,0,0
val,0661-0009.svg,636,277,0,6,2048,1,0,0.0,0.0,140.0,140.0,1,0,0,635,0,0,0
val,0674-0166.svg,130,4,0,1,2048,1,0,0.0,0.0,140.0,140.0,0,0,0,130,0,0,0
val,0674-0221.svg,256,100,0,4,2048,1,0,0.0,0.0,140.0,140.0,1,0,0,255,0,0,0
val,0674-0487.svg,254,87,0,1,2048,1,0,0.0,0.0,140.0,140.0,0,0,0,254,0,0,0
val,0674-0528.svg,242,59,0,2,2048,1,0,0.0,0.0,140.0,140.0,1,0,0,241,0,0,0
val,0674-0581.svg,257,110,0,3,2048,1,0,0.0,0.0,140.0,140.0,2,0,0,255,0,0,0
val,0674-0694.svg,441,395,0,4,2048,1,0,0.0,0.0,140.0,140.0,0,0,0,441,0,0,0
val,0682-0835.svg,155,66,0,3,2048,1,0,0.0,0.0,140.0,140.0,1,0,0,154,0,0,0
val,0682-0837.svg,214,122,0,5,2048,1,0,0.0,0.0,140.0,140.0,1,0,0,213,0,0,0
val,0682-0856.svg,165,41,0,1,2048,1,0,0.0,0.0,140.0,140.0,2,0,0,163,0,0,0
val,0682-0913.svg,896,749,0,4,2048,1,0,0.0,0.0,140.0,140.0,76,0,0,820,0,0,0
val,0682-0937.svg,579,277,0,4,2048,1,0,0.0,0.0,140.0,140.0,9,0,0,570,0,0,0
val,0682-1012.svg,321,150,0,5,2048,1,0,0.0,0.0,140.0,140.0,9,0,0,312,0,0,0
val,0682-1039.svg,1045,698,0,5,2048,1,0,0.0,0.0,140.0,140.0,66,0,0,979,0,0,0
val,0711-0151.svg,536,367,0,3,2048,1,0,0.0,0.0,140.0,140.0,6,0,0,530,0,0,0
val,0714-0016.svg,826,320,0,9,2048,1,0,0.0,0.0,140.0,140.0,17,0,0,809,0,0,0
val,0714-0022.svg,816,420,0,10,2048,1,0,0.0,0.0,140.0,140.0,24,5,0,787,0,0,0
val,0721-0006.svg,54,5,0,1,2048,1,0,0.0,0.0,140.0,140.0,0,0,0,54,0,0,0
val,0725-0186.svg,1224,13,0,2,2048,1,0,0.0,0.0,140.0,140.0,6,0,0,1218,0,0,0
val,0725-0215.svg,1010,24,0,2,2048,1,0,0.0,0.0,140.0,140.0,0,0,0,1010,0,0,0
val,0725-0236.svg,644,20,0,2,2048,1,0,0.0,0.0,140.0,140.0,3,0,0,641,0,0,0
val,0726-0340.svg,203,21,0,3,2048,1,0,0.0,0.0,140.0,140.0,0,0,0,203,0,0,0
val,0731-0007.svg,207,121,0,1,2048,1,0,0.0,0.0,140.0,140.0,0,0,0,207,0,0,0
val,0734-0092.svg,351,73,0,3,2048,1,0,0.0,0.0,140.0,140.0,16,2,0,333,0,0,0
val,0735-0015.svg,913,641,0,14,2048,1,0,0.0,0.0,140.0,140.0,20,0,0,893,0,0,0
val,0741-0013.svg,1151,76,0,3,2048,1,0,0.0,0.0,140.0,140.0,3,0,0,1148,0,0,0
val,0741-0018.svg,1089,700,0,3,2048,1,0,0.0,0.0,140.0,140.0,3,0,0,1086,0,0,0
val,0746-0013.svg,383,159,0,4,2048,1,0,0.0,0.0,140.0,140.0,15,0,0,368,0,0,0
val,0749-0014.svg,1526,973,0,6,2048,1,0,0.0,0.0,140.0,140.0,0,0,0,1526,0,0,0
val,0749-0016.svg,368,153,0,4,2048,1,0,0.0,0.0,140.0,140.0,1,0,0,367,0,0,0
val,0751-0002.svg,984,383,0,8,2048,1,0,0.0,0.0,140.0,140.0,21,6,0,957,0,0,0
val,0765-0058.svg,221,31,0,3,2048,1,0,0.0,0.0,140.0,140.0,2,0,0,219,0,0,0
val,0767-3567.svg,92,11,0,1,2048,1,0,0.0,0.0,140.0,140.0,0,0,0,92,0,0,0
val,0767-3573.svg,157,3,0,1,2048,1,0,0.0,0.0,140.0,140.0,0,0,0,157,0,0,0
val,0767-4437.svg,62,8,0,1,2048,1,0,0.0,0.0,140.0,140.0,2,0,0,60,0,0,0
val,0767-4515.svg,88,17,0,1,2048,1,0,0.0,0.0,140.0,140.0,0,0,0,88,0,0,0
val,0772-0002.svg,299,190,0,7,2048,1,0,0.0,0.0,140.0,140.0,8,0,0,291,0,0,0
val,0772-0036.svg,541,328,0,9,2048,1,0,0.0,0.0,140.0,140.0,8,0,0,533,0,0,0
val,0774-0004.svg,532,222,0,1,2048,1,0,0.0,0.0,140.0,140.0,9,0,0,523,0,0,0
val,0774-0006.svg,541,184,0,1,2048,1,0,0.0,0.0,140.0,140.0,8,0,0,533,0,0,0
val,0775-0013.svg,891,365,0,7,2048,1,0,0.0,0.0,140.0,140.0,2,0,0,889,0,0,0
val,0779-0003.svg,401,241,0,1,2048,1,0,0.0,0.0,140.0,140.0,6,0,0,395,0,0,0
val,0785-0029.svg,289,115,0,7,2048,1,0,0.0,0.0,140.0,140.0,2,0,0,287,0,0,0
val,0792-0010.svg,515,206,0,1,2048,1,0,0.0,0.0,140.0,140.0,8,0,0,507,0,0,0
val,0794-0057.svg,568,397,0,6,2048,1,0,0.0,0.0,140.0,140.0,25,2,0,541,0,0,0
val,0795-0013.svg,369,185,0,1,2048,1,0,0.0,0.0,140.0,140.0,6,0,0,363,0,0,0
val,0797-2021.svg,276,73,0,3,2048,1,0,0.0,0.0,140.0,140.0,0,0,0,276,0,0,0
val,0797-2082.svg,328,173,0,5,2048,1,0,0.0,0.0,140.0,140.0,0,0,0,328,0,0,0
val,0797-2137.svg,397,200,0,3,2048,1,0,0.0,0.0,140.0,140.0,0,0,0,397,0,0,0
val,0797-2140.svg,148,23,0,2,2048,1,0,0.0,0.0,140.0,140.0,0,0,0,148,0,0,0
val,0797-2257.svg,391,154,0,4,2048,1,0,0.0,0.0,140.0,140.0,0,0,0,391,0,0,0
val,0797-2441.svg,251,35,0,3,2048,1,0,0.0,0.0,140.0,140.0,0,0,0,251,0,0,0
val,0799-0095.svg,674,166,0,3,2048,1,0,0.0,0.0,140.0,140.0,4,0,0,670,0,0,0
val,0800-4384.svg,492,176,0,7,2048,1,0,0.0,0.0,140.0,140.0,7,0,0,485,0,0,0
val,0801-0016.svg,577,441,0,9,2048,1,0,0.0,0.0,140.0,140.0,8,1,0,568,0,0,0
val,0804-0015.svg,623,483,0,7,2048,1,0,0.0,0.0,140.0,140.0,8,0,0,615,0,0,0
val,0807-0010.svg,355,162,0,1,2048,1,0,0.0,0.0,140.0,140.0,0,0,0,355,0,0,0
val,0811-0038.svg,110,10,0,1,2048,1,0,0.0,0.0,140.0,140.0,2,0,0,108,0,0,0
val,0816-0014.svg,751,353,0,11,2048,1,0,0.0,0.0,140.0,140.0,8,0,0,743,0,0,0
val,0829-0104.svg,2294,1195,0,7,2048,2,0,0.0,0.0,140.0,140.0,26,0,0,2268,0,0,0
val,0829-0251.svg,210,141,0,2,2048,1,0,0.0,0.0,140.0,140.0,1,0,0,209,0,0,0
val,0829-0310.svg,1279,277,0,6,2048,1,0,0.0,0.0,140.0,140.0,0,0,0,1279,0,0,0
val,0830-0006.svg,178,50,0,1,2048,1,0,0.0,0.0,140.0,140.0,0,0,0,178,0,0,0
val,0836-0002.svg,134,12,0,2,2048,1,0,0.0,0.0,140.0,140.0,3,0,0,131,0,0,0
val,0836-0004.svg,625,33,0,1,2048,1,0,0.0,0.0,140.0,140.0,1,54,0,570,0,0,0
val,0850-0021.svg,300,118,0,4,2048,1,0,0.0,0.0,140.0,140.0,6,0,0,294,0,0,0
val,0851-0329.svg,89,19,0,3,2048,1,0,0.0,0.0,140.0,140.0,0,0,0,89,0,0,0
val,0851-0625.svg,163,83,0,3,2048,1,0,0.0,0.0,140.0,140.0,1,0,0,162,0,0,0
val,0851-0874.svg,350,213,0,4,2048,1,0,0.0,0.0,140.0,140.0,3,0,0,347,0,0,0
val,0851-1023.svg,286,120,0,5,2048,1,0,0.0,0.0,140.0,140.0,1,0,0,285,0,0,0
val,0851-1172.svg,398,263,0,4,2048,1,0,0.0,0.0,140.0,140.0,0,0,0,398,0,0,0
val,0854-0009.svg,150,38,0,1,2048,1,0,0.0,0.0,140.0,140.0,5,0,0,145,0,0,0
val,0855-0004.svg,232,42,0,3,2048,1,0,0.0,0.0,140.0,140.0,0,0,0,232,0,0,0
val,0860-0063.svg,346,190,0,1,2048,1,0,0.0,0.0,140.0,140.0,0,0,0,346,0,0,0
val,0860-0064.svg,620,351,0,5,2048,1,0,0.0,0.0,140.0,140.0,1,0,0,619,0,0,0
val,0861-0125.svg,209,59,0,1,2048,1,0,0.0,0.0,140.0,140.0,0,0,0,209,0,0,0
val,0862-0029.svg,2163,1290,0,19,2048,2,0,0.0,0.0,140.0,140.0,35,6,0,2122,0,0,0
val,0865-0128.svg,291,151,0,4,2048,1,0,0.0,0.0,140.0,140.0,2,0,0,289,0,0,0
val,0865-0166.svg,267,52,0,4,2048,1,0,0.0,0.0,140.0,140.0,1,0,0,266,0,0,0
val,0869-0294.svg,275,200,0,6,2048,1,0,0.0,0.0,140.0,140.0,0,0,0,275,0,0,0
val,0880-0016.svg,168,118,0,3,2048,1,0,0.0,0.0,140.0,140.0,0,0,0,168,0,0,0
val,0887-0018.svg,436,34,0,1,2048,1,0,0.0,0.0,140.0,140.0,3,0,0,433,0,0,0
val,0899-0061.svg,544,329,0,5,2048,1,0,0.0,0.0,140.0,140.0,3,0,0,541,0,0,0
val,0901-0050.svg,111,80,0,3,2048,1,0,0.0,0.0,140.0,140.0,3,0,0,108,0,0,0
val,0908-0035.svg,244,72,0,1,2048,1,0,0.0,0.0,140.0,140.0,0,0,0,244,0,0,0
val,0908-0039.svg,189,68,0,1,2048,1,0,0.0,0.0,140.0,140.0,0,0,0,189,0,0,0
val,0908-0064.svg,234,129,0,1,2048,1,0,0.0,0.0,140.0,140.0,0,0,0,234,0,0,0
val,0908-0068.svg,195,68,0,1,2048,1,0,0.0,0.0,140.0,140.0,0,0,0,195,0,0,0
val,0908-0095.svg,149,27,0,1,2048,1,0,0.0,0.0,140.0,140.0,0,0,0,149,0,0,0
val,0911-0070.svg,1000,334,0,5,2048,1,0,0.0,0.0,140.0,140.0,3,0,0,997,0,0,0
val,0912-0005.svg,532,292,0,1,2048,1,0,0.0,0.0,140.0,140.0,0,0,0,532,0,0,0
val,0915-1080.svg,1109,621,0,6,2048,1,0,0.0,0.0,140.0,140.0,1,0,0,1108,0,0,0
val,0915-1801.svg,437,156,0,3,2048,1,0,0.0,0.0,140.0,140.0,6,0,0,431,0,0,0
val,0918-0014.svg,91,10,0,1,2048,1,0,0.0,0.0,140.0,140.0,0,0,0,91,0,0,0
val,0924-0027.svg,570,151,0,5,2048,1,0,0.0,0.0,140.0,140.0,4,0,0,566,0,0,0
val,0926-0001.svg,541,389,0,1,2048,1,0,0.0,0.0,140.0,140.0,6,0,0,535,0,0,0
val,0932-0015.svg,394,115,0,6,2048,1,0,0.0,0.0,140.0,140.0,7,0,0,387,0,0,0
val,0939-0500.svg,233,140,0,1,2048,1,0,0.0,0.0,140.0,140.0,1,0,0,232,0,0,0
val,0940-0075.svg,3924,680,0,10,2048,2,0,0.0,0.0,140.0,140.0,30,4,0,3890,0,0,0
val,0946-2737.svg,5496,5406,0,4,2048,3,0,0.0,0.0,140.0,140.0,348,0,0,5148,0,0,0
val,0946-4210.svg,270,212,0,5,2048,1,0,0.0,0.0,140.0,140.0,0,0,0,270,0,0,0
val,0947-0137.svg,1024,76,0,1,2048,1,0,0.0,0.0,140.0,140.0,0,0,0,1024,0,0,0
val,0953-0008.svg,330,131,0,1,2048,1,0,0.0,0.0,140.0,140.0,3,0,0,327,0,0,0
val,0955-0092.svg,37,13,0,2,2048,1,0,0.0,0.0,140.0,140.0,2,0,0,35,0,0,0
val,0955-0205.svg,70,12,0,1,2048,1,0,0.0,0.0,140.0,140.0,2,0,0,68,0,0,0
val,0955-0263.svg,105,20,0,1,2048,1,0,0.0,0.0,140.0,140.0,1,0,0,104,0,0,0
val,0955-0322.svg,260,9,0,1,2048,1,0,0.0,0.0,140.0,140.0,2,0,0,258,0,0,0
val,0961-0002.svg,266,147,0,4,2048,1,0,0.0,0.0,140.0,140.0,4,0,0,262,0,0,0
val,0961-0031.svg,846,648,0,7,2048,1,0,0.0,0.0,140.0,140.0,4,0,0,842,0,0,0
val,0966-1244.svg,120,41,0,3,2048,1,0,0.0,0.0,140.0,140.0,1,0,0,119,0,0,0
val,0973-0007.svg,3109,2104,0,19,2048,2,0,0.0,0.0,140.0,140.0,66,12,0,3031,0,0,0
val,0974-0082.svg,162,2,0,1,2048,1,0,0.0,0.0,140.0,140.0,0,0,0,162,0,0,0
val,0975-0057.svg,579,345,0,7,2048,1,0,0.0,0.0,140.0,140.0,4,0,0,575,0,0,0
val,0978-0010.svg,1886,1073,0,10,2048,1,0,0.0,0.0,140.0,140.0,17,0,0,1869,0,0,0
val,0980-0015.svg,1006,542,0,8,2048,1,0,0.0,0.0,140.0,140.0,27,4,0,975,0,0,0
val,0987-0022.svg,1027,782,0,7,2048,1,0,0.0,0.0,140.0,140.0,20,0,0,1007,0,0,0
val,0994-0007.svg,377,172,0,1,2048,1,0,0.0,0.0,140.0,140.0,0,0,0,377,0,0,0
val,1008-0132.svg,297,83,0,3,2048,1,0,0.0,0.0,140.0,140.0,2,0,0,295,0,0,0
val,1008-0190.svg,192,56,0,3,2048,1,0,0.0,0.0,140.0,140.0,6,0,0,186,0,0,0
val,1009-0002.svg,241,139,0,5,2048,1,0,0.0,0.0,140.0,140.0,15,0,0,226,0,0,0
val,1011-0090.svg,708,7,0,1,2048,1,0,0.0,0.0,140.0,140.0,0,0,0,708,0,0,0
val,1013-0003.svg,518,212,0,1,2048,1,0,0.0,0.0,140.0,140.0,7,0,0,511,0,0,0
val,1030-0004.svg,2185,1851,0,20,2048,2,0,0.0,0.0,140.0,140.0,14,0,0,2171,0,0,0
val,1034-0003.svg,414,232,0,1,2048,1,0,0.0,0.0,140.0,140.0,0,0,0,414,0,0,0
val,1046-0007.svg,377,224,0,1,2048,1,0,0.0,0.0,140.0,140.0,0,0,0,377,0,0,0
val,1052-0027.svg,490,357,0,8,2048,1,0,0.0,0.0,140.0,140.0,7,0,0,483,0,0,0
val,1055-0000.svg,131,37,0,1,2048,1,0,0.0,0.0,140.0,140.0,0,0,0,131,0,0,0
val,1056-0041.svg,1613,1123,0,19,2048,1,0,0.0,0.0,140.0,140.0,27,0,0,1586,0,0,0
val,1056-0042.svg,1014,656,0,12,2048,1,0,0.0,0.0,140.0,140.0,16,0,0,998,0,0,0
val,1059-0015.svg,483,194,0,1,2048,1,0,0.0,0.0,140.0,140.0,6,0,0,477,0,0,0
val,1061-0288.svg,405,146,0,1,2048,1,0,0.0,0.0,140.0,140.0,5,0,0,400,0,0,0
val,1064-0015.svg,407,131,0,5,2048,1,0,0.0,0.0,140.0,140.0,7,0,0,400,0,0,0
val,1065-0015.svg,1006,541,0,8,2048,1,0,0.0,0.0,140.0,140.0,27,4,0,975,0,0,0
val,1066-0022.svg,513,294,0,6,2048,1,0,0.0,0.0,140.0,140.0,2,0,0,511,0,0,0
val,1067-0005.svg,501,227,0,1,2048,1,0,0.0,0.0,140.0,140.0,0,0,0,501,0,0,0
val,1068-0006.svg,409,249,0,3,2048,1,0,0.0,0.0,140.0,140.0,2,0,0,407,0,0,0
val,1085-0029.svg,4597,29,0,1,2048,3,0,0.0,0.0,140.0,140.0,58,0,0,4539,0,0,0
val,1087-0078.svg,127,56,0,1,2048,1,0,0.0,0.0,140.0,140.0,0,0,0,127,0,0,0
val,1090-0011.svg,521,435,0,8,2048,1,0,0.0,0.0,140.0,140.0,2,0,0,519,0,0,0
val,1090-0031.svg,846,666,0,8,2048,1,0,0.0,0.0,140.0,140.0,4,0,0,842,0,0,0
val,1093-0005.svg,266,80,0,4,2048,1,0,0.0,0.0,140.0,140.0,7,0,0,259,0,0,0
val,1094-0027.svg,305,134,0,1,2048,1,0,0.0,0.0,140.0,140.0,0,0,0,305,0,0,0
val,1094-0093.svg,798,128,0,1,2048,1,0,0.0,0.0,140.0,140.0,0,0,0,798,0,0,0
val,1099-0029.svg,2163,1301,0,19,2048,2,0,0.0,0.0,140.0,140.0,35,6,0,2122,0,0,0
val,1100-0017.svg,379,100,0,3,2048,1,0,0.0,0.0,140.0,140.0,5,0,0,374,0,0,0
val,1105-0007.svg,682,276,0,9,2048,1,0,0.0,0.0,140.0,140.0,8,0,0,674,0,0,0
val,1109-0045.svg,76,32,0,1,2048,1,0,0.0,0.0,140.0,140.0,0,0,0,76,0,0,0
val,1110-0381.svg,536,206,0,1,2048,1,0,0.0,0.0,140.0,140.0,2,0,0,534,0,0,0
val,1111-0000.svg,362,182,0,1,2048,1,0,0.0,0.0,140.0,140.0,0,0,0,362,0,0,0
val,1114-0046.svg,625,309,0,6,2048,1,0,0.0,0.0,140.0,140.0,2,0,0,623,0,0,0
val,1119-0005.svg,133,52,0,2,2048,1,0,0.0,0.0,140.0,140.0,1,0,0,132,0,0,0
val,1122-0004.svg,685,492,0,1,2048,1,0,0.0,0.0,140.0,140.0,0,0,0,685,0,0,0
val,1128-0093.svg,1361,823,0,5,2048,1,0,0.0,0.0,140.0,140.0,8,0,0,1353,0,0,0
val,1131-0003.svg,931,30,0,2,2048,1,0,0.0,0.0,140.0,140.0,3,0,0,928,0,0,0
val,1132-0023.svg,397,197,0,3,2048,1,0,0.0,0.0,140.0,140.0,48,6,0,343,0,0,0
val,1133-0061.svg,3026,312,0,5,2048,2,0,0.0,0.0,140.0,140.0,2,0,0,3024,0,0,0
val,1133-0094.svg,699,88,0,4,2048,1,0,0.0,0.0,140.0,140.0,6,0,0,693,0,0,0
val,1134-0025.svg,1083,685,0,15,2048,1,0,0.0,0.0,140.0,140.0,23,0,0,1060,0,0,0
val,1138-0008.svg,1237,822,0,8,2048,1,0,0.0,0.0,140.0,140.0,32,4,0,1201,0,0,0
val,1138-0011.svg,766,409,0,9,2048,1,0,0.0,0.0,140.0,140.0,11,5,0,750,0,0,0
val,1139-0585.svg,41,37,0,1,2048,1,0,0.0,0.0,140.0,140.0,0,0,0,41,0,0,0
val,1139-0618.svg,79,74,0,2,2048,1,0,0.0,0.0,140.0,140.0,0,0,0,79,0,0,0
val,1139-0620.svg,546,507,0,4,2048,1,0,0.0,0.0,140.0,140.0,0,0,0,546,0,0,0
val,1139-0948.svg,1409,1405,0,1,2048,1,0,0.0,0.0,140.0,140.0,0,0,0,1409,0,0,0
val,1139-1010.svg,1346,1327,0,3,2048,1,0,0.0,0.0,140.0,140.0,0,0,0,1346,0,0,0
val,1139-1014.svg,1525,1493,0,2,2048,1,0,0.0,0.0,140.0,140.0,0,0,0,1525,0,0,0
val,1145-0003.svg,390,156,0,1,2048,1,0,0.0,0.0,140.0,140.0,0,0,0,390,0,0,0
val,1145-0007.svg,400,162,0,1,2048,1,0,0.0,0.0,140.0,140.0,0,0,0,400,0,0,0
val,1153-0005.svg,4338,122,0,2,2048,3,0,0.0,0.0,140.0,140.0,5,0,0,4333,0,0,0
val,1153-0009.svg,2562,25,0,1,2048,2,0,0.0,0.0,140.0,140.0,6,0,0,2556,0,0,0
val,1159-0013.svg,584,330,0,8,2048,1,0,0.0,0.0,140.0,140.0,7,0,0,577,0,0,0
val,1161-0004.svg,6465,1557,0,15,2048,4,0,0.0,0.0,140.0,140.0,51,0,0,6414,0,0,0
val,1163-2509.svg,331,214,0,4,2048,1,0,0.0,0.0,140.0,140.0,8,0,0,323,0,0,0
val,1163-3578.svg,232,36,0,3,2048,1,0,0.0,0.0,140.0,140.0,0,0,0,232,0,0,0
val,1163-3817.svg,120,39,0,3,2048,1,0,0.0,0.0,140.0,140.0,0,0,0,120,0,0,0
val,1165-0000.svg,99,28,0,1,2048,1,0,0.0,0.0,140.0,140.0,0,0,0,99,0,0,0
val,1166-0003.svg,1000,665,0,10,2048,1,0,0.0,0.0,140.0,140.0,6,0,0,994,0,0,0
val,1170-0012.svg,137,109,0,6,2048,1,0,0.0,0.0,140.0,140.0,2,0,0,135,0,0,0
val,1176-0028.svg,505,322,0,6,2048,1,0,0.0,0.0,140.0,140.0,6,0,0,499,0,0,0
val,1177-0083.svg,331,61,0,1,2048,1,0,0.0,0.0,140.0,140.0,0,0,0,331,0,0,0
val,1187-0007.svg,521,405,0,1,2048,1,0,0.0,0.0,140.0,140.0,0,0,0,521,0,0,0
val,1188-0283.svg,400,131,0,1,2048,1,0,0.0,0.0,140.0,140.0,7,0,0,393,0,0,0
val,1200-0013.svg,636,385,0,5,2048,1,0,0.0,0.0,140.0,140.0,6,0,0,630,0,0,0
val,1202-0015.svg,1307,996,0,10,2048,1,0,0.0,0.0,140.0,140.0,28,5,0,1274,0,0,0
val,1208-0016.svg,577,420,0,8,2048,1,0,0.0,0.0,140.0,140.0,8,1,0,568,0,0,0
val,1221-0036.svg,4894,45,0,2,2048,3,0,0.0,0.0,140.0,140.0,0,0,0,4894,0,0,0
val,1225-0031.svg,4689,75,0,1,2048,3,0,0.0,0.0,140.0,140.0,0,0,0,4689,0,0,0
val,1228-0452.svg,250,88,0,4,2048,1,0,0.0,0.0,140.0,140.0,1,0,0,249,0,0,0
val,1229-1784.svg,102,2,0,1,2048,1,0,0.0,0.0,140.0,140.0,0,0,0,102,0,0,0
val,1229-1906.svg,134,18,0,1,2048,1,0,0.0,0.0,140.0,140.0,0,0,0,134,0,0,0
val,1229-2140.svg,137,23,0,2,2048,1,0,0.0,0.0,140.0,140.0,0,0,0,137,0,0,0
val,1229-2320.svg,124,34,0,2,2048,1,0,0.0,0.0,140.0,140.0,0,0,0,124,0,0,0
val,1229-2740.svg,66,15,0,2,2048,1,0,0.0,0.0,140.0,140.0,2,0,0,64,0,0,0
val,1236-0017.svg,379,101,0,3,2048,1,0,0.0,0.0,140.0,140.0,5,0,0,374,0,0,0
val,1244-2273.svg,1110,629,0,8,2048,1,0,0.0,0.0,140.0,140.0,10,0,0,1100,0,0,0
val,1246-0070.svg,1430,510,0,5,2048,1,0,0.0,0.0,140.0,140.0,20,0,0,1410,0,0,0
val,1248-0006.svg,323,161,0,1,2048,1,0,0.0,0.0,140.0,140.0,0,0,0,323,0,0,0
val,1253-0014.svg,751,346,0,10,2048,1,0,0.0,0.0,140.0,140.0,8,0,0,743,0,0,0
val,1260-0082.svg,714,345,0,7,2048,1,0,0.0,0.0,140.0,140.0,0,0,0,714,0,0,0
val,1260-0083.svg,312,5,0,1,2048,1,0,0.0,0.0,140.0,140.0,0,0,0,312,0,0,0
val,1261-0035.svg,244,166,0,1,2048,1,0,0.0,0.0,140.0,140.0,0,0,0,244,0,0,0
val,1261-0141.svg,193,160,0,1,2048,1,0,0.0,0.0,140.0,140.0,0,0,0,193,0,0,0
val,1262-0612.svg,2531,1644,0,7,2048,2,0,0.0,0.0,140.0,140.0,45,0,0,2486,0,0,0
val,1271-1949.svg,110,42,0,5,2048,1,0,0.0,0.0,140.0,140.0,0,0,0,110,0,0,0
val,1271-2139.svg,179,55,0,4,2048,1,0,0.0,0.0,140.0,140.0,0,0,0,179,0,0,0
val,1274-0001.svg,822,254,0,6,2048,1,0,0.0,0.0,140.0,140.0,12,0,0,810,0,0,0
val,1274-0037.svg,986,568,0,9,2048,1,0,0.0,0.0,140.0,140.0,6,0,0,980,0,0,0
val,1276-0033.svg,668,118,0,5,2048,1,0,0.0,0.0,140.0,140.0,0,0,0,668,0,0,0
val,1280-0031.svg,841,670,0,7,2048,1,0,0.0,0.0,140.0,140.0,4,0,0,837,0,0,0
val,1282-0004.svg,340,197,0,1,2048,1,0,0.0,0.0,140.0,140.0,0,0,0,340,0,0,0
val,1293-0084.svg,1017,150,0,3,2048,1,0,0.0,0.0,140.0,140.0,2,0,0,1015,0,0,0
val,1296-0008.svg,573,340,0,6,2048,1,0,0.0,0.0,140.0,140.0,6,0,0,567,0,0,0
val,1299-1130.svg,648,142,0,2,2048,1,0,0.0,0.0,140.0,140.0,3,0,0,645,0,0,0
val,1303-0046.svg,65,7,0,2,2048,1,0,0.0,0.0,140.0,140.0,0,0,0,65,0,0,0
val,1306-0080.svg,62,14,0,1,2048,1,0,0.0,0.0,140.0,140.0,0,0,0,62,0,0,0
val,1306-0125.svg,92,15,0,1,2048,1,0,0.0,0.0,140.0,140.0,0,0,0,92,0,0,0
val,1306-0141.svg,428,9,0,1,2048,1,0,0.0,0.0,140.0,140.0,0,0,0,428,0,0,0
val,1306-0169.svg,375,4,0,1,2048,1,0,0.0,0.0,140.0,140.0,0,0,0,375,0,0,0
val,1307-0006.svg,966,764,0,10,2048,1,0,0.0,0.0,140.0,140.0,21,6,0,939,0,0,0
val,1312-0051.svg,822,421,0,8,2048,1,0,0.0,0.0,140.0,140.0,3,0,0,819,0,0,0
val,1312-0067.svg,316,77,0,3,2048,1,0,0.0,0.0,140.0,140.0,1,0,0,315,0,0,0
val,1312-0082.svg,592,269,0,9,2048,1,0,0.0,0.0,140.0,140.0,3,0,0,589,0,0,0
val,1315-0002.svg,186,43,0,2,2048,1,0,0.0,0.0,140.0,140.0,1,0,0,185,0,0,0
val,1316-0019.svg,1146,918,0,10,2048,1,0,0.0,0.0,140.0,140.0,16,6,0,1124,0,0,0
val,1316-0055.svg,1007,821,0,6,2048,1,0,0.0,0.0,140.0,140.0,0,0,0,1007,0,0,0
val,1318-0025.svg,272,146,0,1,2048,1,0,0.0,0.0,140.0,140.0,4,0,0,268,0,0,0
val,1319-0016.svg,663,170,0,5,2048,1,0,0.0,0.0,140.0,140.0,19,0,0,644,0,0,0
val,1324-0022.svg,386,114,0,4,2048,1,0,0.0,0.0,140.0,140.0,7,0,0,379,0,0,0
test,0000-0003.svg,32,9,0,2,2048,1,0,0.0,0.0,140.0,140.0,0,0,0,32,0,0,0
test,0000-0009.svg,342,102,0,3,2048,1,0,0.0,0.0,140.0,140.0,2,0,0,340,0,0,0
test,0000-0010.svg,218,7,0,2,2048,1,0,0.0,0.0,140.0,140.0,1,0,0,217,0,0,0
test,0000-0044.svg,318,230,0,3,2048,1,0,0.0,0.0,140.0,140.0,1,0,0,317,0,0,0
test,0000-0052.svg,185,10,0,2,2048,1,0,0.0,0.0,140.0,140.0,1,0,0,184,0,0,0
test,0001-0023.svg,6830,2011,0,21,2048,4,0,0.0,0.0,140.0,140.0,58,1,0,6771,0,0,0
test,0001-0024.svg,10653,2684,0,22,2048,6,0,0.0,0.0,140.0,140.0,84,1,0,10568,0,0,0
test,0001-0072.svg,10507,1973,0,19,2048,6,0,0.0,0.0,140.0,140.0,81,2,0,10424,0,0,0
test,0002-0005.svg,81,10,0,1,2048,1,0,0.0,0.0,140.0,140.0,0,0,0,81,0,0,0
test,0003-0010.svg,416,162,0,7,2048,1,0,0.0,0.0,140.0,140.0,9,0,0,407,0,0,0
test,0003-0034.svg,412,131,0,6,2048,1,0,0.0,0.0,140.0,140.0,4,0,0,408,0,0,0
test,0003-0038.svg,395,82,0,2,2048,1,0,0.0,0.0,140.0,140.0,1,0,0,394,0,0,0
test,0003-0046.svg,650,273,0,8,2048,1,0,0.0,0.0,140.0,140.0,10,0,0,640,0,0,0
test,0004-0001.svg,314,66,0,4,2048,1,0,0.0,0.0,140.0,140.0,2,0,0,312,0,0,0
test,0006-0004.svg,129,68,0,4,2048,1,0,0.0,0.0,140.0,140.0,0,0,0,129,0,0,0
test,0006-0007.svg,3292,325,0,7,2048,2,0,0.0,0.0,140.0,140.0,6,0,0,3286,0,0,0
test,0006-0010.svg,248,187,0,4,2048,1,0,0.0,0.0,140.0,140.0,0,0,0,248,0,0,0
test,0006-0015.svg,435,273,0,6,2048,1,0,0.0,0.0,140.0,140.0,8,0,0,427,0,0,0
test,0006-0019.svg,215,45,0,2,2048,1,0,0.0,0.0,140.0,140.0,2,0,0,213,0,0,0
test,0006-0022.svg,164,96,0,3,2048,1,0,0.0,0.0,140.0,140.0,4,0,0,160,0,0,0
test,0006-0051.svg,122,83,0,3,2048,1,0,0.0,0.0,140.0,140.0,0,0,0,122,0,0,0
test,0007-0006.svg,534,232,0,8,2048,1,0,0.0,0.0,140.0,140.0,2,0,0,532,0,0,0
test,0007-0008.svg,459,263,0,9,2048,1,0,0.0,0.0,140.0,140.0,0,0,0,459,0,0,0
test,0007-0013.svg,2043,1840,0,10,2048,1,0,0.0,0.0,140.0,140.0,2,0,0,2041,0,0,0
test,0007-0014.svg,1646,1244,0,8,2048,1,0,0.0,0.0,140.0,140.0,0,0,0,1646,0,0,0
test,0007-0020.svg,2559,2316,0,7,2048,2,0,0.0,0.0,140.0,140.0,0,0,0,2559,0,0,0
test,0007-0025.svg,2763,2536,0,6,2048,2,0,0.0,0.0,140.0,140.0,0,0,0,2763,0,0,0
test,0007-0039.svg,439,164,0,4,2048,1,0,0.0,0.0,140.0,140.0,0,0,0,439,0,0,0
test,0007-0043.svg,540,243,0,7,2048,1,0,0.0,0.0,140.0,140.0,0,0,0,540,0,0,0
test,0008-0011.svg,4762,1298,0,21,2048,3,0,0.0,0.0,140.0,140.0,48,1,0,4713,0,0,0
test,0008-0041.svg,3700,1005,0,16,2048,2,0,0.0,0.0,140.0,140.0,56,10,0,3634,0,0,0
test,0009-0002.svg,137,12,0,2,2048,1,0,0.0,0.0,140.0,140.0,4,0,0,133,0,0,0
test,0010-0007.svg,827,564,0,8,2048,1,0,0.0,0.0,140.0,140.0,21,0,0,806,0,0,0
test,0010-0012.svg,1038,639,0,9,2048,1,0,0.0,0.0,140.0,140.0,12,0,0,1026,0,0,0
test,0010-0021.svg,428,282,0,7,2048,1,0,0.0,0.0,140.0,140.0,9,0,0,419,0,0,0
test,0011-0006.svg,491,217,0,6,2048,1,0,0.0,0.0,140.0,140.0,9,0,0,482,0,0,0
test,0011-0014.svg,700,288,0,7,2048,1,0,0.0,0.0,140.0,140.0,16,0,0,684,0,0,0
test,0011-0027.svg,346,95,0,3,2048,1,0,0.0,0.0,140.0,140.0,7,0,0,339,0,0,0
test,0011-0041.svg,268,88,0,4,2048,1,0,0.0,0.0,140.0,140.0,3,0,0,265,0,0,0
test,0011-0050.svg,277,82,0,3,2048,1,0,0.0,0.0,140.0,140.0,1,0,0,276,0,0,0
test,0011-0056.svg,159,33,0,4,2048,1,0,0.0,0.0,140.0,140.0,2,0,0,157,0,0,0
test,0011-0083.svg,146,37,0,3,2048,1,0,0.0,0.0,140.0,140.0,5,0,0,141,0,0,0
test,0012-0001.svg,1911,599,0,10,2048,1,0,0.0,0.0,140.0,140.0,24,0,0,1887,0,0,0
test,0012-0017.svg,216,36,0,2,2048,1,0,0.0,0.0,140.0,140.0,6,0,0,210,0,0,0
test,0012-0018.svg,890,551,0,8,2048,1,0,0.0,0.0,140.0,140.0,14,0,0,876,0,0,0
test,0013-0005.svg,354,151,0,4,2048,1,0,0.0,0.0,140.0,140.0,3,0,0,351,0,0,0
test,0013-0033.svg,414,26,0,3,2048,1,0,0.0,0.0,140.0,140.0,0,0,0,414,0,0,0
test,0013-0034.svg,421,38,0,3,2048,1,0,0.0,0.0,140.0,140.0,0,0,0,421,0,0,0
test,0014-0032.svg,9530,4546,0,20,2048,5,0,0.0,0.0,140.0,140.0,84,4,0,9442,0,0,0
test,0014-0052.svg,8702,2145,0,19,2048,5,0,0.0,0.0,140.0,140.0,64,2,0,8636,0,0,0
test,0016-0014.svg,614,381,0,9,2048,1,0,0.0,0.0,140.0,140.0,18,0,0,596,0,0,0
test,0016-0035.svg,264,44,0,3,2048,1,0,0.0,0.0,140.0,140.0,9,0,0,255,0,0,0
test,0016-0068.svg,110,39,0,2,2048,1,0,0.0,0.0,140.0,140.0,4,0,0,106,0,0,0
test,0017-0004.svg,1342,606,0,15,2048,1,0,0.0,0.0,140.0,140.0,22,0,0,1320,0,0,0
test,0017-0008.svg,1273,703,0,15,2048,1,0,0.0,0.0,140.0,140.0,26,0,0,1247,0,0,0
test,0017-0013.svg,1291,872,0,14,2048,1,0,0.0,0.0,140.0,140.0,34,0,0,1257,0,0,0
test,0018-0008.svg,277,60,0,4,2048,1,0,0.0,0.0,140.0,140.0,3,0,0,274,0,0,0
test,0018-0011.svg,2037,1738,0,9,2048,1,0,0.0,0.0,140.0,140.0,2,0,0,2035,0,0,0
test,0018-0012.svg,1603,1284,0,6,2048,1,0,0.0,0.0,140.0,140.0,0,0,0,1603,0,0,0
test,0018-0017.svg,2538,2411,0,7,2048,2,0,0.0,0.0,140.0,140.0,0,0,0,2538,0,0,0
test,0018-0036.svg,543,238,0,7,2048,1,0,0.0,0.0,140.0,140.0,0,0,0,543,0,0,0
test,0019-0006.svg,2308,591,0,8,2048,2,0,0.0,0.0,140.0,140.0,86,4,0,2218,0,0,0
test,0019-0012.svg,1299,1008,0,4,2048,1,0,0.0,0.0,140.0,140.0,21,0,0,1278,0,0,0
test,0019-0013.svg,599,440,0,3,2048,1,0,0.0,0.0,140.0,140.0,1,0,0,598,0,0,0
test,0019-0021.svg,896,249,0,5,2048,1,0,0.0,0.0,140.0,140.0,46,0,0,850,0,0,0
test,0023-0002.svg,303,185,0,7,2048,1,0,0.0,0.0,140.0,140.0,8,0,0,295,0,0,0
test,0023-0013.svg,518,320,0,6,2048,1,0,0.0,0.0,140.0,140.0,6,0,0,512,0,0,0
test,0023-0023.svg,622,440,0,7,2048,1,0,0.0,0.0,140.0,140.0,8,0,0,614,0,0,0
test,0023-0026.svg,662,599,0,4,2048,1,0,0.0,0.0,140.0,140.0,0,0,0,662,0,0,0
test,0023-0032.svg,984,216,0,6,2048,1,0,0.0,0.0,140.0,140.0,2,0,0,982,0,0,0
test,0024-0006.svg,994,733,0,10,2048,1,0,0.0,0.0,140.0,140.0,21,6,0,967,0,0,0
test,0024-0022.svg,331,186,0,4,2048,1,0,0.0,0.0,140.0,140.0,32,4,0,295,0,0,0
test,0024-0023.svg,413,257,0,4,2048,1,0,0.0,0.0,140.0,140.0,48,6,0,359,0,0,0
test,0024-0028.svg,397,202,0,2,2048,1,0,0.0,0.0,140.0,140.0,60,12,0,325,0,0,0
test,0024-0031.svg,879,624,0,7,2048,1,0,0.0,0.0,140.0,140.0,4,0,0,875,0,0,0
test,0025-0008.svg,633,85,0,5,2048,1,0,0.0,0.0,140.0,140.0,14,0,0,619,0,0,0
test,0025-0013.svg,695,184,0,4,2048,1,0,0.0,0.0,140.0,140.0,13,0,0,682,0,0,0
test,0025-0022.svg,577,133,0,5,2048,1,0,0.0,0.0,140.0,140.0,13,0,0,564,0,0,0
test,0026-0007.svg,1022,525,0,11,2048,1,0,0.0,0.0,140.0,140.0,47,0,0,975,0,0,0
test,0026-0010.svg,508,192,0,6,2048,1,0,0.0,0.0,140.0,140.0,4,0,0,504,0,0,0
test,0026-0018.svg,211,25,0,3,2048,1,0,0.0,0.0,140.0,140.0,3,0,0,208,0,0,0
test,0026-0037.svg,351,67,0,3,2048,1,0,0.0,0.0,140.0,140.0,1,0,0,350,0,0,0
test,0026-0040.svg,326,89,0,6,2048,1,0,0.0,0.0,140.0,140.0,3,0,0,323,0,0,0
test,0027-0001.svg,314,66,0,3,2048,1,0,0.0,0.0,140.0,140.0,2,0,0,312,0,0,0
test,0028-0001.svg,1610,1430,0,15,2048,1,0,0.0,0.0,140.0,140.0,16,0,0,1594,0,0,0
test,0028-0004.svg,2110,1219,0,17,2048,2,0,0.0,0.0,140.0,140.0,13,0,0,2097,0,0,0
test,0028-0007.svg,2699,1888,0,16,2048,2,0,0.0,0.0,140.0,140.0,32,2,0,2665,0,0,0
test,0029-0036.svg,318,308,0,2,2048,1,0,0.0,0.0,140.0,140.0,0,0,0,318,0,0,0
test,0029-0068.svg,974,897,0,1,2048,1,0,0.0,0.0,140.0,140.0,0,0,0,974,0,0,0
test,0029-0069.svg,875,780,0,1,2048,1,0,0.0,0.0,140.0,140.0,0,0,0,875,0,0,0
test,0029-0092.svg,1412,1334,0,2,2048,1,0,0.0,0.0,140.0,140.0,0,0,0,1412,0,0,0
test,0029-0110.svg,906,755,0,2,2048,1,0,0.0,0.0,140.0,140.0,0,0,0,906,0,0,0
test,0029-0125.svg,1800,1763,0,1,2048,1,0,0.0,0.0,140.0,140.0,0,0,0,1800,0,0,0
test,0029-0165.svg,1341,1205,0,3,2048,1,0,0.0,0.0,140.0,140.0,3,0,0,1338,0,0,0
test,0029-0186.svg,805,478,0,4,2048,1,0,0.0,0.0,140.0,140.0,8,0,0,797,0,0,0
test,0029-0202.svg,893,776,0,2,2048,1,0,0.0,0.0,140.0,140.0,3,0,0,890,0,0,0
test,0029-0218.svg,1307,1246,0,2,2048,1,0,0.0,0.0,140.0,140.0,0,0,0,1307,0,0,0
test,0029-0222.svg,2035,1991,0,1,2048,1,0,0.0,0.0,140.0,140.0,0,0,0,2035,0,0,0
test,0029-0223.svg,2077,2031,0,1,2048,2,0,0.0,0.0,140.0,140.0,0,0,0,2077,0,0,0
test,0029-0280.svg,1411,1349,0,3,2048,1,0,0.0,0.0,140.0,140.0,0,0,0,1411,0,0,0
test,0029-0299.svg,749,627,0,5,2048,1,0,0.0,0.0,140.0,140.0,0,0,0,749,0,0,0
test,0029-0336.svg,1690,1624,0,2,2048,1,0,0.0,0.0,140.0,140.0,0,0,0,1690,0,0,0
test,0029-0352.svg,2396,2044,0,2,2048,2,0,0.0,0.0,140.0,140.0,5,0,0,2391,0,0,0
test,0029-0353.svg,1904,1558,0,2,2048,1,0,0.0,0.0,140.0,140.0,5,0,0,1899,0,0,0
test,0029-0375.svg,1209,1127,0,1,2048,1,0,0.0,0.0,140.0,140.0,5,0,0,1204,0,0,0
test,0029-0389.svg,1572,1506,0,1,2048,1,0,0.0,0.0,140.0,140.0,0,0,0,1572,0,0,0
test,0029-0395.svg,1022,908,0,3,2048,1,0,0.0,0.0,140.0,140.0,4,0,0,1018,0,0,0
test,0029-0408.svg,1324,1154,0,2,2048,1,0,0.0,0.0,140.0,140.0,5,0,0,1319,0,0,0
test,0029-0409.svg,1608,1124,0,2,2048,1,0,0.0,0.0,140.0,140.0,14,0,0,1594,0,0,0
test,0029-0410.svg,1728,1407,0,4,2048,1,0,0.0,0.0,140.0,140.0,7,0,0,1721,0,0,0
test,0029-0412.svg,1574,1510,0,2,2048,1,0,0.0,0.0,140.0,140.0,3,0,0,1571,0,0,0
test,0029-0452.svg,1050,1024,0,2,2048,1,0,0.0,0.0,140.0,140.0,0,0,0,1050,0,0,0
test,0029-0490.svg,1058,1000,0,2,2048,1,0,0.0,0.0,140.0,140.0,0,0,0,1058,0,0,0
test,0029-0504.svg,117,12,0,1,2048,1,0,0.0,0.0,140.0,140.0,0,0,0,117,0,0,0
test,0029-0526.svg,1779,1574,0,1,2048,1,0,0.0,0.0,140.0,140.0,4,0,0,1775,0,0,0
test,0029-0545.svg,1960,1914,0,1,2048,1,0,0.0,0.0,140.0,140.0,0,0,0,1960,0,0,0
test,0029-0565.svg,688,607,0,2,2048,1,0,0.0,0.0,140.0,140.0,0,0,0,688,0,0,0
test,0030-0022.svg,1004,754,0,6,2048,1,0,0.0,0.0,140.0,140.0,7,0,0,997,0,0,0
test,0031-0005.svg,354,151,0,4,2048,1,0,0.0,0.0,140.0,140.0,3,0,0,351,0,0,0
test,0031-0031.svg,451,6,0,1,2048,1,0,0.0,0.0,140.0,140.0,3,0,0,448,0,0,0
test,0031-0034.svg,421,38,0,2,2048,1,0,0.0,0.0,140.0,140.0,0,0,0,421,0,0,0
test,0031-0036.svg,469,15,0,2,2048,1,0,0.0,0.0,140.0,140.0,1,0,0,468,0,0,0
test,0031-0039.svg,171,72,0,3,2048,1,0,0.0,0.0,140.0,140.0,0,0,0,171,0,0,0
test,0032-0011.svg,177,20,0,2,2048,1,0,0.0,0.0,140.0,140.0,5,0,0,172,0,0,0
test,0033-0013.svg,2882,659,0,10,2048,2,0,0.0,0.0,140.0,140.0,19,7,0,2856,0,0,0
test,0033-0020.svg,397,160,0,3,2048,1,0,0.0,0.0,140.0,140.0,3,0,0,394,0,0,0
test,0033-0048.svg,817,346,0,10,2048,1,0,0.0,0.0,140.0,140.0,14,2,0,801,0,0,0
test,0033-0057.svg,229,70,0,2,2048,1,0,0.0,0.0,140.0,140.0,0,0,0,229,0,0,0
test,0033-0062.svg,477,205,0,5,2048,1,0,0.0,0.0,140.0,140.0,6,0,0,471,0,0,0
test,0033-0069.svg,474,198,0,3,2048,1,0,0.0,0.0,140.0,140.0,9,0,0,465,0,0,0
test,0033-0072.svg,758,628,0,6,2048,1,0,0.0,0.0,140.0,140.0,8,1,0,749,0,0,0
test,0033-0073.svg,4088,448,0,7,2048,2,0,0.0,0.0,140.0,140.0,22,4,0,4062,0,0,0
test,0034-0005.svg,352,74,0,4,2048,1,0,0.0,0.0,140.0,140.0,2,0,0,350,0,0,0
test,0034-0018.svg,1039,573,0,9,2048,1,0,0.0,0.0,140.0,140.0,22,0,0,1017,0,0,0
test,0035-0043.svg,1510,924,0,8,2048,1,0,0.0,0.0,140.0,140.0,8,0,0,1502,0,0,0
test,0035-0051.svg,2990,409,0,8,2048,2,0,0.0,0.0,140.0,140.0,14,0,0,2976,0,0,0
test,0035-0055.svg,3188,102,0,4,2048,2,0,0.0,0.0,140.0,140.0,6,0,0,3182,0,0,0
test,0035-0056.svg,3439,237,0,5,2048,2,0,0.0,0.0,140.0,140.0,7,0,0,3432,0,0,0
test,0035-0071.svg,980,491,0,8,2048,1,0,0.0,0.0,140.0,140.0,8,0,0,972,0,0,0
test,0035-0074.svg,5060,806,0,7,2048,3,0,0.0,0.0,140.0,140.0,43,0,0,5017,0,0,0
test,0035-0076.svg,817,254,0,8,2048,1,0,0.0,0.0,140.0,140.0,11,0,0,806,0,0,0
test,0035-0105.svg,2387,10,0,1,2048,2,0,0.0,0.0,140.0,140.0,6,0,0,2381,0,0,0
test,0036-0071.svg,9451,4813,0,22,2048,5,0,0.0,0.0,140.0,140.0,94,14,0,9343,0,0,0
test,0036-0087.svg,9564,3701,0,18,2048,5,0,0.0,0.0,140.0,140.0,96,14,0,9454,0,0,0
test,0036-0104.svg,10248,2394,0,20,2048,6,0,0.0,0.0,140.0,140.0,88,2,0,10158,0,0,0
test,0036-0120.svg,5046,2371,0,15,2048,3,0,0.0,0.0,140.0,140.0,47,0,0,4999,0,0,0
test,0037-0006.svg,1238,357,0,5,2048,1,0,0.0,0.0,140.0,140.0,11,0,0,1227,0,0,0
test,0037-0007.svg,1136,165,0,5,2048,1,0,0.0,0.0,140.0,140.0,2,0,0,1134,0,0,0
test,0038-0003.svg,502,35,0,1,2048,1,0,0.0,0.0,140.0,140.0,2,0,0,500,0,0,0
test,0038-0016.svg,660,8,0,1,2048,1,0,0.0,0.0,140.0,140.0,0,0,0,660,0,0,0
test,0038-0019.svg,1502,599,0,9,2048,1,0,0.0,0.0,140.0,140.0,39,6,0,1457,0,0,0
test,0038-0021.svg,959,110,0,4,2048,1,0,0.0,0.0,140.0,140.0,0,0,0,959,0,0,0
test,0038-0028.svg,782,663,0,6,2048,1,0,0.0,0.0,140.0,140.0,2,0,0,780,0,0,0
test,0038-0055.svg,699,343,0,4,2048,1,0,0.0,0.0,140.0,140.0,0,0,0,699,0,0,0
test,0038-0056.svg,348,175,0,8,2048,1,0,0.0,0.0,140.0,140.0,14,4,0,330,0,0,0
test,0038-0061.svg,623,52,0,2,2048,1,0,0.0,0.0,140.0,140.0,0,0,0,623,0,0,0
test,0038-0069.svg,1479,315,0,4,2048,1,0,0.0,0.0,140.0,140.0,4,0,0,1475,0,0,0
test,0039-0009.svg,2631,2241,0,17,2048,2,0,0.0,0.0,140.0,140.0,38,0,0,2593,0,0,0
test,0040-0039.svg,807,206,0,4,2048,1,0,0.0,0.0,140.0,140.0,5,0,0,802,0,0,0
test,0040-0067.svg,326,70,0,2,2048,1,0,0.0,0.0,140.0,140.0,2,0,0,324,0,0,0
test,0040-0087.svg,265,26,0,1,2048,1,0,0.0,0.0,140.0,140.0,7,0,0,258,0,0,0
test,0040-0110.svg,253,12,0,1,2048,1,0,0.0,0.0,140.0,140.0,7,0,0,246,0,0,0
test,0040-0113.svg,267,101,0,2,2048,1,0,0.0,0.0,140.0,140.0,0,0,0,267,0,0,0
test,0040-0131.svg,882,220,0,4,2048,1,0,0.0,0.0,140.0,140.0,6,0,0,876,0,0,0
test,0040-0134.svg,783,161,0,5,2048,1,0,0.0,0.0,140.0,140.0,5,0,0,778,0,0,0
test,0040-0158.svg,432,113,0,3,2048,1,0,0.0,0.0,140.0,140.0,5,0,0,427,0,0,0
test,0040-0179.svg,224,20,0,1,2048,1,0,0.0,0.0,140.0,140.0,6,0,0,218,0,0,0
test,0040-0205.svg,323,93,0,2,2048,1,0,0.0,0.0,140.0,140.0,1,0,0,322,0,0,0
test,0040-0224.svg,431,97,0,3,2048,1,0,0.0,0.0,140.0,140.0,3,0,0,428,0,0,0
test,0040-0227.svg,822,162,0,3,2048,1,0,0.0,0.0,140.0,140.0,3,0,0,819,0,0,0
test,0040-0247.svg,824,147,0,4,2048,1,0,0.0,0.0,140.0,140.0,1,2,0,821,0,0,0
test,0040-0248.svg,705,54,0,2,2048,1,0,0.0,0.0,140.0,140.0,0,3,0,702,0,0,0
test,0040-0269.svg,653,182,0,3,2048,1,0,0.0,0.0,140.0,140.0,0,0,0,653,0,0,0
test,0040-0270.svg,651,228,0,4,2048,1,0,0.0,0.0,140.0,140.0,1,2,0,648,0,0,0
test,0040-0271.svg,481,170,0,3,2048,1,0,0.0,0.0,140.0,140.0,0,3,0,478,0,0,0
test,0040-0272.svg,450,164,0,3,2048,1,0,0.0,0.0,140.0,140.0,0,3,0,447,0,0,0
test,0040-0292.svg,170,40,0,1,2048,1,0,0.0,0.0,140.0,140.0,1,0,0,169,0,0,0
test,0041-0006.svg,298,70,0,3,2048,1,0,0.0,0.0,140.0,140.0,3,0,0,295,0,0,0
test,0042-0014.svg,138,24,0,2,2048,1,0,0.0,0.0,140.0,140.0,2,0,0,136,0,0,0
test,0042-0019.svg,155,11,0,1,2048,1,0,0.0,0.0,140.0,140.0,1,0,0,154,0,0,0
test,0043-0024.svg,350,189,0,5,2048,1,0,0.0,0.0,140.0,140.0,6,0,0,344,0,0,0
test,0043-0044.svg,158,29,0,4,2048,1,0,0.0,0.0,140.0,140.0,1,0,0,157,0,0,0
test,0044-0016.svg,193,156,0,3,2048,1,0,0.0,0.0,140.0,140.0,5,0,0,188,0,0,0
test,0044-0019.svg,317,106,0,3,2048,1,0,0.0,0.0,140.0,140.0,2,1,0,314,0,0,0
test,0044-0023.svg,203,120,0,2,2048,1,0,0.0,0.0,140.0,140.0,4,1,0,198,0,0,0
test,0044-0025.svg,199,101,0,3,2048,1,0,0.0,0.0,140.0,140.0,0,1,0,198,0,0,0
test,0044-0029.svg,349,240,0,5,2048,1,0,0.0,0.0,140.0,140.0,6,0,0,343,0,0,0
test,0044-0031.svg,275,57,0,3,2048,1,0,0.0,0.0,140.0,140.0,5,1,0,269,0,0,0
test,0044-0037.svg,235,70,0,3,2048,1,0,0.0,0.0,140.0,140.0,2,1,0,232,0,0,0
test,0044-0059.svg,2220,385,0,5,2048,2,0,0.0,0.0,140.0,140.0,33,1,0,2186,0,0,0
test,0045-0015.svg,535,236,0,7,2048,1,0,0.0,0.0,140.0,140.0,6,0,0,529,0,0,0
test,0045-0017.svg,333,199,0,7,2048,1,0,0.0,0.0,140.0,140.0,2,0,0,331,0,0,0
test,0045-0023.svg,1515,1395,0,7,2048,1,0,0.0,0.0,140.0,140.0,0,0,0,1515,0,0,0
test,0045-0024.svg,1238,990,0,9,2048,1,0,0.0,0.0,140.0,140.0,2,0,0,1236,0,0,0
test,0045-0038.svg,2293,2017,0,6,2048,2,0,0.0,0.0,140.0,140.0,1,0,0,2292,0,0,0
test,0045-0045.svg,1720,1459,0,6,2048,1,0,0.0,0.0,140.0,140.0,1,0,0,1719,0,0,0
test,0045-0067.svg,172,75,0,3,2048,1,0,0.0,0.0,140.0,140.0,2,0,0,170,0,0,0
test,0046-0015.svg,535,308,0,8,2048,1,0,0.0,0.0,140.0,140.0,6,0,0,529,0,0,0
test,0046-0017.svg,333,172,0,7,2048,1,0,0.0,0.0,140.0,140.0,2,0,0,331,0,0,0
test,0046-0023.svg,1515,1279,0,6,2048,1,0,0.0,0.0,140.0,140.0,0,0,0,1515,0,0,0
test,0046-0024.svg,1238,908,0,8,2048,1,0,0.0,0.0,140.0,140.0,2,0,0,1236,0,0,0
test,0046-0038.svg,2293,2017,0,6,2048,2,0,0.0,0.0,140.0,140.0,1,0,0,2292,0,0,0
test,0046-0045.svg,1720,1502,0,7,2048,1,0,0.0,0.0,140.0,140.0,1,0,0,1719,0,0,0
test,0046-0052.svg,421,195,0,4,2048,1,0,0.0,0.0,140.0,140.0,3,0,0,418,0,0,0
test,0046-0058.svg,546,320,0,8,2048,1,0,0.0,0.0,140.0,140.0,6,0,0,540,0,0,0
test,0046-0060.svg,519,386,0,7,2048,1,0,0.0,0.0,140.0,140.0,1,0,0,518,0,0,0
test,0047-0000.svg,967,354,0,11,2048,1,0,0.0,0.0,140.0,140.0,21,0,0,946,0,0,0
test,0047-0004.svg,1432,426,0,12,2048,1,0,0.0,0.0,140.0,140.0,20,0,0,1412,0,0,0
test,0049-0200.svg,4905,2326,0,22,2048,3,0,0.0,0.0,140.0,140.0,76,2,0,4827,0,0,0
test,0049-0201.svg,9426,2399,0,22,2048,5,0,0.0,0.0,140.0,140.0,85,2,0,9339,0,0,0
test,0049-0202.svg,1595,435,0,7,2048,1,0,0.0,0.0,140.0,140.0,2,0,0,1593,0,0,0
test,0049-0216.svg,6319,2114,0,17,2048,4,0,0.0,0.0,140.0,140.0,54,0,0,6265,0,0,0
test,0049-0217.svg,1023,337,0,4,2048,1,0,0.0,0.0,140.0,140.0,0,0,0,1023,0,0,0
test,0049-0232.svg,1238,481,0,8,2048,1,0,0.0,0.0,140.0,140.0,2,0,0,1236,0,0,0
test,0049-0246.svg,9390,2458,0,20,2048,5,0,0.0,0.0,140.0,140.0,85,2,0,9303,0,0,0
test,0050-0021.svg,4915,1325,0,17,2048,3,0,0.0,0.0,140.0,140.0,48,10,0,4857,0,0,0
test,0050-0022.svg,11684,2529,0,21,2048,6,0,0.0,0.0,140.0,140.0,97,1,0,11586,0,0,0
test,0050-0032.svg,9554,4567,0,20,2048,5,0,0.0,0.0,140.0,140.0,90,4,0,9460,0,0,0
test,0050-0042.svg,11779,2901,0,22,2048,6,0,0.0,0.0,140.0,140.0,92,2,0,11685,0,0,0
test,0050-0052.svg,8780,1913,0,20,2048,5,0,0.0,0.0,140.0,140.0,68,2,0,8710,0,0,0
test,0051-0009.svg,2827,2539,0,18,2048,2,0,0.0,0.0,140.0,140.0,35,0,0,2792,0,0,0
test,0052-0013.svg,521,321,0,6,2048,1,0,0.0,0.0,140.0,140.0,6,0,0,515,0,0,0
test,0052-0031.svg,887,721,0,7,2048,1,0,0.0,0.0,140.0,140.0,4,0,0,883,0,0,0
test,0053-0003.svg,518,290,0,6,2048,1,0,0.0,0.0,140.0,140.0,12,0,0,506,0,0,0
test,0053-0006.svg,264,158,0,5,2048,1,0,0.0,0.0,140.0,140.0,0,0,0,264,0,0,0
test,0053-0020.svg,185,16,0,1,2048,1,0,0.0,0.0,140.0,140.0,0,0,0,185,0,0,0
test,0053-0035.svg,317,102,0,6,2048,1,0,0.0,0.0,140.0,140.0,1,0,0,316,0,0,0
test,0054-0001.svg,111,8,0,2,2048,1,0,0.0,0.0,140.0,140.0,6,0,0,105,0,0,0
test,0054-0004.svg,792,38,0,1,2048,1,0,0.0,0.0,140.0,140.0,1,66,0,725,0,0,0
test,0056-0014.svg,700,249,0,7,2048,1,0,0.0,0.0,140.0,140.0,16,0,0,684,0,0,0
test,0056-0018.svg,408,120,0,4,2048,1,0,0.0,0.0,140.0,140.0,2,0,0,406,0,0,0
test,0056-0024.svg,166,36,0,3,2048,1,0,0.0,0.0,140.0,140.0,6,0,0,160,0,0,0
test,0056-0025.svg,181,49,0,3,2048,1,0,0.0,0.0,140.0,140.0,2,0,0,179,0,0,0
test,0056-0029.svg,122,13,0,2,2048,1,0,0.0,0.0,140.0,140.0,1,0,0,121,0,0,0
test,0056-0061.svg,253,65,0,3,2048,1,0,0.0,0.0,140.0,140.0,3,0,0,250,0,0,0
test,0057-0008.svg,681,273,0,8,2048,1,0,0.0,0.0,140.0,140.0,5,0,0,676,0,0,0
test,0057-0015.svg,394,117,0,6,2048,1,0,0.0,0.0,140.0,140.0,7,0,0,387,0,0,0
test,0057-0016.svg,258,63,0,4,2048,1,0,0.0,0.0,140.0,140.0,1,0,0,257,0,0,0
test,0058-0013.svg,964,445,0,11,2048,1,0,0.0,0.0,140.0,140.0,29,0,0,935,0,0,0
test,0058-0014.svg,428,195,0,6,2048,1,0,0.0,0.0,140.0,140.0,20,0,0,408,0,0,0
test,0058-0022.svg,208,24,0,3,2048,1,0,0.0,0.0,140.0,140.0,4,0,0,204,0,0,0
test,0058-0046.svg,711,286,0,8,2048,1,0,0.0,0.0,140.0,140.0,10,0,0,701,0,0,0
test,0058-0050.svg,102,20,0,3,2048,1,0,0.0,0.0,140.0,140.0,6,0,0,96,0,0,0
test,0059-0014.svg,620,286,0,8,2048,1,0,0.0,0.0,140.0,140.0,17,0,0,603,0,0,0
test,0059-0017.svg,824,419,0,7,2048,1,0,0.0,0.0,140.0,140.0,18,0,0,806,0,0,0
test,0059-0027.svg,234,36,0,4,2048,1,0,0.0,0.0,140.0,140.0,8,0,0,226,0,0,0
test,0059-0049.svg,205,28,0,3,2048,1,0,0.0,0.0,140.0,140.0,10,0,0,195,0,0,0
test,0059-0050.svg,285,82,0,3,2048,1,0,0.0,0.0,140.0,140.0,0,0,0,285,0,0,0
test,0059-0072.svg,268,91,0,4,2048,1,0,0.0,0.0,140.0,140.0,0,0,0,268,0,0,0
test,0060-0018.svg,3895,822,0,10,2048,2,0,0.0,0.0,140.0,140.0,42,0,0,3853,0,0,0
test,0060-0027.svg,1156,364,0,7,2048,1,0,0.0,0.0,140.0,140.0,12,0,0,1144,0,0,0
test,0060-0043.svg,2064,826,0,8,2048,2,0,0.0,0.0,140.0,140.0,20,0,0,2044,0,0,0
test,0060-0059.svg,2035,878,0,9,2048,1,0,0.0,0.0,140.0,140.0,14,0,0,2021,0,0,0
test,0060-0066.svg,636,279,0,9,2048,1,0,0.0,0.0,140.0,140.0,9,0,0,627,0,0,0
test,0060-0097.svg,462,124,0,2,2048,1,0,0.0,0.0,140.0,140.0,3,0,0,459,0,0,0
test,0060-0098.svg,3215,711,0,7,2048,2,0,0.0,0.0,140.0,140.0,9,0,0,3206,0,0,0
test,0060-0101.svg,1544,208,0,5,2048,1,0,0.0,0.0,140.0,140.0,4,0,0,1540,0,0,0
test,0060-0102.svg,2334,509,0,5,2048,2,0,0.0,0.0,140.0,140.0,11,0,0,2323,0,0,0
test,0060-0103.svg,1284,400,0,8,2048,1,0,0.0,0.0,140.0,140.0,15,0,0,1269,0,0,0
test,0060-0104.svg,431,89,0,7,2048,1,0,0.0,0.0,140.0,140.0,9,0,0,422,0,0,0
test,0062-0006.svg,1184,536,0,8,2048,1,0,0.0,0.0,140.0,140.0,33,0,0,1151,0,0,0
test,0063-0012.svg,1525,212,0,5,2048,1,0,0.0,0.0,140.0,140.0,12,0,0,1513,0,0,0
test,0063-0025.svg,843,320,0,7,2048,1,0,0.0,0.0,140.0,140.0,2,0,0,841,0,0,0
test,0063-0049.svg,794,302,0,7,2048,1,0,0.0,0.0,140.0,140.0,2,0,0,792,0,0,0
test,0063-0050.svg,1647,663,0,8,2048,1,0,0.0,0.0,140.0,140.0,15,0,0,1632,0,0,0
test,0063-0061.svg,4646,1144,0,11,2048,3,0,0.0,0.0,140.0,140.0,43,0,0,4603,0,0,0
test,0064-0005.svg,435,262,0,5,2048,1,0,0.0,0.0,140.0,140.0,8,0,0,427,0,0,0
test,0065-0013.svg,659,335,0,7,2048,1,0,0.0,0.0,140.0,140.0,17,0,0,642,0,0,0
test,0065-0016.svg,802,380,0,7,2048,1,0,0.0,0.0,140.0,140.0,21,0,0,781,0,0,0
test,0065-0046.svg,199,47,0,3,2048,1,0,0.0,0.0,140.0,140.0,2,0,0,197,0,0,0
test,0065-0049.svg,382,84,0,3,2048,1,0,0.0,0.0,140.0,140.0,9,0,0,373,0,0,0
test,0065-0079.svg,110,43,0,3,2048,1,0,0.0,0.0,140.0,140.0,3,0,0,107,0,0,0
test,0065-0082.svg,177,64,0,4,2048,1,0,0.0,0.0,140.0,140.0,5,0,0,172,0,0,0
test,0066-0030.svg,236,153,0,4,2048,1,0,0.0,0.0,140.0,140.0,3,0,0,233,0,0,0
test,0066-0035.svg,388,127,0,5,2048,1,0,0.0,0.0,140.0,140.0,2,0,0,386,0,0,0
test,0067-0010.svg,1095,568,0,9,2048,1,0,0.0,0.0,140.0,140.0,37,6,0,1052,0,0,0
test,0067-0015.svg,1596,386,0,4,2048,1,0,0.0,0.0,140.0,140.0,3,0,0,1593,0,0,0
test,0067-0021.svg,659,569,0,4,2048,1,0,0.0,0.0,140.0,140.0,12,0,0,647,0,0,0
test,0067-0022.svg,388,185,0,6,2048,1,0,0.0,0.0,140.0,140.0,3,0,0,385,0,0,0
test,0067-0039.svg,760,309,0,4,2048,1,0,0.0,0.0,140.0,140.0,18,0,0,742,0,0,0
test,0067-0060.svg,1347,36,0,1,2048,1,0,0.0,0.0,140.0,140.0,1,0,0,1346,0,0,0
test,0067-0078.svg,805,172,0,5,2048,1,0,0.0,0.0,140.0,140.0,1,0,0,804,0,0,0
test,0068-0031.svg,498,263,0,5,2048,1,0,0.0,0.0,140.0,140.0,6,0,0,492,0,0,0
test,0068-0051.svg,367,24,0,1,2048,1,0,0.0,0.0,140.0,140.0,13,0,0,354,0,0,0
test,0069-0008.svg,2227,1088,0,14,2048,2,0,0.0,0.0,140.0,140.0,37,0,0,2190,0,0,0
test,0070-0031.svg,802,624,0,7,2048,1,0,0.0,0.0,140.0,140.0,4,0,0,798,0,0,0
test,0070-0036.svg,776,529,0,10,2048,1,0,0.0,0.0,140.0,140.0,31,2,0,743,0,0,0
test,0070-0038.svg,160,62,0,3,2048,1,0,0.0,0.0,140.0,140.0,0,0,0,160,0,0,0
test,0071-0028.svg,115,9,0,1,2048,1,0,0.0,0.0,140.0,140.0,6,0,0,109,0,0,0
test,0072-0002.svg,396,242,0,5,2048,1,0,0.0,0.0,140.0,140.0,17,0,0,379,0,0,0
test,0072-0006.svg,476,270,0,5,2048,1,0,0.0,0.0,140.0,140.0,12,0,0,464,0,0,0
test,0073-0022.svg,3233,63,0,2,2048,2,0,0.0,0.0,140.0,140.0,1,0,0,3232,0,0,0
test,0074-0002.svg,220,94,0,4,2048,1,0,0.0,0.0,140.0,140.0,4,0,0,216,0,0,0
test,0074-0006.svg,670,585,0,7,2048,1,0,0.0,0.0,140.0,140.0,6,0,0,664,0,0,0
test,0074-0007.svg,406,224,0,4,2048,1,0,0.0,0.0,140.0,140.0,0,0,0,406,0,0,0
test,0074-0021.svg,185,109,0,3,2048,1,0,0.0,0.0,140.0,140.0,0,0,0,185,0,0,0
test,0074-0031.svg,840,670,0,7,2048,1,0,0.0,0.0,140.0,140.0,4,0,0,836,0,0,0
test,0074-0037.svg,315,151,0,4,2048,1,0,0.0,0.0,140.0,140.0,2,0,0,313,0,0,0
test,0075-0014.svg,2381,200,0,4,2048,2,0,0.0,0.0,140.0,140.0,5,0,0,2376,0,0,0
test,0077-0018.svg,4003,775,0,10,2048,2,0,0.0,0.0,140.0,140.0,43,0,0,3960,0,0,0
test,0077-0027.svg,1242,252,0,7,2048,1,0,0.0,0.0,140.0,140.0,14,0,0,1228,0,0,0
test,0077-0059.svg,2029,598,0,9,2048,1,0,0.0,0.0,140.0,140.0,16,0,0,2013,0,0,0
test,0077-0074.svg,4107,832,0,7,2048,3,0,0.0,0.0,140.0,140.0,38,0,0,4069,0,0,0
test,0077-0083.svg,1844,776,0,6,2048,1,0,0.0,0.0,140.0,140.0,15,0,0,1829,0,0,0
test,0077-0086.svg,3319,724,0,7,2048,2,0,0.0,0.0,140.0,140.0,31,0,0,3288,0,0,0
test,0077-0097.svg,473,131,0,3,2048,1,0,0.0,0.0,140.0,140.0,4,0,0,469,0,0,0
test,0077-0102.svg,2353,490,0,4,2048,2,0,0.0,0.0,140.0,140.0,13,0,0,2340,0,0,0
test,0078-0011.svg,1404,1008,0,8,2048,1,0,0.0,0.0,140.0,140.0,8,0,0,1396,0,0,0
test,0078-0012.svg,308,123,0,6,2048,1,0,0.0,0.0,140.0,140.0,6,0,0,302,0,0,0
test,0078-0021.svg,982,706,0,7,2048,1,0,0.0,0.0,140.0,140.0,15,0,0,967,0,0,0
test,0078-0025.svg,1419,1035,0,9,2048,1,0,0.0,0.0,140.0,140.0,12,0,0,1407,0,0,0
test,0079-0013.svg,1092,621,0,4,2048,1,0,0.0,0.0,140.0,140.0,7,0,0,1085,0,0,0
test,0080-0072.svg,450,87,0,4,2048,1,0,0.0,0.0,140.0,140.0,0,0,0,450,0,0,0
test,0080-0078.svg,112,19,0,2,2048,1,0,0.0,0.0,140.0,140.0,1,0,0,111,0,0,0
test,0081-0008.svg,73,5,0,1,2048,1,0,0.0,0.0,140.0,140.0,3,0,0,70,0,0,0
test,0081-0024.svg,1238,911,0,8,2048,1,0,0.0,0.0,140.0,140.0,2,0,0,1236,0,0,0
test,0081-0030.svg,3081,2974,0,7,2048,2,0,0.0,0.0,140.0,140.0,0,0,0,3081,0,0,0
test,0081-0038.svg,2293,2064,0,7,2048,2,0,0.0,0.0,140.0,140.0,1,0,0,2292,0,0,0
test,0081-0043.svg,959,800,0,5,2048,1,0,0.0,0.0,140.0,140.0,2,0,0,957,0,0,0
test,0081-0044.svg,2264,2208,0,6,2048,2,0,0.0,0.0,140.0,140.0,0,0,0,2264,0,0,0
test,0081-0051.svg,663,389,0,8,2048,1,0,0.0,0.0,140.0,140.0,14,0,0,649,0,0,0
test,0081-0052.svg,421,199,0,4,2048,1,0,0.0,0.0,140.0,140.0,3,0,0,418,0,0,0
test,0081-0060.svg,519,415,0,7,2048,1,0,0.0,0.0,140.0,140.0,1,0,0,518,0,0,0
test,0081-0068.svg,58,18,0,2,2048,1,0,0.0,0.0,140.0,140.0,3,0,0,55,0,0,0
test,0082-0040.svg,43,11,0,1,2048,1,0,0.0,0.0,140.0,140.0,1,0,0,42,0,0,0
test,0082-0066.svg,232,2,0,1,2048,1,0,0.0,0.0,140.0,140.0,1,0,0,231,0,0,0
test,0082-0113.svg,365,4,0,1,2048,1,0,0.0,0.0,140.0,140.0,2,0,0,363,0,0,0
test,0082-0114.svg,225,5,0,1,2048,1,0,0.0,0.0,140.0,140.0,1,0,0,224,0,0,0
test,0083-0006.svg,298,70,0,3,2048,1,0,0.0,0.0,140.0,140.0,3,0,0,295,0,0,0
test,0084-0009.svg,222,88,0,6,2048,1,0,0.0,0.0,140.0,140.0,7,0,0,215,0,0,0
test,0084-0013.svg,790,367,0,10,2048,1,0,0.0,0.0,140.0,140.0,17,0,0,773,0,0,0
test,0084-0026.svg,375,146,0,3,2048,1,0,0.0,0.0,140.0,140.0,3,0,0,372,0,0,0
test,0084-0033.svg,324,102,0,3,2048,1,0,0.0,0.0,140.0,140.0,3,0,0,321,0,0,0
test,0085-0012.svg,445,225,0,5,2048,1,0,0.0,0.0,140.0,140.0,5,0,0,440,0,0,0
test,0085-0034.svg,306,30,0,3,2048,1,0,0.0,0.0,140.0,140.0,9,0,0,297,0,0,0
test,0085-0070.svg,108,33,0,3,2048,1,0,0.0,0.0,140.0,140.0,0,0,0,108,0,0,0
test,0086-0006.svg,172,110,0,5,2048,1,0,0.0,0.0,140.0,140.0,0,0,0,172,0,0,0
test,0086-0030.svg,171,75,0,5,2048,1,0,0.0,0.0,140.0,140.0,0,0,0,171,0,0,0
test,0086-0048.svg,174,64,0,4,2048,1,0,0.0,0.0,140.0,140.0,0,0,0,174,0,0,0
test,0086-0078.svg,182,104,0,6,2048,1,0,0.0,0.0,140.0,140.0,0,0,0,182,0,0,0
test,0087-0015.svg,305,102,0,5,2048,1,0,0.0,0.0,140.0,140.0,6,0,0,299,0,0,0
test,0087-0017.svg,408,51,0,4,2048,1,0,0.0,0.0,140.0,140.0,1,0,0,407,0,0,0
test,0087-0025.svg,117,7,0,2,2048,1,0,0.0,0.0,140.0,140.0,1,0,0,116,0,0,0
test,0087-0027.svg,311,61,0,3,2048,1,0,0.0,0.0,140.0,140.0,8,0,0,303,0,0,0
test,0087-0038.svg,381,92,0,3,2048,1,0,0.0,0.0,140.0,140.0,9,0,0,372,0,0,0
test,0087-0078.svg,93,34,0,3,2048,1,0,0.0,0.0,140.0,140.0,3,0,0,90,0,0,0
test,0087-0079.svg,125,42,0,4,2048,1,0,0.0,0.0,140.0,140.0,4,0,0,121,0,0,0
test,0089-0017.svg,664,78,0,5,2048,1,0,0.0,0.0,140.0,140.0,10,0,0,654,0,0,0
test,0089-0026.svg,1404,246,0,7,2048,1,0,0.0,0.0,140.0,140.0,6,0,0,1398,0,0,0
test,0089-0028.svg,600,20,0,2,2048,1,0,0.0,0.0,140.0,140.0,3,0,0,597,0,0,0
test,0089-0068.svg,1664,1152,0,6,2048,1,0,0.0,0.0,140.0,140.0,3,0,0,1661,0,0,0
test,0089-0076.svg,3943,1393,0,9,2048,2,0,0.0,0.0,140.0,140.0,69,17,0,3857,0,0,0
test,0089-0077.svg,88,6,0,1,2048,1,0,0.0,0.0,140.0,140.0,3,0,0,85,0,0,0
test,0089-0085.svg,5736,3677,0,6,2048,3,0,0.0,0.0,140.0,140.0,37,0,0,5699,0,0,0
test,0089-0091.svg,4598,728,0,7,2048,3,0,0.0,0.0,140.0,140.0,112,0,0,4486,0,0,0
test,0089-0104.svg,1566,281,0,10,2048,1,0,0.0,0.0,140.0,140.0,16,36,0,1514,0,0,0
test,0089-0105.svg,2113,422,0,8,2048,2,0,0.0,0.0,140.0,140.0,16,0,0,2097,0,0,0
test,0089-0109.svg,96,10,0,1,2048,1,0,0.0,0.0,140.0,140.0,2,0,0,94,0,0,0
test,0090-0090.svg,1795,1530,0,6,2048,1,0,0.0,0.0,140.0,140.0,20,0,0,1775,0,0,0
test,0090-0097.svg,537,90,0,5,2048,1,0,0.0,0.0,140.0,140.0,34,0,0,503,0,0,0
test,0090-0107.svg,1150,33,0,1,2048,1,0,0.0,0.0,140.0,140.0,1,0,0,1149,0,0,0
test,0090-0109.svg,114,4,0,1,2048,1,0,0.0,0.0,140.0,140.0,0,0,0,114,0,0,0
test,0090-0121.svg,1085,93,0,4,2048,1,0,0.0,0.0,140.0,140.0,31,0,0,1054,0,0,0
test,0090-0137.svg,434,11,0,1,2048,1,0,0.0,0.0,140.0,140.0,31,1,0,402,0,0,0
test,0090-0139.svg,981,10,0,1,2048,1,0,0.0,0.0,140.0,140.0,1,0,0,980,0,0,0
test,0090-0153.svg,763,258,0,5,2048,1,0,0.0,0.0,140.0,140.0,17,0,0,746,0,0,0
test,0090-0165.svg,428,70,0,4,2048,1,0,0.0,0.0,140.0,140.0,1,2,0,425,0,0,0
test,0090-0169.svg,513,137,0,3,2048,1,0,0.0,0.0,140.0,140.0,32,0,0,481,0,0,0
test,0090-0170.svg,575,219,0,3,2048,1,0,0.0,0.0,140.0,140.0,18,2,0,555,0,0,0
test,0090-0173.svg,641,75,0,3,2048,1,0,0.0,0.0,140.0,140.0,33,2,0,606,0,0,0
test,0090-0174.svg,210,8,0,1,2048,1,0,0.0,0.0,140.0,140.0,31,0,0,179,0,0,0
test,0091-0005.svg,481,200,0,5,2048,1,0,0.0,0.0,140.0,140.0,12,0,0,469,0,0,0
test,0091-0013.svg,677,346,0,7,2048,1,0,0.0,0.0,140.0,140.0,16,0,0,661,0,0,0
test,0091-0016.svg,861,484,0,7,2048,1,0,0.0,0.0,140.0,140.0,20,0,0,841,0,0,0
test,0091-0024.svg,218,45,0,3,2048,1,0,0.0,0.0,140.0,140.0,3,0,0,215,0,0,0
test,0091-0038.svg,404,88,0,3,2048,1,0,0.0,0.0,140.0,140.0,8,0,0,396,0,0,0
test,0091-0071.svg,286,93,0,4,2048,1,0,0.0,0.0,140.0,140.0,0,0,0,286,0,0,0
test,0092-0037.svg,3847,1797,0,17,2048,2,0,0.0,0.0,140.0,140.0,38,5,0,3804,0,0,0
test,0092-0047.svg,4090,2060,0,18,2048,2,0,0.0,0.0,140.0,140.0,40,5,0,4045,0,0,0
test,0092-0049.svg,3059,753,0,11,2048,2,0,0.0,0.0,140.0,140.0,27,0,0,3032,0,0,0
test,0093-0013.svg,1254,117,0,4,2048,1,0,0.0,0.0,140.0,140.0,4,0,0,1250,0,0,0
test,0094-0027.svg,1820,291,0,5,2048,1,0,0.0,0.0,140.0,140.0,1,0,0,1819,0,0,0
test,0094-0033.svg,472,50,0,4,2048,1,0,0.0,0.0,140.0,140.0,2,0,0,470,0,0,0
test,0094-0048.svg,1862,246,0,5,2048,1,0,0.0,0.0,140.0,140.0,15,0,0,1847,0,0,0
test,0095-0016.svg,483,304,0,7,2048,1,0,0.0,0.0,140.0,140.0,7,0,0,476,0,0,0
test,0095-0023.svg,622,441,0,7,2048,1,0,0.0,0.0,140.0,140.0,8,0,0,614,0,0,0
test,0095-0036.svg,541,322,0,9,2048,1,0,0.0,0.0,140.0,140.0,8,0,0,533,0,0,0
test,0097-0385.svg,11168,3308,0,17,2048,6,0,0.0,0.0,140.0,140.0,78,4,0,11086,0,0,0
test,0097-0413.svg,8317,1750,0,19,2048,5,0,0.0,0.0,140.0,140.0,68,2,0,8247,0,0,0
test,0097-0492.svg,320,32,0,1,2048,1,0,0.0,0.0,140.0,140.0,13,0,0,307,0,0,0
test,0098-0016.svg,861,458,0,8,2048,1,0,0.0,0.0,140.0,140.0,20,0,0,841,0,0,0
test,0098-0046.svg,183,47,0,3,2048,1,0,0.0,0.0,140.0,140.0,3,0,0,180,0,0,0
test,0098-0068.svg,233,76,0,4,2048,1,0,0.0,0.0,140.0,140.0,0,0,0,233,0,0,0
test,0099-0016.svg,713,286,0,8,2048,1,0,0.0,0.0,140.0,140.0,29,0,0,684,0,0,0
test,0099-0027.svg,2704,1159,0,20,2048,2,0,0.0,0.0,140.0,140.0,45,0,0,2659,0,0,0
test,0099-0033.svg,180,10,0,1,2048,1,0,0.0,0.0,140.0,140.0,9,0,0,171,0,0,0
test,0100-0004.svg,711,119,0,4,2048,1,0,0.0,0.0,140.0,140.0,2,0,0,709,0,0,0
test,0100-0006.svg,1340,357,0,10,2048,1,0,0.0,0.0,140.0,140.0,26,0,0,1314,0,0,0
test,0100-0015.svg,1301,638,0,10,2048,1,0,0.0,0.0,140.0,140.0,25,0,0,1276,0,0,0
test,0101-0006.svg,1947,233,0,6,2048,1,0,0.0,0.0,140.0,140.0,12,0,0,1935,0,0,0
test,0101-0020.svg,1909,510,0,6,2048,1,0,0.0,0.0,140.0,140.0,2,0,0,1907,0,0,0
test,0101-0034.svg,1627,195,0,2,2048,1,0,0.0,0.0,140.0,140.0,2,0,0,1625,0,0,0
test,0103-0014.svg,290,239,0,5,2048,1,0,0.0,0.0,140.0,140.0,2,0,0,288,0,0,0
test,0103-0020.svg,1895,218,0,4,2048,1,0,0.0,0.0,140.0,140.0,2,0,0,1893,0,0,0
test,0103-0048.svg,1607,67,0,3,2048,1,0,0.0,0.0,140.0,140.0,1,0,0,1606,0,0,0
test,0104-0036.svg,227,64,0,4,2048,1,0,0.0,0.0,140.0,140.0,2,0,0,225,0,0,0
test,0105-0005.svg,48,15,0,2,2048,1,0,0.0,0.0,140.0,140.0,0,0,0,48,0,0,0
test,0105-0086.svg,171,119,0,6,2048,1,0,0.0,0.0,140.0,140.0,0,0,0,171,0,0,0
test,0105-0096.svg,182,61,0,4,2048,1,0,0.0,0.0,140.0,140.0,0,0,0,182,0,0,0
test,0105-0097.svg,111,21,0,2,2048,1,0,0.0,0.0,140.0,140.0,0,0,0,111,0,0,0
test,0105-0117.svg,43,2,0,1,2048,1,0,0.0,0.0,140.0,140.0,0,0,0,43,0,0,0
test,0105-0129.svg,50,18,0,3,2048,1,0,0.0,0.0,140.0,140.0,0,0,0,50,0,0,0
test,0105-0149.svg,57,8,0,2,2048,1,0,0.0,0.0,140.0,140.0,0,0,0,57,0,0,0
test,0106-0006.svg,669,555,0,7,2048,1,0,0.0,0.0,140.0,140.0,5,0,0,664,0,0,0
test,0106-0021.svg,190,119,0,3,2048,1,0,0.0,0.0,140.0,140.0,0,0,0,190,0,0,0
test,0106-0036.svg,471,228,0,6,2048,1,0,0.0,0.0,140.0,140.0,4,0,0,467,0,0,0
test,0107-0004.svg,333,89,0,5,2048,1,0,0.0,0.0,140.0,140.0,4,0,0,329,0,0,0
test,0107-0009.svg,318,103,0,5,2048,1,0,0.0,0.0,140.0,140.0,0,0,0,318,0,0,0
test,0107-0018.svg,1039,588,0,9,2048,1,0,0.0,0.0,140.0,140.0,22,0,0,1017,0,0,0
test,0108-0006.svg,962,734,0,10,2048,1,0,0.0,0.0,140.0,140.0,21,6,0,935,0,0,0
test,0108-0008.svg,455,232,0,4,2048,1,0,0.0,0.0,140.0,140.0,60,12,0,383,0,0,0
test,0108-0011.svg,486,421,0,8,2048,1,0,0.0,0.0,140.0,140.0,2,0,0,484,0,0,0
test,0108-0012.svg,411,302,0,6,2048,1,0,0.0,0.0,140.0,140.0,40,8,0,363,0,0,0
test,0108-0017.svg,218,164,0,2,2048,1,0,0.0,0.0,140.0,140.0,40,8,0,170,0,0,0
test,0108-0026.svg,655,592,0,4,2048,1,0,0.0,0.0,140.0,140.0,0,0,0,655,0,0,0
test,0109-0011.svg,833,310,0,5,2048,1,0,0.0,0.0,140.0,140.0,33,0,0,800,0,0,0
test,0109-0022.svg,771,136,0,4,2048,1,0,0.0,0.0,140.0,140.0,32,0,0,739,0,0,0
test,0110-0277.svg,4516,1659,0,16,2048,3,0,0.0,0.0,140.0,140.0,39,1,0,4476,0,0,0
test,0110-0278.svg,3394,1318,0,12,2048,2,0,0.0,0.0,140.0,140.0,43,0,0,3351,0,0,0
test,0110-0304.svg,5817,1458,0,20,2048,3,0,0.0,0.0,140.0,140.0,46,0,0,5771,0,0,0
test,0110-0331.svg,8598,3267,0,19,2048,5,0,0.0,0.0,140.0,140.0,94,7,0,8497,0,0,0
test,0110-0358.svg,9407,5432,0,21,2048,5,0,0.0,0.0,140.0,140.0,102,9,0,9296,0,0,0
test,0110-0385.svg,3741,1294,0,18,2048,2,0,0.0,0.0,140.0,140.0,33,5,0,3703,0,0,0
test,0110-0413.svg,4196,1560,0,14,2048,3,0,0.0,0.0,140.0,140.0,53,0,0,4143,0,0,0
test,0111-0002.svg,137,18,0,2,2048,1,0,0.0,0.0,140.0,140.0,4,0,0,133,0,0,0
test,0112-0034.svg,2398,75,0,5,2048,2,0,0.0,0.0,140.0,140.0,8,0,0,2390,0,0,0
test,0112-0050.svg,1657,6,0,1,2048,1,0,0.0,0.0,140.0,140.0,1,0,0,1656,0,0,0
test,0112-0058.svg,851,267,0,8,2048,1,0,0.0,0.0,140.0,140.0,12,0,0,839,0,0,0
test,0112-0059.svg,995,347,0,6,2048,1,0,0.0,0.0,140.0,140.0,14,0,0,981,0,0,0
test,0112-0074.svg,4089,1009,0,10,2048,2,0,0.0,0.0,140.0,140.0,38,0,0,4051,0,0,0
test,0112-0087.svg,1794,179,0,5,2048,1,0,0.0,0.0,140.0,140.0,13,0,0,1781,0,0,0
test,0112-0101.svg,186,2,0,1,2048,1,0,0.0,0.0,140.0,140.0,9,0,0,177,0,0,0
test,0112-0113.svg,166,21,0,2,2048,1,0,0.0,0.0,140.0,140.0,6,0,0,160,0,0,0
test,0113-0006.svg,1139,48,0,3,2048,1,0,0.0,0.0,140.0,140.0,0,2,0,1137,0,0,0
test,0113-0014.svg,604,36,0,1,2048,1,0,0.0,0.0,140.0,140.0,0,0,0,604,0,0,0
test,0113-0019.svg,867,736,0,6,2048,1,0,0.0,0.0,140.0,140.0,4,0,0,863,0,0,0
test,0113-0040.svg,352,75,0,3,2048,1,0,0.0,0.0,140.0,140.0,0,0,0,352,0,0,0
test,0113-0043.svg,570,42,0,2,2048,1,0,0.0,0.0,140.0,140.0,0,0,0,570,0,0,0
test,0114-0023.svg,359,33,0,2,2048,1,0,0.0,0.0,140.0,140.0,1,0,0,358,0,0,0
test,0116-0023.svg,151,41,0,2,2048,1,0,0.0,0.0,140.0,140.0,0,0,0,151,0,0,0
test,0116-0033.svg,97,23,0,1,2048,1,0,0.0,0.0,140.0,140.0,0,0,0,97,0,0,0
test,0117-0004.svg,683,282,0,7,2048,1,0,0.0,0.0,140.0,140.0,5,0,0,678,0,0,0
test,0118-0002.svg,436,41,0,4,2048,1,0,0.0,0.0,140.0,140.0,14,0,0,422,0,0,0
test,0118-0014.svg,578,83,0,1,2048,1,0,0.0,0.0,140.0,140.0,1,0,0,577,0,0,0
test,0118-0022.svg,684,348,0,8,2048,1,0,0.0,0.0,140.0,140.0,14,0,0,670,0,0,0
test,0118-0024.svg,548,83,0,2,2048,1,0,0.0,0.0,140.0,140.0,6,0,0,542,0,0,0
test,0118-0027.svg,435,134,0,4,2048,1,0,0.0,0.0,140.0,140.0,8,0,0,427,0,0,0
test,0119-0022.svg,89,21,0,2,2048,1,0,0.0,0.0,140.0,140.0,0,0,0,89,0,0,0
test,0119-0049.svg,182,119,0,3,2048,1,0,0.0,0.0,140.0,140.0,0,0,0,182,0,0,0
test,0119-0052.svg,510,326,0,5,2048,1,0,0.0,0.0,140.0,140.0,0,0,0,510,0,0,0
test,0119-0077.svg,229,118,0,3,2048,1,0,0.0,0.0,140.0,140.0,0,0,0,229,0,0,0
test,0119-0079.svg,209,127,0,3,2048,1,0,0.0,0.0,140.0,140.0,0,0,0,209,0,0,0
test,0119-0082.svg,176,82,0,3,2048,1,0,0.0,0.0,140.0,140.0,0,0,0,176,0,0,0
test,0119-0098.svg,264,146,0,2,2048,1,0,0.0,0.0,140.0,140.0,0,0,0,264,0,0,0
test,0119-0110.svg,304,154,0,1,2048,1,0,0.0,0.0,140.0,140.0,8,0,0,296,0,0,0
test,0119-0232.svg,414,134,0,4,2048,1,0,0.0,0.0,140.0,140.0,3,0,0,411,0,0,0
test,0119-0243.svg,171,81,0,3,2048,1,0,0.0,0.0,140.0,140.0,1,0,0,170,0,0,0
test,0119-0247.svg,314,92,0,3,2048,1,0,0.0,0.0,140.0,140.0,3,0,0,311,0,0,0
test,0119-0293.svg,143,86,0,2,2048,1,0,0.0,0.0,140.0,140.0,1,0,0,142,0,0,0
test,0119-0301.svg,99,24,0,2,2048,1,0,0.0,0.0,140.0,140.0,1,0,0,98,0,0,0
test,0119-0306.svg,287,189,0,5,2048,1,0,0.0,0.0,140.0,140.0,1,0,0,286,0,0,0
test,0119-0348.svg,145,31,0,2,2048,1,0,0.0,0.0,140.0,140.0,0,0,0,145,0,0,0
test,0119-0364.svg,96,25,0,2,2048,1,0,0.0,0.0,140.0,140.0,0,0,0,96,0,0,0
test,0119-0393.svg,163,12,0,2,2048,1,0,0.0,0.0,140.0,140.0,0,0,0,163,0,0,0
test,0119-0394.svg,3368,138,0,4,2048,2,0,0.0,0.0,140.0,140.0,1,0,0,3367,0,0,0
test,0119-0398.svg,157,94,0,1,2048,1,0,0.0,0.0,140.0,140.0,0,0,0,157,0,0,0
test,0120-0007.svg,561,192,0,5,2048,1,0,0.0,0.0,140.0,140.0,9,0,0,552,0,0,0
test,0120-0010.svg,276,36,0,2,2048,1,0,0.0,0.0,140.0,140.0,4,0,0,272,0,0,0
test,0120-0013.svg,119,6,0,1,2048,1,0,0.0,0.0,140.0,140.0,1,0,0,118,0,0,0
test,0120-0037.svg,540,158,0,5,2048,1,0,0.0,0.0,140.0,140.0,9,0,0,531,0,0,0
test,0120-0040.svg,290,36,0,2,2048,1,0,0.0,0.0,140.0,140.0,4,0,0,286,0,0,0
test,0121-0003.svg,403,183,0,7,2048,1,0,0.0,0.0,140.0,140.0,11,0,0,392,0,0,0
test,0121-0058.svg,184,75,0,4,2048,1,0,0.0,0.0,140.0,140.0,2,0,0,182,0,0,0
test,0121-0069.svg,146,52,0,3,2048,1,0,0.0,0.0,140.0,140.0,1,0,0,145,0,0,0
test,0122-0013.svg,1637,309,0,5,2048,1,0,0.0,0.0,140.0,140.0,11,0,0,1626,0,0,0
test,0122-0027.svg,1985,381,0,4,2048,1,0,0.0,0.0,140.0,140.0,3,0,0,1982,0,0,0
test,0122-0055.svg,2057,611,0,9,2048,2,0,0.0,0.0,140.0,140.0,38,0,0,2019,0,0,0
test,0123-0005.svg,469,259,0,6,2048,1,0,0.0,0.0,140.0,140.0,10,0,0,459,0,0,0
test,0123-0006.svg,139,15,0,3,2048,1,0,0.0,0.0,140.0,140.0,5,0,0,134,0,0,0
test,0123-0012.svg,455,245,0,5,2048,1,0,0.0,0.0,140.0,140.0,6,0,0,449,0,0,0
test,0123-0013.svg,738,89,0,4,2048,1,0,0.0,0.0,140.0,140.0,16,0,0,722,0,0,0
test,0123-0017.svg,408,49,0,4,2048,1,0,0.0,0.0,140.0,140.0,1,0,0,407,0,0,0
test,0123-0038.svg,381,92,0,3,2048,1,0,0.0,0.0,140.0,140.0,9,0,0,372,0,0,0
test,0123-0067.svg,106,36,0,3,2048,1,0,0.0,0.0,140.0,140.0,1,0,0,105,0,0,0
test,0123-0068.svg,223,64,0,4,2048,1,0,0.0,0.0,140.0,140.0,0,0,0,223,0,0,0
test,0123-0071.svg,244,76,0,4,2048,1,0,0.0,0.0,140.0,140.0,0,0,0,244,0,0,0
test,0124-0023.svg,475,170,0,4,2048,1,0,0.0,0.0,140.0,140.0,2,0,0,473,0,0,0
test,0124-0024.svg,168,66,0,3,2048,1,0,0.0,0.0,140.0,140.0,3,0,0,165,0,0,0
test,0124-0030.svg,480,175,0,4,2048,1,0,0.0,0.0,140.0,140.0,3,0,0,477,0,0,0
test,0124-0037.svg,523,203,0,5,2048,1,0,0.0,0.0,140.0,140.0,2,0,0,521,0,0,0
test,0124-0046.svg,556,258,0,6,2048,1,0,0.0,0.0,140.0,140.0,1,0,0,555,0,0,0
test,0124-0051.svg,526,129,0,3,2048,1,0,0.0,0.0,140.0,140.0,0,0,0,526,0,0,0
test,0124-0057.svg,2045,625,0,10,2048,1,0,0.0,0.0,140.0,140.0,18,6,0,2021,0,0,0
test,0124-0058.svg,812,510,0,3,2048,1,0,0.0,0.0,140.0,140.0,0,0,0,812,0,0,0
test,0124-0072.svg,551,219,0,3,2048,1,0,0.0,0.0,140.0,140.0,5,0,0,546,0,0,0
test,0125-0005.svg,215,65,0,4,2048,1,0,0.0,0.0,140.0,140.0,1,0,0,214,0,0,0
test,0125-0009.svg,769,568,0,6,2048,1,0,0.0,0.0,140.0,140.0,23,0,0,746,0,0,0
test,0125-0020.svg,210,22,0,1,2048,1,0,0.0,0.0,140.0,140.0,1,0,0,209,0,0,0
test,0128-0040.svg,3010,1137,0,12,2048,2,0,0.0,0.0,140.0,140.0,37,0,0,2973,0,0,0
test,0128-0055.svg,6160,2875,0,22,2048,4,0,0.0,0.0,140.0,140.0,71,2,0,6087,0,0,0
test,0128-0087.svg,11079,4547,0,20,2048,6,0,0.0,0.0,140.0,140.0,113,9,0,10957,0,0,0
test,0128-0103.svg,4915,2252,0,21,2048,3,0,0.0,0.0,140.0,140.0,68,4,0,4843,0,0,0
test,0128-0119.svg,5701,1761,0,16,2048,3,0,0.0,0.0,140.0,140.0,54,1,0,5646,0,0,0
test,0129-0002.svg,261,158,0,4,2048,1,0,0.0,0.0,140.0,140.0,1,0,0,260,0,0,0
test,0129-0013.svg,465,284,0,7,2048,1,0,0.0,0.0,140.0,140.0,6,0,0,459,0,0,0
test,0129-0017.svg,824,446,0,7,2048,1,0,0.0,0.0,140.0,140.0,18,0,0,806,0,0,0
test,0129-0058.svg,184,75,0,4,2048,1,0,0.0,0.0,140.0,140.0,2,0,0,182,0,0,0
test,0131-0022.svg,52,4,0,1,2048,1,0,0.0,0.0,140.0,140.0,0,0,0,52,0,0,0
test,0131-0034.svg,244,98,0,4,2048,1,0,0.0,0.0,140.0,140.0,0,0,0,244,0,0,0
test,0131-0047.svg,720,569,0,5,2048,1,0,0.0,0.0,140.0,140.0,0,0,0,720,0,0,0
test,0131-0049.svg,488,348,0,6,2048,1,0,0.0,0.0,140.0,140.0,0,0,0,488,0,0,0
test,0131-0051.svg,995,946,0,1,2048,1,0,0.0,0.0,140.0,140.0,0,0,0,995,0,0,0
test,0131-0090.svg,1469,1321,0,2,2048,1,0,0.0,0.0,140.0,140.0,2,0,0,1467,0,0,0
test,0131-0091.svg,1598,1528,0,2,2048,1,0,0.0,0.0,140.0,140.0,0,0,0,1598,0,0,0
test,0131-0101.svg,1418,1009,0,3,2048,1,0,0.0,0.0,140.0,140.0,6,0,0,1412,0,0,0
test,0131-0127.svg,18,4,0,1,2048,1,0,0.0,0.0,140.0,140.0,1,0,0,17,0,0,0
test,0131-0170.svg,60,37,0,2,2048,1,0,0.0,0.0,140.0,140.0,1,0,0,59,0,0,0
test,0131-0186.svg,1290,1219,0,2,2048,1,0,0.0,0.0,140.0,140.0,0,0,0,1290,0,0,0
test,0131-0202.svg,1085,805,0,4,2048,1,0,0.0,0.0,140.0,140.0,3,0,0,1082,0,0,0
test,0131-0204.svg,862,652,0,3,2048,1,0,0.0,0.0,140.0,140.0,3,0,0,859,0,0,0
test,0131-0213.svg,1385,1307,0,2,2048,1,0,0.0,0.0,140.0,140.0,0,0,0,1385,0,0,0
test,0131-0216.svg,908,509,0,6,2048,1,0,0.0,0.0,140.0,140.0,1,0,0,907,0,0,0
test,0131-0227.svg,686,586,0,1,2048,1,0,0.0,0.0,140.0,140.0,0,0,0,686,0,0,0
test,0131-0242.svg,1671,1625,0,1,2048,1,0,0.0,0.0,140.0,140.0,1,0,0,1670,0,0,0
test,0131-0243.svg,1470,1428,0,2,2048,1,0,0.0,0.0,140.0,140.0,1,0,0,1469,0,0,0
test,0131-0244.svg,1146,1087,0,2,2048,1,0,0.0,0.0,140.0,140.0,0,0,0,1146,0,0,0
test,0131-0256.svg,1657,1634,0,2,2048,1,0,0.0,0.0,140.0,140.0,0,0,0,1657,0,0,0
test,0131-0257.svg,1504,1479,0,3,2048,1,0,0.0,0.0,140.0,140.0,0,0,0,1504,0,0,0
test,0131-0259.svg,1367,1297,0,1,2048,1,0,0.0,0.0,140.0,140.0,0,0,0,1367,0,0,0
test,0131-0260.svg,761,715,0,2,2048,1,0,0.0,0.0,140.0,140.0,2,0,0,759,0,0,0
test,0131-0296.svg,532,21,0,2,2048,1,0,0.0,0.0,140.0,140.0,3,0,0,529,0,0,0
test,0131-0297.svg,1069,874,0,3,2048,1,0,0.0,0.0,140.0,140.0,4,0,0,1065,0,0,0
test,0131-0327.svg,1529,1384,0,4,2048,1,0,0.0,0.0,140.0,140.0,1,0,0,1528,0,0,0
test,0131-0354.svg,6092,151,0,2,2048,3,0,0.0,0.0,140.0,140.0,1,0,0,6091,0,0,0
test,0131-0355.svg,430,335,0,5,2048,1,0,0.0,0.0,140.0,140.0,0,0,0,430,0,0,0
test,0131-0370.svg,1032,881,0,2,2048,1,0,0.0,0.0,140.0,140.0,0,0,0,1032,0,0,0
test,0131-0392.svg,185,153,0,2,2048,1,0,0.0,0.0,140.0,140.0,1,0,0,184,0,0,0
test,0131-0408.svg,655,603,0,2,2048,1,0,0.0,0.0,140.0,140.0,0,0,0,655,0,0,0
test,0132-0008.svg,1587,1226,0,11,2048,1,0,0.0,0.0,140.0,140.0,37,2,0,1548,0,0,0
test,0132-0011.svg,1853,1527,0,10,2048,1,0,0.0,0.0,140.0,140.0,12,0,0,1841,0,0,0
test,0132-0014.svg,1466,1036,0,8,2048,1,0,0.0,0.0,140.0,140.0,8,0,0,1458,0,0,0
test,0132-0018.svg,1803,1472,0,7,2048,1,0,0.0,0.0,140.0,140.0,8,0,0,1795,0,0,0
test,0132-0032.svg,652,350,0,7,2048,1,0,0.0,0.0,140.0,140.0,11,0,0,641,0,0,0
test,0133-0018.svg,1084,900,0,4,2048,1,0,0.0,0.0,140.0,140.0,0,0,0,1084,0,0,0
test,0133-0021.svg,2821,2624,0,6,2048,2,0,0.0,0.0,140.0,140.0,0,0,0,2821,0,0,0
test,0133-0037.svg,303,121,0,4,2048,1,0,0.0,0.0,140.0,140.0,0,0,0,303,0,0,0
test,0134-0040.svg,486,256,0,7,2048,1,0,0.0,0.0,140.0,140.0,4,0,0,482,0,0,0
test,0134-0095.svg,479,119,0,2,2048,1,0,0.0,0.0,140.0,140.0,5,0,0,474,0,0,0
test,0134-0113.svg,169,82,0,1,2048,1,0,0.0,0.0,140.0,140.0,1,0,0,168,0,0,0
test,0134-0115.svg,292,81,0,2,2048,1,0,0.0,0.0,140.0,140.0,9,0,0,283,0,0,0
test,0134-0129.svg,149,111,0,1,2048,1,0,0.0,0.0,140.0,140.0,2,0,0,147,0,0,0
test,0134-0136.svg,177,84,0,2,2048,1,0,0.0,0.0,140.0,140.0,2,0,0,175,0,0,0
test,0134-0147.svg,266,186,0,2,2048,1,0,0.0,0.0,140.0,140.0,0,0,0,266,0,0,0
test,0134-0151.svg,283,91,0,1,2048,1,0,0.0,0.0,140.0,140.0,6,0,0,277,0,0,0
test,0134-0158.svg,386,154,0,2,2048,1,0,0.0,0.0,140.0,140.0,6,0,0,380,0,0,0
test,0134-0160.svg,264,191,0,3,2048,1,0,0.0,0.0,140.0,140.0,0,0,0,264,0,0,0
test,0134-0165.svg,39,6,0,1,2048,1,0,0.0,0.0,140.0,140.0,1,0,0,38,0,0,0
test,0134-0166.svg,129,79,0,3,2048,1,0,0.0,0.0,140.0,140.0,0,0,0,129,0,0,0
test,0134-0169.svg,391,139,0,3,2048,1,0,0.0,0.0,140.0,140.0,6,0,0,385,0,0,0
test,0134-0176.svg,49,14,0,1,2048,1,0,0.0,0.0,140.0,140.0,0,0,0,49,0,0,0
test,0134-0180.svg,264,149,0,3,2048,1,0,0.0,0.0,140.0,140.0,0,0,0,264,0,0,0
test,0134-0188.svg,209,151,0,4,2048,1,0,0.0,0.0,140.0,140.0,0,0,0,209,0,0,0
test,0134-0191.svg,439,206,0,2,2048,1,0,0.0,0.0,140.0,140.0,7,0,0,432,0,0,0
test,0134-0193.svg,256,196,0,2,2048,1,0,0.0,0.0,140.0,140.0,4,0,0,252,0,0,0
test,0134-0195.svg,131,86,0,1,2048,1,0,0.0,0.0,140.0,140.0,0,0,0,131,0,0,0
test,0134-0209.svg,84,17,0,2,2048,1,0,0.0,0.0,140.0,140.0,0,0,0,84,0,0,0
test,0134-0210.svg,282,98,0,5,2048,1,0,0.0,0.0,140.0,140.0,6,0,0,276,0,0,0
test,0134-0212.svg,766,118,0,2,2048,1,0,0.0,0.0,140.0,140.0,6,0,0,760,0,0,0
test,0134-0222.svg,571,208,0,3,2048,1,0,0.0,0.0,140.0,140.0,9,0,0,562,0,0,0
test,0134-0223.svg,593,120,0,1,2048,1,0,0.0,0.0,140.0,140.0,4,0,0,589,0,0,0
test,0134-0234.svg,484,130,0,4,2048,1,0,0.0,0.0,140.0,140.0,8,0,0,476,0,0,0
test,0134-0237.svg,404,132,0,3,2048,1,0,0.0,0.0,140.0,140.0,6,0,0,398,0,0,0
test,0134-0243.svg,300,231,0,5,2048,1,0,0.0,0.0,140.0,140.0,0,0,0,300,0,0,0
test,0134-0271.svg,128,99,0,1,2048,1,0,0.0,0.0,140.0,140.0,0,0,0,128,0,0,0
test,0134-0289.svg,172,68,0,4,2048,1,0,0.0,0.0,140.0,140.0,0,0,0,172,0,0,0
test,0134-0299.svg,295,98,0,4,2048,1,0,0.0,0.0,140.0,140.0,6,0,0,289,0,0,0
test,0134-0302.svg,308,100,0,1,2048,1,0,0.0,0.0,140.0,140.0,6,0,0,302,0,0,0
test,0134-0309.svg,194,120,0,3,2048,1,0,0.0,0.0,140.0,140.0,0,0,0,194,0,0,0
test,0136-0003.svg,1045,693,0,7,2048,1,0,0.0,0.0,140.0,140.0,5,0,0,1040,0,0,0
test,0136-0006.svg,572,217,0,8,2048,1,0,0.0,0.0,140.0,140.0,7,0,0,565,0,0,0
test,0136-0012.svg,2070,1472,0,7,2048,2,0,0.0,0.0,140.0,140.0,2,0,0,2068,0,0,0
test,0136-0013.svg,1863,1310,0,7,2048,1,0,0.0,0.0,140.0,140.0,2,0,0,1861,0,0,0
test,0136-0014.svg,1731,1162,0,7,2048,1,0,0.0,0.0,140.0,140.0,3,0,0,1728,0,0,0
test,0136-0017.svg,505,148,0,4,2048,1,0,0.0,0.0,140.0,140.0,11,0,0,494,0,0,0
test,0136-0018.svg,573,281,0,3,2048,1,0,0.0,0.0,140.0,140.0,13,0,0,560,0,0,0
test,0136-0020.svg,834,320,0,8,2048,1,0,0.0,0.0,140.0,140.0,17,0,0,817,0,0,0
test,0136-0025.svg,721,245,0,5,2048,1,0,0.0,0.0,140.0,140.0,16,0,0,705,0,0,0
test,0136-0034.svg,734,296,0,5,2048,1,0,0.0,0.0,140.0,140.0,18,0,0,716,0,0,0
test,0136-0046.svg,1753,1168,0,12,2048,1,0,0.0,0.0,140.0,140.0,59,0,0,1694,0,0,0
test,0136-0047.svg,738,259,0,6,2048,1,0,0.0,0.0,140.0,140.0,20,0,0,718,0,0,0
test,0136-0070.svg,57,26,0,2,2048,1,0,0.0,0.0,140.0,140.0,1,0,0,56,0,0,0
test,0136-0079.svg,131,28,0,2,2048,1,0,0.0,0.0,140.0,140.0,0,0,0,131,0,0,0
test,0137-0001.svg,625,204,0,5,2048,1,0,0.0,0.0,140.0,140.0,20,0,0,605,0,0,0
test,0138-0003.svg,490,293,0,4,2048,1,0,0.0,0.0,140.0,140.0,9,0,0,481,0,0,0
test,0138-0006.svg,313,128,0,2,2048,1,0,0.0,0.0,140.0,140.0,8,0,0,305,0,0,0
test,0140-0006.svg,342,334,0,1,2048,1,0,0.0,0.0,140.0,140.0,1,0,0,341,0,0,0
test,0140-0017.svg,169,33,0,1,2048,1,0,0.0,0.0,140.0,140.0,1,0,0,168,0,0,0
test,0140-0021.svg,243,8,0,1,2048,1,0,0.0,0.0,140.0,140.0,3,0,0,240,0,0,0
test,0140-0024.svg,637,147,0,1,2048,1,0,0.0,0.0,140.0,140.0,2,0,0,635,0,0,0
test,0141-0010.svg,7187,1186,0,3,2048,4,0,0.0,0.0,140.0,140.0,18,0,0,7169,0,0,0
test,0141-0012.svg,3552,440,0,5,2048,2,0,0.0,0.0,140.0,140.0,4,2,0,3546,0,0,0
test,0142-0013.svg,3299,889,0,7,2048,2,0,0.0,0.0,140.0,140.0,20,0,0,3279,0,0,0
test,0142-0014.svg,1814,748,0,8,2048,1,0,0.0,0.0,140.0,140.0,2,0,0,1812,0,0,0
test,0142-0017.svg,832,434,0,5,2048,1,0,0.0,0.0,140.0,140.0,45,0,0,787,0,0,0
test,0142-0019.svg,1515,716,0,6,2048,1,0,0.0,0.0,140.0,140.0,14,0,0,1501,0,0,0
test,0142-0020.svg,761,646,0,3,2048,1,0,0.0,0.0,140.0,140.0,0,0,0,761,0,0,0
test,0143-0026.svg,500,138,0,5,2048,1,0,0.0,0.0,140.0,140.0,21,0,0,479,0,0,0
test,0143-0027.svg,1703,1200,0,7,2048,1,0,0.0,0.0,140.0,140.0,17,0,0,1686,0,0,0
test,0144-0000.svg,1106,238,0,7,2048,1,0,0.0,0.0,140.0,140.0,4,2,0,1100,0,0,0
test,0144-0004.svg,1275,130,0,4,2048,1,0,0.0,0.0,140.0,140.0,2,0,0,1273,0,0,0
test,0144-0021.svg,1875,155,0,4,2048,1,0,0.0,0.0,140.0,140.0,3,2,0,1870,0,0,0
test,0145-0006.svg,626,134,0,4,2048,1,0,0.0,0.0,140.0,140.0,29,0,0,597,0,0,0
test,0145-0017.svg,1032,561,0,11,2048,1,0,0.0,0.0,140.0,140.0,40,6,0,986,0,0,0
test,0147-0002.svg,475,59,0,2,2048,1,0,0.0,0.0,140.0,140.0,0,0,0,475,0,0,0
test,0147-0003.svg,843,521,0,11,2048,1,0,0.0,0.0,140.0,140.0,6,0,0,837,0,0,0
test,0147-0020.svg,770,77,0,2,2048,1,0,0.0,0.0,140.0,140.0,0,0,0,770,0,0,0
test,0151-0003.svg,732,200,0,4,2048,1,0,0.0,0.0,140.0,140.0,4,0,0,728,0,0,0
test,0152-0003.svg,1381,806,0,12,2048,1,0,0.0,0.0,140.0,140.0,28,25,0,1328,0,0,0
test,0153-0007.svg,963,383,0,8,2048,1,0,0.0,0.0,140.0,140.0,11,0,0,952,0,0,0
test,0154-0003.svg,690,346,0,9,2048,1,0,0.0,0.0,140.0,140.0,61,0,0,629,0,0,0
test,0155-0064.svg,1477,471,0,7,2048,1,0,0.0,0.0,140.0,140.0,6,0,0,1471,0,0,0
test,0155-0072.svg,388,354,0,1,2048,1,0,0.0,0.0,140.0,140.0,1,0,0,387,0,0,0
test,0155-0083.svg,651,212,0,3,2048,1,0,0.0,0.0,140.0,140.0,8,0,0,643,0,0,0
test,0155-0093.svg,382,354,0,1,2048,1,0,0.0,0.0,140.0,140.0,1,0,0,381,0,0,0
test,0156-0016.svg,663,59,0,3,2048,1,0,0.0,0.0,140.0,140.0,14,0,0,649,0,0,0
test,0156-0017.svg,1293,519,0,10,2048,1,0,0.0,0.0,140.0,140.0,23,6,0,1264,0,0,0
test,0156-0018.svg,384,87,0,5,2048,1,0,0.0,0.0,140.0,140.0,9,0,0,375,0,0,0
test,0156-0022.svg,895,378,0,9,2048,1,0,0.0,0.0,140.0,140.0,13,8,0,874,0,0,0
test,0157-0967.svg,5000,62,0,1,2048,3,0,0.0,0.0,140.0,140.0,0,0,0,5000,0,0,0
test,0157-1009.svg,6106,4,0,1,2048,3,0,0.0,0.0,140.0,140.0,0,0,0,6106,0,0,0
test,0157-1052.svg,6115,4,0,1,2048,3,0,0.0,0.0,140.0,140.0,0,0,0,6115,0,0,0
test,0158-0005.svg,1714,114,0,2,2048,1,0,0.0,0.0,140.0,140.0,7,0,0,1707,0,0,0
test,0159-0011.svg,514,232,0,6,2048,1,0,0.0,0.0,140.0,140.0,13,2,0,499,0,0,0
test,0159-0013.svg,297,218,0,4,2048,1,0,0.0,0.0,140.0,140.0,4,0,0,293,0,0,0
test,0160-0003.svg,1336,1011,0,11,2048,1,0,0.0,0.0,140.0,140.0,10,0,0,1326,0,0,0
test,0160-0017.svg,326,61,0,3,2048,1,0,0.0,0.0,140.0,140.0,2,0,0,324,0,0,0
test,0161-0004.svg,1606,808,0,13,2048,1,0,0.0,0.0,140.0,140.0,56,0,0,1550,0,0,0
test,0161-0007.svg,1485,692,0,12,2048,1,0,0.0,0.0,140.0,140.0,49,0,0,1436,0,0,0
test,0161-0019.svg,1569,766,0,12,2048,1,0,0.0,0.0,140.0,140.0,54,0,0,1515,0,0,0
test,0162-0007.svg,359,79,0,2,2048,1,0,0.0,0.0,140.0,140.0,3,0,0,356,0,0,0
test,0162-0008.svg,133,87,0,3,2048,1,0,0.0,0.0,140.0,140.0,4,0,0,129,0,0,0
test,0162-0010.svg,353,66,0,2,2048,1,0,0.0,0.0,140.0,140.0,1,0,0,352,0,0,0
test,0164-0012.svg,1128,573,0,10,2048,1,0,0.0,0.0,140.0,140.0,49,5,0,1074,0,0,0
test,0164-0016.svg,698,204,0,7,2048,1,0,0.0,0.0,140.0,140.0,26,0,0,672,0,0,0
test,0164-0018.svg,440,164,0,3,2048,1,0,0.0,0.0,140.0,140.0,4,0,0,436,0,0,0
test,0165-0023.svg,397,274,0,5,2048,1,0,0.0,0.0,140.0,140.0,6,0,0,391,0,0,0
test,0168-0010.svg,835,546,0,6,2048,1,0,0.0,0.0,140.0,140.0,6,0,0,829,0,0,0
test,0168-0011.svg,689,363,0,9,2048,1,0,0.0,0.0,140.0,140.0,2,0,0,687,0,0,0
test,0168-0020.svg,888,722,0,5,2048,1,0,0.0,0.0,140.0,140.0,2,0,0,886,0,0,0
test,0168-0021.svg,777,497,0,7,2048,1,0,0.0,0.0,140.0,140.0,6,0,0,771,0,0,0
test,0170-0000.svg,1052,527,0,11,2048,1,0,0.0,0.0,140.0,140.0,31,0,0,1021,0,0,0
test,0170-0004.svg,1088,545,0,12,2048,1,0,0.0,0.0,140.0,140.0,39,0,0,1049,0,0,0
test,0173-0004.svg,586,389,0,8,2048,1,0,0.0,0.0,140.0,140.0,5,0,0,581,0,0,0
test,0173-0014.svg,495,126,0,3,2048,1,0,0.0,0.0,140.0,140.0,2,0,0,493,0,0,0
test,0173-0017.svg,444,60,0,2,2048,1,0,0.0,0.0,140.0,140.0,2,0,0,442,0,0,0
test,0175-0017.svg,417,83,0,3,2048,1,0,0.0,0.0,140.0,140.0,2,0,0,415,0,0,0
test,0175-0027.svg,507,334,0,6,2048,1,0,0.0,0.0,140.0,140.0,15,0,0,492,0,0,0
test,0176-0067.svg,1455,536,0,6,2048,1,0,0.0,0.0,140.0,140.0,7,0,0,1448,0,0,0
test,0176-0089.svg,862,457,0,6,2048,1,0,0.0,0.0,140.0,140.0,2,0,0,860,0,0,0
test,0176-0100.svg,701,444,0,5,2048,1,0,0.0,0.0,140.0,140.0,5,0,0,696,0,0,0
test,0178-0006.svg,939,616,0,5,2048,1,0,0.0,0.0,140.0,140.0,17,0,0,922,0,0,0
test,0178-0009.svg,905,618,0,5,2048,1,0,0.0,0.0,140.0,140.0,17,0,0,888,0,0,0
test,0178-0012.svg,1156,806,0,5,2048,1,0,0.0,0.0,140.0,140.0,20,0,0,1136,0,0,0
test,0182-0015.svg,1232,66,0,1,2048,1,0,0.0,0.0,140.0,140.0,13,0,0,1219,0,0,0
test,0184-0001.svg,751,18,0,2,2048,1,0,0.0,0.0,140.0,140.0,2,0,0,749,0,0,0
test,0185-0012.svg,147,14,0,2,2048,1,0,0.0,0.0,140.0,140.0,5,0,0,142,0,0,0
test,0185-0017.svg,187,75,0,3,2048,1,0,0.0,0.0,140.0,140.0,0,0,0,187,0,0,0
test,0185-0021.svg,197,42,0,2,2048,1,0,0.0,0.0,140.0,140.0,1,0,0,196,0,0,0
test,0185-0022.svg,212,60,0,3,2048,1,0,0.0,0.0,140.0,140.0,1,0,0,211,0,0,0
test,0187-0002.svg,1069,602,0,13,2048,1,0,0.0,0.0,140.0,140.0,29,0,0,1040,0,0,0
test,0187-0008.svg,1301,714,0,13,2048,1,0,0.0,0.0,140.0,140.0,39,0,0,1262,0,0,0
test,0188-0002.svg,1497,712,0,11,2048,1,0,0.0,0.0,140.0,140.0,28,0,0,1469,0,0,0
test,0188-0006.svg,1481,945,0,13,2048,1,0,0.0,0.0,140.0,140.0,24,0,0,1457,0,0,0
test,0188-0012.svg,1903,1397,0,10,2048,1,0,0.0,0.0,140.0,140.0,8,7,0,1888,0,0,0
test,0188-0021.svg,1464,823,0,12,2048,1,0,0.0,0.0,140.0,140.0,24,1,0,1439,0,0,0
test,0188-0023.svg,2043,1249,0,10,2048,1,0,0.0,0.0,140.0,140.0,40,3,0,2000,0,0,0
test,0189-0020.svg,396,154,0,4,2048,1,0,0.0,0.0,140.0,140.0,7,0,0,389,0,0,0
test,0191-0004.svg,760,347,0,7,2048,1,0,0.0,0.0,140.0,140.0,3,0,0,757,0,0,0
test,0191-0008.svg,1836,969,0,9,2048,1,0,0.0,0.0,140.0,140.0,50,0,0,1786,0,0,0
test,0193-0003.svg,4181,3374,0,13,2048,3,0,0.0,0.0,140.0,140.0,106,0,0,4075,0,0,0
test,0193-0007.svg,2978,2409,0,14,2048,2,0,0.0,0.0,140.0,140.0,73,0,0,2905,0,0,0
test,0195-0012.svg,2471,1718,0,14,2048,2,0,0.0,0.0,140.0,140.0,25,3,0,2443,0,0,0
test,0195-0018.svg,2582,200,0,4,2048,2,0,0.0,0.0,140.0,140.0,13,0,0,2569,0,0,0
test,0195-0027.svg,2152,1289,0,9,2048,2,0,0.0,0.0,140.0,140.0,20,3,0,2129,0,0,0
test,0196-0007.svg,1322,657,0,13,2048,1,0,0.0,0.0,140.0,140.0,33,0,0,1289,0,0,0
test,0197-0000.svg,1170,541,0,11,2048,1,0,0.0,0.0,140.0,140.0,33,0,0,1137,0,0,0
test,0200-0004.svg,352,108,0,2,2048,1,0,0.0,0.0,140.0,140.0,4,0,0,348,0,0,0
test,0201-0010.svg,610,48,0,1,2048,1,0,0.0,0.0,140.0,140.0,2,0,0,608,0,0,0
test,0202-0005.svg,473,250,0,4,2048,1,0,0.0,0.0,140.0,140.0,21,0,0,452,0,0,0
test,0202-0007.svg,514,241,0,4,2048,1,0,0.0,0.0,140.0,140.0,22,0,0,492,0,0,0
test,0203-0067.svg,410,354,0,1,2048,1,0,0.0,0.0,140.0,140.0,3,0,0,407,0,0,0
test,0203-0075.svg,433,188,0,6,2048,1,0,0.0,0.0,140.0,140.0,2,0,0,431,0,0,0
test,0203-0081.svg,725,159,0,2,2048,1,0,0.0,0.0,140.0,140.0,1,0,0,724,0,0,0
test,0203-0082.svg,445,184,0,5,2048,1,0,0.0,0.0,140.0,140.0,4,0,0,441,0,0,0
test,0204-0010.svg,162,71,0,4,2048,1,0,0.0,0.0,140.0,140.0,1,0,0,161,0,0,0
test,0204-0019.svg,170,78,0,4,2048,1,0,0.0,0.0,140.0,140.0,6,0,0,164,0,0,0
test,0205-0005.svg,461,197,0,4,2048,1,0,0.0,0.0,140.0,140.0,10,0,0,451,0,0,0
test,0205-0008.svg,1197,731,0,11,2048,1,0,0.0,0.0,140.0,140.0,35,0,0,1162,0,0,0
test,0205-0019.svg,276,30,0,1,2048,1,0,0.0,0.0,140.0,140.0,3,0,0,273,0,0,0
test,0206-0005.svg,2299,1565,0,11,2048,2,0,0.0,0.0,140.0,140.0,61,0,0,2238,0,0,0
test,0207-0009.svg,2781,475,0,2,2048,2,0,0.0,0.0,140.0,140.0,52,0,0,2729,0,0,0
test,0207-0010.svg,2680,11,0,1,2048,2,0,0.0,0.0,140.0,140.0,50,0,0,2630,0,0,0
test,0207-0023.svg,592,214,0,7,2048,1,0,0.0,0.0,140.0,140.0,1,0,0,591,0,0,0
test,0209-0004.svg,1401,1048,0,15,2048,1,0,0.0,0.0,140.0,140.0,30,0,0,1371,0,0,0
test,0212-0007.svg,1486,1061,0,14,2048,1,0,0.0,0.0,140.0,140.0,31,3,0,1452,0,0,0
test,0213-0004.svg,2217,1502,0,15,2048,2,0,0.0,0.0,140.0,140.0,57,0,0,2160,0,0,0
test,0214-0022.svg,1794,1025,0,14,2048,1,0,0.0,0.0,140.0,140.0,31,0,0,1763,0,0,0
test,0215-0019.svg,910,138,0,4,2048,1,0,0.0,0.0,140.0,140.0,7,0,0,903,0,0,0
test,0215-0035.svg,865,104,0,4,2048,1,0,0.0,0.0,140.0,140.0,11,0,0,854,0,0,0
test,0215-0037.svg,1306,389,0,7,2048,1,0,0.0,0.0,140.0,140.0,14,0,0,1292,0,0,0
test,0217-0001.svg,489,186,0,8,2048,1,0,0.0,0.0,140.0,140.0,6,0,0,483,0,0,0
test,0217-0009.svg,584,134,0,4,2048,1,0,0.0,0.0,140.0,140.0,8,0,0,576,0,0,0
test,0217-0021.svg,585,144,0,4,2048,1,0,0.0,0.0,140.0,140.0,7,0,0,578,0,0,0
test,0217-0025.svg,585,239,0,8,2048,1,0,0.0,0.0,140.0,140.0,4,0,0,581,0,0,0
test,0218-0011.svg,805,12,0,1,2048,1,0,0.0,0.0,140.0,140.0,7,0,0,798,0,0,0
test,0218-0016.svg,5850,1123,0,10,2048,3,0,0.0,0.0,140.0,140.0,33,17,0,5800,0,0,0
test,0218-0019.svg,5461,1701,0,13,2048,3,0,0.0,0.0,140.0,140.0,35,18,0,5408,0,0,0
test,0218-0037.svg,2189,617,0,14,2048,2,0,0.0,0.0,140.0,140.0,14,6,0,2169,0,0,0
test,0218-0038.svg,4614,1710,0,12,2048,3,0,0.0,0.0,140.0,140.0,32,12,0,4570,0,0,0
test,0218-0043.svg,1552,221,0,6,2048,1,0,0.0,0.0,140.0,140.0,7,1,0,1544,0,0,0
test,0218-0045.svg,2378,785,0,6,2048,2,0,0.0,0.0,140.0,140.0,14,2,0,2362,0,0,0
test,0220-0000.svg,1119,454,0,10,2048,1,0,0.0,0.0,140.0,140.0,28,0,0,1091,0,0,0
test,0221-0005.svg,433,173,0,6,2048,1,0,0.0,0.0,140.0,140.0,8,0,0,425,0,0,0
test,0221-0009.svg,653,321,0,6,2048,1,0,0.0,0.0,140.0,140.0,2,0,0,651,0,0,0
test,0221-0012.svg,408,92,0,6,2048,1,0,0.0,0.0,140.0,140.0,10,0,0,398,0,0,0
test,0222-0002.svg,343,131,0,2,2048,1,0,0.0,0.0,140.0,140.0,4,0,0,339,0,0,0
test,0222-0004.svg,310,86,0,2,2048,1,0,0.0,0.0,140.0,140.0,3,0,0,307,0,0,0
test,0222-0006.svg,339,108,0,2,2048,1,0,0.0,0.0,140.0,140.0,2,0,0,337,0,0,0
test,0222-0012.svg,261,63,0,2,2048,1,0,0.0,0.0,140.0,140.0,2,0,0,259,0,0,0
test,0223-0002.svg,633,444,0,9,2048,1,0,0.0,0.0,140.0,140.0,22,0,0,611,0,0,0
test,0224-0007.svg,1359,109,0,2,2048,1,0,0.0,0.0,140.0,140.0,16,0,0,1343,0,0,0
test,0226-0004.svg,2421,1532,0,12,2048,2,0,0.0,0.0,140.0,140.0,25,4,0,2392,0,0,0
test,0226-0006.svg,1742,1080,0,12,2048,1,0,0.0,0.0,140.0,140.0,6,3,0,1733,0,0,0
test,0228-0002.svg,628,442,0,9,2048,1,0,0.0,0.0,140.0,140.0,22,0,0,606,0,0,0
test,0228-0016.svg,681,325,0,9,2048,1,0,0.0,0.0,140.0,140.0,39,0,0,642,0,0,0
test,0228-0017.svg,2332,1699,0,14,2048,2,0,0.0,0.0,140.0,140.0,70,0,0,2262,0,0,0
test,0228-0027.svg,1501,1049,0,13,2048,1,0,0.0,0.0,140.0,140.0,49,0,0,1452,0,0,0
test,0229-0028.svg,890,587,0,9,2048,1,0,0.0,0.0,140.0,140.0,18,0,0,872,0,0,0
test,0229-0029.svg,843,524,0,5,2048,1,0,0.0,0.0,140.0,140.0,14,0,0,829,0,0,0
test,0229-0032.svg,1247,243,0,5,2048,1,0,0.0,0.0,140.0,140.0,2,0,0,1245,0,0,0
test,0229-0037.svg,1816,1380,0,9,2048,1,0,0.0,0.0,140.0,140.0,68,0,0,1748,0,0,0
test,0229-0038.svg,1053,464,0,6,2048,1,0,0.0,0.0,140.0,140.0,48,0,0,1005,0,0,0
test,0229-0040.svg,281,16,0,1,2048,1,0,0.0,0.0,140.0,140.0,0,0,0,281,0,0,0
test,0229-0044.svg,543,55,0,2,2048,1,0,0.0,0.0,140.0,140.0,4,0,0,539,0,0,0
test,0229-0051.svg,1211,852,0,8,2048,1,0,0.0,0.0,140.0,140.0,18,0,0,1193,0,0,0
test,0229-0052.svg,1165,574,0,6,2048,1,0,0.0,0.0,140.0,140.0,2,0,0,1163,0,0,0
test,0229-0078.svg,221,77,0,1,2048,1,0,0.0,0.0,140.0,140.0,0,0,0,221,0,0,0
test,0231-0018.svg,203,102,0,3,2048,1,0,0.0,0.0,140.0,140.0,1,0,0,202,0,0,0
test,0231-0022.svg,49,7,0,1,2048,1,0,0.0,0.0,140.0,140.0,0,0,0,49,0,0,0
test,0231-0031.svg,224,78,0,5,2048,1,0,0.0,0.0,140.0,140.0,3,0,0,221,0,0,0
test,0232-0002.svg,2549,798,0,9,2048,2,0,0.0,0.0,140.0,140.0,34,0,0,2515,0,0,0
test,0232-0011.svg,3362,1338,0,14,2048,2,0,0.0,0.0,140.0,140.0,32,3,0,3327,0,0,0
test,0232-0028.svg,2381,1221,0,11,2048,2,0,0.0,0.0,140.0,140.0,45,1,0,2335,0,0,0
test,0234-0005.svg,634,317,0,1,2048,1,0,0.0,0.0,140.0,140.0,2,0,0,632,0,0,0
test,0235-0011.svg,945,416,0,7,2048,1,0,0.0,0.0,140.0,140.0,15,0,0,930,0,0,0
test,0236-0008.svg,743,591,0,1,2048,1,0,0.0,0.0,140.0,140.0,1,0,0,742,0,0,0
test,0237-0020.svg,342,83,0,4,2048,1,0,0.0,0.0,140.0,140.0,5,0,0,337,0,0,0
test,0238-0012.svg,1048,929,0,3,2048,1,0,0.0,0.0,140.0,140.0,5,0,0,1043,0,0,0
test,0238-0015.svg,945,692,0,3,2048,1,0,0.0,0.0,140.0,140.0,0,0,0,945,0,0,0
test,0238-0016.svg,1044,478,0,7,2048,1,0,0.0,0.0,140.0,140.0,3,0,0,1041,0,0,0
test,0239-0018.svg,342,150,0,2,2048,1,0,0.0,0.0,140.0,140.0,3,0,0,339,0,0,0
test,0239-0027.svg,266,181,0,1,2048,1,0,0.0,0.0,140.0,140.0,0,0,0,266,0,0,0
test,0239-0037.svg,445,227,0,5,2048,1,0,0.0,0.0,140.0,140.0,2,0,0,443,0,0,0
test,0239-0040.svg,422,313,0,1,2048,1,0,0.0,0.0,140.0,140.0,0,0,0,422,0,0,0
test,0239-0048.svg,289,127,0,1,2048,1,0,0.0,0.0,140.0,140.0,2,0,0,287,0,0,0
test,0239-0059.svg,305,169,0,3,2048,1,0,0.0,0.0,140.0,140.0,0,0,0,305,0,0,0
test,0239-0060.svg,337,196,0,5,2048,1,0,0.0,0.0,140.0,140.0,0,0,0,337,0,0,0
test,0239-0062.svg,415,275,0,2,2048,1,0,0.0,0.0,140.0,140.0,0,0,0,415,0,0,0
test,0239-0081.svg,359,213,0,4,2048,1,0,0.0,0.0,140.0,140.0,0,0,0,359,0,0,0
test,0239-0090.svg,192,114,0,4,2048,1,0,0.0,0.0,140.0,140.0,2,0,0,190,0,0,0
test,0239-0092.svg,337,135,0,2,2048,1,0,0.0,0.0,140.0,140.0,0,0,0,337,0,0,0
test,0239-0116.svg,220,165,0,1,2048,1,0,0.0,0.0,140.0,140.0,0,0,0,220,0,0,0
test,0239-0124.svg,96,42,0,3,2048,1,0,0.0,0.0,140.0,140.0,0,0,0,96,0,0,0
test,0240-0467.svg,453,394,0,3,2048,1,0,0.0,0.0,140.0,140.0,3,0,0,450,0,0,0
test,0242-0016.svg,786,247,0,6,2048,1,0,0.0,0.0,140.0,140.0,23,0,0,763,0,0,0
test,0243-0015.svg,1402,881,0,13,2048,1,0,0.0,0.0,140.0,140.0,40,0,0,1362,0,0,0
test,0243-0025.svg,1385,869,0,12,2048,1,0,0.0,0.0,140.0,140.0,38,0,0,1347,0,0,0
test,0245-0002.svg,448,215,0,5,2048,1,0,0.0,0.0,140.0,140.0,9,0,0,439,0,0,0
test,0246-0008.svg,555,54,0,3,2048,1,0,0.0,0.0,140.0,140.0,14,0,0,541,0,0,0
test,0246-0016.svg,1144,765,0,5,2048,1,0,0.0,0.0,140.0,140.0,11,0,0,1133,0,0,0
test,0246-0017.svg,979,560,0,5,2048,1,0,0.0,0.0,140.0,140.0,1,0,0,978,0,0,0
test,0247-0010.svg,275,47,0,3,2048,1,0,0.0,0.0,140.0,140.0,1,0,0,274,0,0,0
test,0247-0023.svg,243,103,0,3,2048,1,0,0.0,0.0,140.0,140.0,0,0,0,243,0,0,0
test,0247-0031.svg,570,416,0,5,2048,1,0,0.0,0.0,140.0,140.0,11,0,0,559,0,0,0
test,0247-0032.svg,324,199,0,5,2048,1,0,0.0,0.0,140.0,140.0,0,0,0,324,0,0,0
test,0247-0033.svg,632,444,0,8,2048,1,0,0.0,0.0,140.0,140.0,4,0,0,628,0,0,0
test,0247-0034.svg,614,468,0,4,2048,1,0,0.0,0.0,140.0,140.0,8,0,0,606,0,0,0
test,0247-0039.svg,249,155,0,4,2048,1,0,0.0,0.0,140.0,140.0,0,0,0,249,0,0,0
test,0247-0040.svg,93,21,0,2,2048,1,0,0.0,0.0,140.0,140.0,0,0,0,93,0,0,0
test,0250-0010.svg,610,45,0,1,2048,1,0,0.0,0.0,140.0,140.0,2,0,0,608,0,0,0
test,0253-0011.svg,1471,990,0,14,2048,1,0,0.0,0.0,140.0,140.0,26,0,0,1445,0,0,0
test,0253-0016.svg,1645,1106,0,13,2048,1,0,0.0,0.0,140.0,140.0,50,0,0,1595,0,0,0
test,0253-0028.svg,545,135,0,3,2048,1,0,0.0,0.0,140.0,140.0,20,0,0,525,0,0,0
test,0255-0010.svg,1724,110,0,4,2048,1,0,0.0,0.0,140.0,140.0,7,0,0,1717,0,0,0
test,0255-0026.svg,1853,139,0,3,2048,1,0,0.0,0.0,140.0,140.0,15,0,0,1838,0,0,0
test,0257-0453.svg,98,24,0,1,2048,1,0,0.0,0.0,140.0,140.0,4,0,0,94,0,0,0
test,0257-0622.svg,89,10,0,1,2048,1,0,0.0,0.0,140.0,140.0,1,0,0,88,0,0,0
test,0257-0641.svg,193,41,0,2,2048,1,0,0.0,0.0,140.0,140.0,7,0,0,186,0,0,0
test,0257-0710.svg,343,127,0,4,2048,1,0,0.0,0.0,140.0,140.0,7,0,0,336,0,0,0
test,0257-0728.svg,174,41,0,2,2048,1,0,0.0,0.0,140.0,140.0,1,0,0,173,0,0,0
test,0259-0003.svg,429,150,0,6,2048,1,0,0.0,0.0,140.0,140.0,18,0,0,411,0,0,0
test,0262-0002.svg,2448,577,0,10,2048,2,0,0.0,0.0,140.0,140.0,18,4,0,2426,0,0,0
test,0263-0004.svg,2046,1378,0,15,2048,1,0,0.0,0.0,140.0,140.0,54,0,0,1992,0,0,0
test,0263-0005.svg,1140,522,0,8,2048,1,0,0.0,0.0,140.0,140.0,26,0,0,1114,0,0,0
test,0263-0007.svg,2004,1492,0,16,2048,1,0,0.0,0.0,140.0,140.0,68,0,0,1936,0,0,0
test,0264-0004.svg,1863,266,0,5,2048,1,0,0.0,0.0,140.0,140.0,11,0,0,1852,0,0,0
test,0264-0016.svg,1279,431,0,6,2048,1,0,0.0,0.0,140.0,140.0,16,0,0,1263,0,0,0
test,0264-0019.svg,2460,96,0,1,2048,2,0,0.0,0.0,140.0,140.0,4,0,0,2456,0,0,0
test,0267-0016.svg,7563,1490,0,4,2048,4,0,0.0,0.0,140.0,140.0,0,0,0,7563,0,0,0
test,0267-0040.svg,3030,359,0,6,2048,2,0,0.0,0.0,140.0,140.0,2,0,0,3028,0,0,0
test,0267-0050.svg,3466,573,0,6,2048,2,0,0.0,0.0,140.0,140.0,22,0,0,3444,0,0,0
test,0267-0057.svg,2503,1555,0,11,2048,2,0,0.0,0.0,140.0,140.0,7,0,0,2496,0,0,0
test,0267-0071.svg,1822,1265,0,7,2048,1,0,0.0,0.0,140.0,140.0,9,0,0,1813,0,0,0
test,0267-0078.svg,1226,74,0,5,2048,1,0,0.0,0.0,140.0,140.0,20,0,0,1206,0,0,0
test,0267-0080.svg,678,178,0,4,2048,1,0,0.0,0.0,140.0,140.0,6,0,0,672,0,0,0
test,0268-0002.svg,2045,1357,0,13,2048,1,0,0.0,0.0,140.0,140.0,56,0,0,1989,0,0,0
test,0269-0023.svg,239,112,0,2,2048,1,0,0.0,0.0,140.0,140.0,11,0,0,228,0,0,0
test,0269-0041.svg,2810,2523,0,6,2048,2,0,0.0,0.0,140.0,140.0,40,0,0,2770,0,0,0
test,0269-0043.svg,493,257,0,7,2048,1,0,0.0,0.0,140.0,140.0,23,0,0,470,0,0,0
test,0269-0057.svg,424,184,0,6,2048,1,0,0.0,0.0,140.0,140.0,15,0,0,409,0,0,0
test,0269-0063.svg,326,118,0,6,2048,1,0,0.0,0.0,140.0,140.0,15,0,0,311,0,0,0
test,0269-0076.svg,388,123,0,5,2048,1,0,0.0,0.0,140.0,140.0,13,0,0,375,0,0,0
test,0269-0096.svg,439,208,0,6,2048,1,0,0.0,0.0,140.0,140.0,18,0,0,421,0,0,0
test,0269-0109.svg,83,11,0,2,2048,1,0,0.0,0.0,140.0,140.0,3,0,0,80,0,0,0
test,0269-0110.svg,225,89,0,6,2048,1,0,0.0,0.0,140.0,140.0,14,0,0,211,0,0,0
test,0269-0116.svg,393,184,0,5,2048,1,0,0.0,0.0,140.0,140.0,13,0,0,380,0,0,0
test,0269-0122.svg,371,136,0,5,2048,1,0,0.0,0.0,140.0,140.0,16,0,0,355,0,0,0
test,0269-0126.svg,410,194,0,8,2048,1,0,0.0,0.0,140.0,140.0,28,0,0,382,0,0,0
test,0269-0131.svg,550,286,0,8,2048,1,0,0.0,0.0,140.0,140.0,28,0,0,522,0,0,0
test,0269-0134.svg,219,96,0,4,2048,1,0,0.0,0.0,140.0,140.0,15,0,0,204,0,0,0
test,0269-0143.svg,262,53,0,4,2048,1,0,0.0,0.0,140.0,140.0,8,0,0,254,0,0,0
test,0269-0146.svg,614,319,0,9,2048,1,0,0.0,0.0,140.0,140.0,20,0,0,594,0,0,0
test,0269-0148.svg,669,399,0,9,2048,1,0,0.0,0.0,140.0,140.0,29,2,0,638,0,0,0
test,0269-0171.svg,601,266,0,7,2048,1,0,0.0,0.0,140.0,140.0,27,1,0,573,0,0,0
test,0269-0176.svg,232,60,0,5,2048,1,0,0.0,0.0,140.0,140.0,10,0,0,222,0,0,0
test,0269-0177.svg,533,338,0,9,2048,1,0,0.0,0.0,140.0,140.0,17,2,0,514,0,0,0
test,0269-0192.svg,212,55,0,4,2048,1,0,0.0,0.0,140.0,140.0,11,0,0,201,0,0,0
test,0270-0008.svg,1568,1062,0,14,2048,1,0,0.0,0.0,140.0,140.0,48,0,0,1520,0,0,0
test,0270-0010.svg,1724,1268,0,14,2048,1,0,0.0,0.0,140.0,140.0,47,0,0,1677,0,0,0
test,0271-0006.svg,279,153,0,5,2048,1,0,0.0,0.0,140.0,140.0,0,0,0,279,0,0,0
test,0271-0020.svg,1012,65,0,2,2048,1,0,0.0,0.0,140.0,140.0,0,0,0,1012,0,0,0
test,0271-0029.svg,754,233,0,5,2048,1,0,0.0,0.0,140.0,140.0,7,0,0,747,0,0,0
test,0272-0011.svg,736,470,0,9,2048,1,0,0.0,0.0,140.0,140.0,0,10,0,726,0,0,0
test,0273-0010.svg,306,5,0,1,2048,1,0,0.0,0.0,140.0,140.0,16,0,0,290,0,0,0
test,0273-0017.svg,256,66,0,3,2048,1,0,0.0,0.0,140.0,140.0,8,0,0,248,0,0,0
test,0273-0018.svg,270,76,0,3,2048,1,0,0.0,0.0,140.0,140.0,8,0,0,262,0,0,0
test,0273-0029.svg,321,22,0,1,2048,1,0,0.0,0.0,140.0,140.0,10,0,0,311,0,0,0
test,0273-0030.svg,533,53,0,2,2048,1,0,0.0,0.0,140.0,140.0,11,0,0,522,0,0,0
test,0273-0032.svg,507,92,0,3,2048,1,0,0.0,0.0,140.0,140.0,13,0,0,494,0,0,0
test,0273-0043.svg,198,10,0,1,2048,1,0,0.0,0.0,140.0,140.0,5,0,0,193,0,0,0
test,0273-0063.svg,418,33,0,1,2048,1,0,0.0,0.0,140.0,140.0,2,0,0,416,0,0,0
test,0274-0011.svg,613,107,0,4,2048,1,0,0.0,0.0,140.0,140.0,26,0,0,587,0,0,0
test,0274-0016.svg,581,254,0,4,2048,1,0,0.0,0.0,140.0,140.0,24,0,0,557,0,0,0
test,0274-0021.svg,448,78,0,4,2048,1,0,0.0,0.0,140.0,140.0,17,0,0,431,0,0,0
test,0274-0022.svg,844,336,0,11,2048,1,0,0.0,0.0,140.0,140.0,25,7,0,812,0,0,0
test,0275-0018.svg,292,105,0,4,2048,1,0,0.0,0.0,140.0,140.0,6,1,0,285,0,0,0
test,0276-0004.svg,1773,1004,0,12,2048,1,0,0.0,0.0,140.0,140.0,47,0,0,1726,0,0,0
test,0280-0002.svg,341,105,0,4,2048,1,0,0.0,0.0,140.0,140.0,1,0,0,340,0,0,0
test,0280-0003.svg,1328,989,0,11,2048,1,0,0.0,0.0,140.0,140.0,11,0,0,1317,0,0,0
test,0280-0011.svg,310,85,0,3,2048,1,0,0.0,0.0,140.0,140.0,2,0,0,308,0,0,0
test,0280-0023.svg,268,84,0,3,2048,1,0,0.0,0.0,140.0,140.0,1,0,0,267,0,0,0
test,0281-0006.svg,512,200,0,5,2048,1,0,0.0,0.0,140.0,140.0,10,0,0,502,0,0,0
test,0281-0016.svg,650,237,0,4,2048,1,0,0.0,0.0,140.0,140.0,16,0,0,634,0,0,0
test,0281-0022.svg,972,522,0,9,2048,1,0,0.0,0.0,140.0,140.0,36,0,0,936,0,0,0
test,0281-0027.svg,1715,1238,0,8,2048,1,0,0.0,0.0,140.0,140.0,23,0,0,1692,0,0,0
test,0282-0005.svg,4395,6,0,1,2048,3,0,0.0,0.0,140.0,140.0,26,0,0,4369,0,0,0
test,0283-0017.svg,975,462,0,9,2048,1,0,0.0,0.0,140.0,140.0,22,7,0,946,0,0,0
test,0283-0023.svg,392,147,0,5,2048,1,0,0.0,0.0,140.0,140.0,7,3,0,382,0,0,0
test,0285-0002.svg,509,220,0,8,2048,1,0,0.0,0.0,140.0,140.0,14,0,0,495,0,0,0
test,0288-0007.svg,658,481,0,4,2048,1,0,0.0,0.0,140.0,140.0,2,0,0,656,0,0,0
test,0290-0006.svg,1514,774,0,13,2048,1,0,0.0,0.0,140.0,140.0,42,0,0,1472,0,0,0
test,0290-0019.svg,1837,1437,0,11,2048,1,0,0.0,0.0,140.0,140.0,59,0,0,1778,0,0,0
test,0290-0021.svg,1425,795,0,12,2048,1,0,0.0,0.0,140.0,140.0,41,0,0,1384,0,0,0
test,0291-0057.svg,446,406,0,1,2048,1,0,0.0,0.0,140.0,140.0,3,0,0,443,0,0,0
test,0291-0067.svg,1274,383,0,5,2048,1,0,0.0,0.0,140.0,140.0,6,0,0,1268,0,0,0
test,0291-0079.svg,1246,574,0,8,2048,1,0,0.0,0.0,140.0,140.0,3,0,0,1243,0,0,0
test,0291-0090.svg,1025,499,0,8,2048,1,0,0.0,0.0,140.0,140.0,10,0,0,1015,0,0,0
test,0295-8281.svg,3509,2043,0,10,2048,2,0,0.0,0.0,140.0,140.0,16,0,0,3493,0,0,0
test,0296-0017.svg,978,652,0,6,2048,1,0,0.0,0.0,140.0,140.0,0,0,0,978,0,0,0
test,0297-2038.svg,3322,15,0,1,2048,2,0,0.0,0.0,140.0,140.0,1,0,0,3321,0,0,0
test,0297-2039.svg,3391,15,0,1,2048,2,0,0.0,0.0,140.0,140.0,2,0,0,3389,0,0,0
test,0297-2078.svg,3563,9,0,1,2048,2,0,0.0,0.0,140.0,140.0,0,0,0,3563,0,0,0
test,0297-2092.svg,2276,84,0,4,2048,2,0,0.0,0.0,140.0,140.0,3,0,0,2273,0,0,0
test,0297-2135.svg,3026,136,0,2,2048,2,0,0.0,0.0,140.0,140.0,5,0,0,3021,0,0,0
test,0297-2168.svg,4465,12,0,1,2048,3,0,0.0,0.0,140.0,140.0,1,0,0,4464,0,0,0
test,0297-2175.svg,520,147,0,2,2048,1,0,0.0,0.0,140.0,140.0,0,0,0,520,0,0,0
test,0297-2178.svg,3416,29,0,2,2048,2,0,0.0,0.0,140.0,140.0,4,0,0,3412,0,0,0
test,0297-2179.svg,80,6,0,1,2048,1,0,0.0,0.0,140.0,140.0,2,0,0,78,0,0,0
test,0297-2265.svg,142,52,0,2,2048,1,0,0.0,0.0,140.0,140.0,1,0,0,141,0,0,0
test,0297-2294.svg,4248,18,0,1,2048,3,0,0.0,0.0,140.0,140.0,0,0,0,4248,0,0,0
test,0297-2295.svg,515,141,0,3,2048,1,0,0.0,0.0,140.0,140.0,0,0,0,515,0,0,0
test,0297-2339.svg,1958,94,0,2,2048,1,0,0.0,0.0,140.0,140.0,1,0,0,1957,0,0,0
test,0297-2340.svg,5101,12,0,1,2048,3,0,0.0,0.0,140.0,140.0,0,0,0,5101,0,0,0
test,0297-2343.svg,5039,21,0,2,2048,3,0,0.0,0.0,140.0,140.0,0,0,0,5039,0,0,0
test,0297-2349.svg,3333,41,0,1,2048,2,0,0.0,0.0,140.0,140.0,0,0,0,3333,0,0,0
test,0297-2390.svg,3356,33,0,1,2048,2,0,0.0,0.0,140.0,140.0,0,0,0,3356,0,0,0
test,0298-0007.svg,635,206,0,9,2048,1,0,0.0,0.0,140.0,140.0,18,0,0,617,0,0,0
test,0298-0011.svg,1580,993,0,11,2048,1,0,0.0,0.0,140.0,140.0,45,0,0,1535,0,0,0
test,0298-0032.svg,341,111,0,4,2048,1,0,0.0,0.0,140.0,140.0,6,0,0,335,0,0,0
test,0299-0031.svg,94,23,0,1,2048,1,0,0.0,0.0,140.0,140.0,2,0,0,92,0,0,0
test,0300-0013.svg,1260,740,0,11,2048,1,0,0.0,0.0,140.0,140.0,50,0,0,1210,0,0,0
test,0300-0015.svg,679,469,0,6,2048,1,0,0.0,0.0,140.0,140.0,11,0,0,668,0,0,0
test,0300-0017.svg,1724,930,0,9,2048,1,0,0.0,0.0,140.0,140.0,88,0,0,1636,0,0,0
test,0300-0022.svg,903,356,0,7,2048,1,0,0.0,0.0,140.0,140.0,33,0,0,870,0,0,0
test,0300-0027.svg,1283,686,0,9,2048,1,0,0.0,0.0,140.0,140.0,55,0,0,1228,0,0,0
test,0300-0032.svg,1035,550,0,6,2048,1,0,0.0,0.0,140.0,140.0,11,0,0,1024,0,0,0
test,0300-0042.svg,1016,503,0,6,2048,1,0,0.0,0.0,140.0,140.0,16,0,0,1000,0,0,0
test,0300-0056.svg,427,122,0,4,2048,1,0,0.0,0.0,140.0,140.0,9,0,0,418,0,0,0
test,0300-0058.svg,279,150,0,7,2048,1,0,0.0,0.0,140.0,140.0,21,0,0,258,0,0,0
test,0300-0064.svg,475,59,0,4,2048,1,0,0.0,0.0,140.0,140.0,9,0,0,466,0,0,0
test,0300-0074.svg,265,126,0,4,2048,1,0,0.0,0.0,140.0,140.0,14,0,0,251,0,0,0
test,0300-0085.svg,437,168,0,6,2048,1,0,0.0,0.0,140.0,140.0,8,0,0,429,0,0,0
test,0300-0094.svg,550,382,0,8,2048,1,0,0.0,0.0,140.0,140.0,12,0,0,538,0,0,0
test,0300-0095.svg,488,185,0,5,2048,1,0,0.0,0.0,140.0,140.0,4,0,0,484,0,0,0
test,0301-0012.svg,576,283,0,3,2048,1,0,0.0,0.0,140.0,140.0,8,0,0,568,0,0,0
test,0301-0013.svg,678,213,0,4,2048,1,0,0.0,0.0,140.0,140.0,16,0,0,662,0,0,0
test,0302-0002.svg,1793,1167,0,13,2048,1,0,0.0,0.0,140.0,140.0,64,0,0,1729,0,0,0
test,0303-0012.svg,940,489,0,10,2048,1,0,0.0,0.0,140.0,140.0,34,5,0,901,0,0,0
test,0305-0063.svg,210,10,0,1,2048,1,0,0.0,0.0,140.0,140.0,8,0,0,202,0,0,0
test,0305-0095.svg,186,71,0,3,2048,1,0,0.0,0.0,140.0,140.0,6,0,0,180,0,0,0
test,0305-0096.svg,1377,98,0,3,2048,1,0,0.0,0.0,140.0,140.0,5,0,0,1372,0,0,0
test,0305-0118.svg,397,8,0,1,2048,1,0,0.0,0.0,140.0,140.0,31,0,0,366,0,0,0
test,0307-0011.svg,115,58,0,4,2048,1,0,0.0,0.0,140.0,140.0,0,0,0,115,0,0,0
test,0307-0016.svg,180,68,0,5,2048,1,0,0.0,0.0,140.0,140.0,5,0,0,175,0,0,0
test,0307-0018.svg,241,95,0,4,2048,1,0,0.0,0.0,140.0,140.0,2,0,0,239,0,0,0
test,0307-0027.svg,222,32,0,2,2048,1,0,0.0,0.0,140.0,140.0,2,0,0,220,0,0,0
test,0307-0036.svg,219,22,0,2,2048,1,0,0.0,0.0,140.0,140.0,1,0,0,218,0,0,0
test,0307-0045.svg,103,33,0,2,2048,1,0,0.0,0.0,140.0,140.0,0,0,0,103,0,0,0
test,0307-0057.svg,108,36,0,2,2048,1,0,0.0,0.0,140.0,140.0,5,0,0,103,0,0,0
test,0307-0060.svg,155,48,0,3,2048,1,0,0.0,0.0,140.0,140.0,2,0,0,153,0,0,0
test,0308-0017.svg,848,441,0,6,2048,1,0,0.0,0.0,140.0,140.0,0,0,0,848,0,0,0
test,0308-0029.svg,265,227,0,1,2048,1,0,0.0,0.0,140.0,140.0,1,0,0,264,0,0,0
test,0309-0006.svg,247,107,0,4,2048,1,0,0.0,0.0,140.0,140.0,0,0,0,247,0,0,0
test,0309-0021.svg,290,116,0,4,2048,1,0,0.0,0.0,140.0,140.0,0,0,0,290,0,0,0
test,0310-0011.svg,975,672,0,2,2048,1,0,0.0,0.0,140.0,140.0,1,0,0,974,0,0,0
test,0311-0007.svg,1146,662,0,11,2048,1,0,0.0,0.0,140.0,140.0,33,0,0,1113,0,0,0
test,0314-0001.svg,736,250,0,6,2048,1,0,0.0,0.0,140.0,140.0,15,0,0,721,0,0,0
test,0314-0006.svg,1086,635,0,13,2048,1,0,0.0,0.0,140.0,140.0,34,0,0,1052,0,0,0
test,0316-0006.svg,681,226,0,6,2048,1,0,0.0,0.0,140.0,140.0,27,0,0,654,0,0,0
test,0316-0008.svg,515,184,0,3,2048,1,0,0.0,0.0,140.0,140.0,5,0,0,510,0,0,0
test,0316-0016.svg,698,215,0,8,2048,1,0,0.0,0.0,140.0,140.0,26,0,0,672,0,0,0
test,0316-0017.svg,1133,612,0,13,2048,1,0,0.0,0.0,140.0,140.0,38,8,0,1087,0,0,0
test,0317-0020.svg,354,188,0,5,2048,1,0,0.0,0.0,140.0,140.0,13,0,0,341,0,0,0
test,0319-0012.svg,3521,2284,0,19,2048,2,0,0.0,0.0,140.0,140.0,89,4,0,3428,0,0,0
test,0319-0017.svg,5208,3875,0,20,2048,3,0,0.0,0.0,140.0,140.0,84,18,0,5106,0,0,0
test,0319-0021.svg,470,196,0,5,2048,1,0,0.0,0.0,140.0,140.0,12,4,0,454,0,0,0
test,0320-0000.svg,2884,78,0,1,2048,2,0,0.0,0.0,140.0,140.0,2,0,0,2882,0,0,0
test,0320-0001.svg,1818,41,0,1,2048,1,0,0.0,0.0,140.0,140.0,7,0,0,1811,0,0,0
test,0320-0030.svg,1828,1232,0,9,2048,1,0,0.0,0.0,140.0,140.0,31,3,0,1794,0,0,0
test,0320-0051.svg,1346,660,0,10,2048,1,0,0.0,0.0,140.0,140.0,23,1,0,1322,0,0,0
test,0320-0053.svg,494,99,0,5,2048,1,0,0.0,0.0,140.0,140.0,4,0,0,490,0,0,0
test,0322-0007.svg,114,32,0,2,2048,1,0,0.0,0.0,140.0,140.0,3,0,0,111,0,0,0
test,0323-0000.svg,1257,609,0,13,2048,1,0,0.0,0.0,140.0,140.0,42,0,0,1215,0,0,0
test,0324-0021.svg,300,91,0,4,2048,1,0,0.0,0.0,140.0,140.0,6,0,0,294,0,0,0
test,0326-0022.svg,1068,925,0,7,2048,1,0,0.0,0.0,140.0,140.0,28,3,0,1037,0,0,0
test,0326-0056.svg,283,84,0,3,2048,1,0,0.0,0.0,140.0,140.0,9,0,0,274,0,0,0
test,0326-0061.svg,403,256,0,4,2048,1,0,0.0,0.0,140.0,140.0,13,2,0,388,0,0,0
test,0326-0081.svg,394,170,0,6,2048,1,0,0.0,0.0,140.0,140.0,26,1,0,367,0,0,0
test,0326-0098.svg,212,76,0,4,2048,1,0,0.0,0.0,140.0,140.0,9,0,0,203,0,0,0
test,0326-0111.svg,341,133,0,5,2048,1,0,0.0,0.0,140.0,140.0,25,0,0,316,0,0,0
test,0326-0120.svg,314,114,0,4,2048,1,0,0.0,0.0,140.0,140.0,30,0,0,284,0,0,0
test,0326-0127.svg,515,237,0,7,2048,1,0,0.0,0.0,140.0,140.0,19,1,0,495,0,0,0
test,0326-0133.svg,272,129,0,5,2048,1,0,0.0,0.0,140.0,140.0,11,0,0,261,0,0,0
test,0326-0145.svg,362,79,0,2,2048,1,0,0.0,0.0,140.0,140.0,19,0,0,343,0,0,0
test,0326-0150.svg,1362,1053,0,7,2048,1,0,0.0,0.0,140.0,140.0,33,0,0,1329,0,0,0
test,0326-0154.svg,257,76,0,4,2048,1,0,0.0,0.0,140.0,140.0,10,0,0,247,0,0,0
test,0326-0165.svg,366,145,0,5,2048,1,0,0.0,0.0,140.0,140.0,19,0,0,347,0,0,0
test,0326-0169.svg,261,155,0,6,2048,1,0,0.0,0.0,140.0,140.0,3,0,0,258,0,0,0
test,0326-0172.svg,347,147,0,4,2048,1,0,0.0,0.0,140.0,140.0,16,0,0,331,0,0,0
test,0326-0176.svg,225,94,0,4,2048,1,0,0.0,0.0,140.0,140.0,12,0,0,213,0,0,0
test,0326-0189.svg,88,31,0,3,2048,1,0,0.0,0.0,140.0,140.0,1,0,0,87,0,0,0
test,0326-0192.svg,106,24,0,1,2048,1,0,0.0,0.0,140.0,140.0,4,0,0,102,0,0,0
test,0327-0003.svg,2314,1256,0,11,2048,2,0,0.0,0.0,140.0,140.0,6,0,0,2308,0,0,0
test,0328-0066.svg,585,75,0,4,2048,1,0,0.0,0.0,140.0,140.0,25,0,0,560,0,0,0
test,0328-0127.svg,1126,614,0,8,2048,1,0,0.0,0.0,140.0,140.0,13,0,0,1113,0,0,0
test,0328-0156.svg,1083,200,0,4,2048,1,0,0.0,0.0,140.0,140.0,10,0,0,1073,0,0,0
test,0328-0187.svg,876,459,0,6,2048,1,0,0.0,0.0,140.0,140.0,17,0,0,859,0,0,0
test,0328-0214.svg,240,98,0,5,2048,1,0,0.0,0.0,140.0,140.0,1,0,0,239,0,0,0
test,0328-0215.svg,419,263,0,6,2048,1,0,0.0,0.0,140.0,140.0,26,0,0,393,0,0,0
test,0328-0217.svg,620,116,0,6,2048,1,0,0.0,0.0,140.0,140.0,17,0,0,603,0,0,0
test,0328-0244.svg,236,119,0,4,2048,1,0,0.0,0.0,140.0,140.0,2,0,0,234,0,0,0
test,0328-0247.svg,1118,457,0,7,2048,1,0,0.0,0.0,140.0,140.0,48,0,0,1070,0,0,0
test,0328-0307.svg,411,162,0,3,2048,1,0,0.0,0.0,140.0,140.0,8,0,0,403,0,0,0
test,0329-0002.svg,6918,2116,0,7,2048,4,0,0.0,0.0,140.0,140.0,39,0,0,6879,0,0,0
test,0329-0021.svg,2092,179,0,3,2048,2,0,0.0,0.0,140.0,140.0,3,2,0,2087,0,0,0
test,0330-0011.svg,613,240,0,3,2048,1,0,0.0,0.0,140.0,140.0,26,0,0,587,0,0,0
test,0330-0016.svg,581,251,0,5,2048,1,0,0.0,0.0,140.0,140.0,24,0,0,557,0,0,0
test,0330-0017.svg,1075,563,0,11,2048,1,0,0.0,0.0,140.0,140.0,43,8,0,1024,0,0,0
test,0330-0022.svg,844,335,0,11,2048,1,0,0.0,0.0,140.0,140.0,25,7,0,812,0,0,0
test,0333-0001.svg,1456,1005,0,13,2048,1,0,0.0,0.0,140.0,140.0,49,0,0,1407,0,0,0
test,0333-0004.svg,1439,649,0,9,2048,1,0,0.0,0.0,140.0,140.0,37,0,0,1402,0,0,0
test,0335-0000.svg,73,17,0,2,2048,1,0,0.0,0.0,140.0,140.0,0,0,0,73,0,0,0
test,0335-0005.svg,144,75,0,3,2048,1,0,0.0,0.0,140.0,140.0,1,0,0,143,0,0,0
test,0335-0017.svg,66,41,0,2,2048,1,0,0.0,0.0,140.0,140.0,0,0,0,66,0,0,0
test,0335-0029.svg,35,6,0,1,2048,1,0,0.0,0.0,140.0,140.0,0,0,0,35,0,0,0
test,0335-0040.svg,169,105,0,3,2048,1,0,0.0,0.0,140.0,140.0,0,0,0,169,0,0,0
test,0335-0071.svg,81,8,0,2,2048,1,0,0.0,0.0,140.0,140.0,1,0,0,80,0,0,0
test,0336-0003.svg,1430,824,0,11,2048,1,0,0.0,0.0,140.0,140.0,27,0,0,1403,0,0,0
test,0337-0006.svg,269,27,0,3,2048,1,0,0.0,0.0,140.0,140.0,7,0,0,262,0,0,0
test,0338-0001.svg,320,133,0,2,2048,1,0,0.0,0.0,140.0,140.0,8,0,0,312,0,0,0
test,0338-0004.svg,797,506,0,4,2048,1,0,0.0,0.0,140.0,140.0,5,0,0,792,0,0,0
test,0340-0009.svg,43,4,0,1,2048,1,0,0.0,0.0,140.0,140.0,3,0,0,40,0,0,0
test,0342-0003.svg,5026,3873,0,16,2048,3,0,0.0,0.0,140.0,140.0,114,5,0,4907,0,0,0
test,0342-0009.svg,1269,681,0,12,2048,1,0,0.0,0.0,140.0,140.0,44,0,0,1225,0,0,0
test,0342-0016.svg,858,399,0,7,2048,1,0,0.0,0.0,140.0,140.0,17,0,0,841,0,0,0
test,0342-0025.svg,1576,934,0,12,2048,1,0,0.0,0.0,140.0,140.0,30,0,0,1546,0,0,0
test,0343-0012.svg,1330,805,0,11,2048,1,0,0.0,0.0,140.0,140.0,42,0,0,1288,0,0,0
test,0346-0215.svg,391,40,0,2,2048,1,0,0.0,0.0,140.0,140.0,10,0,0,381,0,0,0
test,0346-0263.svg,309,70,0,4,2048,1,0,0.0,0.0,140.0,140.0,3,0,0,306,0,0,0
test,0346-0300.svg,333,228,0,4,2048,1,0,0.0,0.0,140.0,140.0,1,0,0,332,0,0,0
test,0346-0305.svg,227,63,0,1,2048,1,0,0.0,0.0,140.0,140.0,0,0,0,227,0,0,0
test,0346-0342.svg,305,39,0,1,2048,1,0,0.0,0.0,140.0,140.0,0,0,0,305,0,0,0
test,0346-0346.svg,368,28,0,2,2048,1,0,0.0,0.0,140.0,140.0,0,0,0,368,0,0,0
test,0346-0391.svg,232,71,0,5,2048,1,0,0.0,0.0,140.0,140.0,0,0,0,232,0,0,0
test,0346-0431.svg,235,61,0,3,2048,1,0,0.0,0.0,140.0,140.0,0,0,0,235,0,0,0
test,0346-0432.svg,375,80,0,2,2048,1,0,0.0,0.0,140.0,140.0,6,0,0,369,0,0,0
test,0346-0434.svg,125,85,0,4,2048,1,0,0.0,0.0,140.0,140.0,0,0,0,125,0,0,0
test,0346-0518.svg,194,88,0,5,2048,1,0,0.0,0.0,140.0,140.0,0,0,0,194,0,0,0
test,0346-0555.svg,72,20,0,3,2048,1,0,0.0,0.0,140.0,140.0,0,0,0,72,0,0,0
test,0346-0680.svg,143,84,0,2,2048,1,0,0.0,0.0,140.0,140.0,1,0,0,142,0,0,0
test,0346-0682.svg,198,77,0,3,2048,1,0,0.0,0.0,140.0,140.0,1,0,0,197,0,0,0
test,0346-0683.svg,306,65,0,3,2048,1,0,0.0,0.0,140.0,140.0,0,0,0,306,0,0,0
test,0346-0724.svg,377,108,0,3,2048,1,0,0.0,0.0,140.0,140.0,8,0,0,369,0,0,0
test,0346-0761.svg,274,69,0,3,2048,1,0,0.0,0.0,140.0,140.0,5,0,0,269,0,0,0
test,0346-0762.svg,234,120,0,5,2048,1,0,0.0,0.0,140.0,140.0,0,0,0,234,0,0,0
test,0346-0768.svg,98,40,0,1,2048,1,0,0.0,0.0,140.0,140.0,0,0,0,98,0,0,0
test,0346-0771.svg,183,96,0,2,2048,1,0,0.0,0.0,140.0,140.0,1,0,0,182,0,0,0
test,0346-0808.svg,358,63,0,3,2048,1,0,0.0,0.0,140.0,140.0,4,0,0,354,0,0,0
test,0346-0809.svg,427,31,0,3,2048,1,0,0.0,0.0,140.0,140.0,4,0,0,423,0,0,0
test,0346-0810.svg,154,76,0,1,2048,1,0,0.0,0.0,140.0,140.0,0,0,0,154,0,0,0
test,0346-0811.svg,203,50,0,4,2048,1,0,0.0,0.0,140.0,140.0,0,0,0,203,0,0,0
test,0346-0848.svg,106,86,0,1,2048,1,0,0.0,0.0,140.0,140.0,0,0,0,106,0,0,0
test,0346-0892.svg,571,240,0,6,2048,1,0,0.0,0.0,140.0,140.0,7,0,0,564,0,0,0
test,0346-0929.svg,618,253,0,5,2048,1,0,0.0,0.0,140.0,140.0,6,0,0,612,0,0,0
test,0346-0972.svg,262,51,0,3,2048,1,0,0.0,0.0,140.0,140.0,3,0,0,259,0,0,0
test,0346-0973.svg,138,49,0,2,2048,1,0,0.0,0.0,140.0,140.0,3,0,0,135,0,0,0
test,0346-0980.svg,499,265,0,6,2048,1,0,0.0,0.0,140.0,140.0,1,0,0,498,0,0,0
test,0346-1016.svg,127,73,0,4,2048,1,0,0.0,0.0,140.0,140.0,1,0,0,126,0,0,0
test,0346-1055.svg,663,60,0,3,2048,1,0,0.0,0.0,140.0,140.0,13,0,0,650,0,0,0
test,0346-1101.svg,158,54,0,1,2048,1,0,0.0,0.0,140.0,140.0,0,0,0,158,0,0,0
test,0346-1143.svg,364,90,0,4,2048,1,0,0.0,0.0,140.0,140.0,0,0,0,364,0,0,0
test,0346-1146.svg,303,63,0,3,2048,1,0,0.0,0.0,140.0,140.0,1,0,0,302,0,0,0
test,0346-1180.svg,90,27,0,3,2048,1,0,0.0,0.0,140.0,140.0,4,0,0,86,0,0,0
test,0349-0532.svg,1706,1251,0,7,2048,1,0,0.0,0.0,140.0,140.0,20,0,0,1686,0,0,0
test,0349-0600.svg,127,54,0,4,2048,1,0,0.0,0.0,140.0,140.0,1,0,0,126,0,0,0
test,0349-0629.svg,78,19,0,2,2048,1,0,0.0,0.0,140.0,140.0,2,0,0,76,0,0,0
test,0349-0648.svg,1002,784,0,5,2048,1,0,0.0,0.0,140.0,140.0,7,0,0,995,0,0,0
test,0349-0668.svg,251,113,0,2,2048,1,0,0.0,0.0,140.0,140.0,2,0,0,249,0,0,0
test,0349-0669.svg,672,363,0,3,2048,1,0,0.0,0.0,140.0,140.0,2,0,0,670,0,0,0
test,0349-0685.svg,361,207,0,5,2048,1,0,0.0,0.0,140.0,140.0,1,0,0,360,0,0,0
test,0349-0690.svg,231,96,0,2,2048,1,0,0.0,0.0,140.0,140.0,2,0,0,229,0,0,0
test,0349-0707.svg,199,116,0,3,2048,1,0,0.0,0.0,140.0,140.0,1,0,0,198,0,0,0
test,0349-0735.svg,347,154,0,5,2048,1,0,0.0,0.0,140.0,140.0,6,0,0,341,0,0,0
test,0349-0739.svg,297,21,0,3,2048,1,0,0.0,0.0,140.0,140.0,11,0,0,286,0,0,0
test,0349-0773.svg,281,146,0,5,2048,1,0,0.0,0.0,140.0,140.0,2,0,0,279,0,0,0
test,0349-0845.svg,622,348,0,3,2048,1,0,0.0,0.0,140.0,140.0,2,0,0,620,0,0,0
test,0349-0884.svg,253,139,0,3,2048,1,0,0.0,0.0,140.0,140.0,0,0,0,253,0,0,0
test,0349-0889.svg,423,163,0,5,2048,1,0,0.0,0.0,140.0,140.0,9,0,0,414,0,0,0
test,0349-0893.svg,178,74,0,4,2048,1,0,0.0,0.0,140.0,140.0,2,0,0,176,0,0,0
test,0349-0907.svg,198,51,0,3,2048,1,0,0.0,0.0,140.0,140.0,1,0,0,197,0,0,0
test,0349-0936.svg,244,137,0,4,2048,1,0,0.0,0.0,140.0,140.0,0,0,0,244,0,0,0
test,0349-0952.svg,74,20,0,2,2048,1,0,0.0,0.0,140.0,140.0,0,0,0,74,0,0,0
test,0349-0973.svg,134,22,0,2,2048,1,0,0.0,0.0,140.0,140.0,0,0,0,134,0,0,0
test,0349-0975.svg,128,59,0,3,2048,1,0,0.0,0.0,140.0,140.0,1,0,0,127,0,0,0
test,0349-0978.svg,284,176,0,4,2048,1,0,0.0,0.0,140.0,140.0,1,0,0,283,0,0,0
test,0349-1002.svg,108,21,0,1,2048,1,0,0.0,0.0,140.0,140.0,2,0,0,106,0,0,0
test,0349-1016.svg,1367,1048,0,9,2048,1,0,0.0,0.0,140.0,140.0,8,0,0,1359,0,0,0
test,0351-0000.svg,183,111,0,1,2048,1,0,0.0,0.0,140.0,140.0,4,0,0,179,0,0,0
test,0351-0012.svg,486,267,0,4,2048,1,0,0.0,0.0,140.0,140.0,7,0,0,479,0,0,0
test,0352-0028.svg,796,404,0,9,2048,1,0,0.0,0.0,140.0,140.0,19,0,0,777,0,0,0
test,0354-0008.svg,1298,779,0,8,2048,1,0,0.0,0.0,140.0,140.0,2,0,0,1296,0,0,0
test,0355-0033.svg,895,350,0,5,2048,1,0,0.0,0.0,140.0,140.0,1,0,0,894,0,0,0
test,0356-0002.svg,1296,784,0,13,2048,1,0,0.0,0.0,140.0,140.0,54,0,0,1242,0,0,0
test,0356-0006.svg,1310,749,0,12,2048,1,0,0.0,0.0,140.0,140.0,55,0,0,1255,0,0,0
test,0357-0007.svg,1196,616,0,11,2048,1,0,0.0,0.0,140.0,140.0,44,7,0,1145,0,0,0
test,0357-0021.svg,677,236,0,6,2048,1,0,0.0,0.0,140.0,140.0,27,0,0,650,0,0,0
test,0357-0022.svg,1141,628,0,12,2048,1,0,0.0,0.0,140.0,140.0,40,8,0,1093,0,0,0
test,0358-0003.svg,1593,1047,0,9,2048,1,0,0.0,0.0,140.0,140.0,48,0,0,1545,0,0,0
test,0359-0002.svg,2882,823,0,15,2048,2,0,0.0,0.0,140.0,140.0,14,0,0,2868,0,0,0
test,0360-0003.svg,343,147,0,6,2048,1,0,0.0,0.0,140.0,140.0,3,0,0,340,0,0,0
test,0364-0012.svg,1526,815,0,14,2048,1,0,0.0,0.0,140.0,140.0,39,0,0,1487,0,0,0
test,0364-0021.svg,1291,829,0,12,2048,1,0,0.0,0.0,140.0,140.0,27,0,0,1264,0,0,0
test,0364-0022.svg,1619,806,0,13,2048,1,0,0.0,0.0,140.0,140.0,36,0,0,1583,0,0,0
test,0364-0026.svg,964,539,0,12,2048,1,0,0.0,0.0,140.0,140.0,28,0,0,936,0,0,0
test,0364-0027.svg,1000,476,0,8,2048,1,0,0.0,0.0,140.0,140.0,22,0,0,978,0,0,0
test,0365-0017.svg,2061,1450,0,14,2048,2,0,0.0,0.0,140.0,140.0,65,0,0,1996,0,0,0
test,0365-0022.svg,2037,1446,0,14,2048,1,0,0.0,0.0,140.0,140.0,53,0,0,1984,0,0,0
test,0366-0000.svg,1313,1125,0,4,2048,1,0,0.0,0.0,140.0,140.0,1,0,0,1312,0,0,0
test,0366-0005.svg,654,337,0,5,2048,1,0,0.0,0.0,140.0,140.0,2,0,0,652,0,0,0
test,0366-0014.svg,644,274,0,6,2048,1,0,0.0,0.0,140.0,140.0,15,0,0,629,0,0,0
test,0368-0005.svg,4338,20,0,1,2048,3,0,0.0,0.0,140.0,140.0,5,0,0,4333,0,0,0
test,0368-0014.svg,1847,22,0,1,2048,1,0,0.0,0.0,140.0,140.0,115,0,0,1732,0,0,0
test,0368-0025.svg,317,12,0,1,2048,1,0,0.0,0.0,140.0,140.0,2,0,0,315,0,0,0
test,0370-0002.svg,2022,1344,0,13,2048,1,0,0.0,0.0,140.0,140.0,56,0,0,1966,0,0,0
test,0370-0004.svg,1854,1334,0,13,2048,1,0,0.0,0.0,140.0,140.0,60,0,0,1794,0,0,0
test,0371-0001.svg,327,110,0,4,2048,1,0,0.0,0.0,140.0,140.0,12,0,0,315,0,0,0
test,0371-0004.svg,242,73,0,4,2048,1,0,0.0,0.0,140.0,140.0,11,0,0,231,0,0,0
test,0372-0032.svg,936,630,0,5,2048,1,0,0.0,0.0,140.0,140.0,13,0,0,923,0,0,0
test,0372-0051.svg,383,131,0,4,2048,1,0,0.0,0.0,140.0,140.0,5,0,0,378,0,0,0
test,0373-0005.svg,712,355,0,5,2048,1,0,0.0,0.0,140.0,140.0,3,0,0,709,0,0,0
test,0374-0003.svg,3530,649,0,6,2048,2,0,0.0,0.0,140.0,140.0,98,18,0,3414,0,0,0
test,0374-0007.svg,1863,1284,0,11,2048,1,0,0.0,0.0,140.0,140.0,20,4,0,1839,0,0,0
test,0375-0010.svg,1739,1475,0,7,2048,1,0,0.0,0.0,140.0,140.0,14,0,0,1725,0,0,0
test,0376-0004.svg,1490,831,0,11,2048,1,0,0.0,0.0,140.0,140.0,53,0,0,1437,0,0,0
test,0377-0002.svg,984,363,0,8,2048,1,0,0.0,0.0,140.0,140.0,21,6,0,957,0,0,0
test,0379-0009.svg,738,131,0,4,2048,1,0,0.0,0.0,140.0,140.0,15,0,0,723,0,0,0
test,0379-0030.svg,709,28,0,1,2048,1,0,0.0,0.0,140.0,140.0,21,0,0,688,0,0,0
test,0379-0033.svg,436,56,0,1,2048,1,0,0.0,0.0,140.0,140.0,13,0,0,423,0,0,0
test,0379-0052.svg,519,6,0,1,2048,1,0,0.0,0.0,140.0,140.0,12,0,0,507,0,0,0
test,0381-0015.svg,1414,976,0,10,2048,1,0,0.0,0.0,140.0,140.0,57,0,0,1357,0,0,0
test,0381-0022.svg,1028,773,0,9,2048,1,0,0.0,0.0,140.0,140.0,26,0,0,1002,0,0,0
test,0382-0005.svg,350,137,0,5,2048,1,0,0.0,0.0,140.0,140.0,6,0,0,344,0,0,0
test,0382-0012.svg,267,46,0,3,2048,1,0,0.0,0.0,140.0,140.0,3,0,0,264,0,0,0
test,0383-0001.svg,658,512,0,7,2048,1,0,0.0,0.0,140.0,140.0,9,0,0,649,0,0,0
test,0385-0002.svg,981,496,0,11,2048,1,0,0.0,0.0,140.0,140.0,32,0,0,949,0,0,0
test,0386-0003.svg,846,532,0,8,2048,1,0,0.0,0.0,140.0,140.0,6,0,0,840,0,0,0
test,0386-0004.svg,430,212,0,6,2048,1,0,0.0,0.0,140.0,140.0,1,0,0,429,0,0,0
test,0386-0009.svg,572,322,0,5,2048,1,0,0.0,0.0,140.0,140.0,6,0,0,566,0,0,0
test,0386-0028.svg,533,180,0,7,2048,1,0,0.0,0.0,140.0,140.0,4,0,0,529,0,0,0
test,0387-0012.svg,935,503,0,11,2048,1,0,0.0,0.0,140.0,140.0,35,4,0,896,0,0,0
test,0388-0002.svg,1876,1329,0,13,2048,1,0,0.0,0.0,140.0,140.0,42,3,0,1831,0,0,0
test,0389-0013.svg,412,89,0,5,2048,1,0,0.0,0.0,140.0,140.0,8,2,0,402,0,0,0
test,0390-0045.svg,722,293,0,4,2048,1,0,0.0,0.0,140.0,140.0,3,0,0,719,0,0,0
test,0390-0049.svg,605,272,0,4,2048,1,0,0.0,0.0,140.0,140.0,1,0,0,604,0,0,0
test,0390-0050.svg,724,389,0,6,2048,1,0,0.0,0.0,140.0,140.0,7,0,0,717,0,0,0
test,0391-0028.svg,368,115,0,6,2048,1,0,0.0,0.0,140.0,140.0,4,0,0,364,0,0,0
test,0392-0002.svg,2100,38,0,2,2048,2,0,0.0,0.0,140.0,140.0,0,0,0,2100,0,0,0
test,0393-0004.svg,1181,703,0,12,2048,1,0,0.0,0.0,140.0,140.0,38,0,0,1143,0,0,0
test,0394-0002.svg,927,627,0,12,2048,1,0,0.0,0.0,140.0,140.0,21,0,0,906,0,0,0
test,0396-0037.svg,2904,2557,0,8,2048,2,0,0.0,0.0,140.0,140.0,17,0,0,2887,0,0,0
test,0396-0047.svg,2558,2425,0,7,2048,2,0,0.0,0.0,140.0,140.0,0,0,0,2558,0,0,0
test,0398-0008.svg,429,168,0,3,2048,1,0,0.0,0.0,140.0,140.0,14,0,0,415,0,0,0
test,0398-0012.svg,1132,658,0,12,2048,1,0,0.0,0.0,140.0,140.0,46,5,0,1081,0,0,0
test,0398-0018.svg,433,203,0,4,2048,1,0,0.0,0.0,140.0,140.0,13,0,0,420,0,0,0
test,0400-0099.svg,486,277,0,8,2048,1,0,0.0,0.0,140.0,140.0,10,1,0,475,0,0,0
test,0400-0116.svg,793,301,0,4,2048,1,0,0.0,0.0,140.0,140.0,10,4,0,779,0,0,0
test,0400-0126.svg,634,127,0,4,2048,1,0,0.0,0.0,140.0,140.0,20,0,0,614,0,0,0
test,0400-0130.svg,825,309,0,7,2048,1,0,0.0,0.0,140.0,140.0,24,3,0,798,0,0,0
test,0400-0131.svg,1035,558,0,7,2048,1,0,0.0,0.0,140.0,140.0,27,4,0,1004,0,0,0
test,0400-0137.svg,8179,5019,0,9,2048,4,0,0.0,0.0,140.0,140.0,140,27,0,8012,0,0,0
test,0400-0148.svg,760,411,0,8,2048,1,0,0.0,0.0,140.0,140.0,17,2,0,741,0,0,0
test,0400-0156.svg,268,59,0,3,2048,1,0,0.0,0.0,140.0,140.0,15,2,0,251,0,0,0
test,0402-0021.svg,673,76,0,4,2048,1,0,0.0,0.0,140.0,140.0,13,0,0,660,0,0,0
test,0402-0022.svg,1390,501,0,10,2048,1,0,0.0,0.0,140.0,140.0,29,10,0,1351,0,0,0
test,0403-0029.svg,803,474,0,3,2048,1,0,0.0,0.0,140.0,140.0,4,0,0,799,0,0,0
test,0403-0037.svg,622,273,0,5,2048,1,0,0.0,0.0,140.0,140.0,2,0,0,620,0,0,0
test,0403-0038.svg,1007,597,0,6,2048,1,0,0.0,0.0,140.0,140.0,2,0,0,1005,0,0,0
test,0403-0047.svg,1503,715,0,8,2048,1,0,0.0,0.0,140.0,140.0,4,0,0,1499,0,0,0
test,0404-0002.svg,2649,140,0,2,2048,2,0,0.0,0.0,140.0,140.0,5,0,0,2644,0,0,0
test,0405-0015.svg,350,252,0,3,2048,1,0,0.0,0.0,140.0,140.0,5,0,0,345,0,0,0
test,0406-0009.svg,535,275,0,7,2048,1,0,0.0,0.0,140.0,140.0,1,0,0,534,0,0,0
test,0406-0020.svg,394,146,0,4,2048,1,0,0.0,0.0,140.0,140.0,0,0,0,394,0,0,0
test,0406-0034.svg,327,72,0,3,2048,1,0,0.0,0.0,140.0,140.0,0,0,0,327,0,0,0
test,0407-0013.svg,628,317,0,11,2048,1,0,0.0,0.0,140.0,140.0,15,2,0,611,0,0,0
test,0407-0034.svg,605,380,0,6,2048,1,0,0.0,0.0,140.0,140.0,19,1,0,585,0,0,0
test,0407-0035.svg,572,108,0,4,2048,1,0,0.0,0.0,140.0,140.0,9,5,0,558,0,0,0
test,0407-0043.svg,859,102,0,6,2048,1,0,0.0,0.0,140.0,140.0,12,6,0,841,0,0,0
test,0407-0048.svg,2051,1098,0,10,2048,2,0,0.0,0.0,140.0,140.0,24,9,0,2018,0,0,0
test,0407-0049.svg,1485,761,0,12,2048,1,0,0.0,0.0,140.0,140.0,22,6,0,1457,0,0,0
test,0407-0051.svg,635,172,0,5,2048,1,0,0.0,0.0,140.0,140.0,11,4,0,620,0,0,0
test,0407-0056.svg,4385,768,0,5,2048,3,0,0.0,0.0,140.0,140.0,52,24,0,4309,0,0,0
test,0407-0057.svg,2432,1297,0,9,2048,2,0,0.0,0.0,140.0,140.0,29,12,0,2391,0,0,0
test,0407-0073.svg,4454,128,0,2,2048,3,0,0.0,0.0,140.0,140.0,99,18,0,4337,0,0,0
test,0408-0023.svg,931,404,0,2,2048,1,0,0.0,0.0,140.0,140.0,3,0,0,928,0,0,0
test,0409-0006.svg,756,276,0,8,2048,1,0,0.0,0.0,140.0,140.0,35,0,0,721,0,0,0
test,0409-0007.svg,1196,617,0,11,2048,1,0,0.0,0.0,140.0,140.0,44,7,0,1145,0,0,0
test,0409-0011.svg,831,278,0,9,2048,1,0,0.0,0.0,140.0,140.0,31,0,0,800,0,0,0
test,0409-0012.svg,1150,635,0,11,2048,1,0,0.0,0.0,140.0,140.0,49,5,0,1096,0,0,0
test,0410-0002.svg,675,427,0,9,2048,1,0,0.0,0.0,140.0,140.0,22,0,0,653,0,0,0
test,0410-0007.svg,1447,952,0,14,2048,1,0,0.0,0.0,140.0,140.0,29,0,0,1418,0,0,0
test,0410-0012.svg,2060,1395,0,15,2048,2,0,0.0,0.0,140.0,140.0,57,0,0,2003,0,0,0
test,0410-0016.svg,763,388,0,11,2048,1,0,0.0,0.0,140.0,140.0,18,0,0,745,0,0,0
test,0410-0017.svg,2096,1494,0,15,2048,2,0,0.0,0.0,140.0,140.0,65,0,0,2031,0,0,0
test,0410-0023.svg,614,231,0,8,2048,1,0,0.0,0.0,140.0,140.0,9,0,0,605,0,0,0
test,0410-0028.svg,376,145,0,6,2048,1,0,0.0,0.0,140.0,140.0,6,0,0,370,0,0,0
test,0411-0012.svg,314,107,0,4,2048,1,0,0.0,0.0,140.0,140.0,6,0,0,308,0,0,0
test,0413-0017.svg,978,652,0,6,2048,1,0,0.0,0.0,140.0,140.0,0,0,0,978,0,0,0
test,0414-0011.svg,320,104,0,2,2048,1,0,0.0,0.0,140.0,140.0,2,0,0,318,0,0,0
test,0414-0012.svg,126,63,0,2,2048,1,0,0.0,0.0,140.0,140.0,3,0,0,123,0,0,0
test,0414-0018.svg,329,63,0,2,2048,1,0,0.0,0.0,140.0,140.0,2,0,0,327,0,0,0
test,0414-0019.svg,126,69,0,2,2048,1,0,0.0,0.0,140.0,140.0,3,0,0,123,0,0,0
test,0414-0032.svg,342,108,0,2,2048,1,0,0.0,0.0,140.0,140.0,1,0,0,341,0,0,0
test,0414-0033.svg,109,58,0,2,2048,1,0,0.0,0.0,140.0,140.0,3,0,0,106,0,0,0
test,0414-0040.svg,141,81,0,2,2048,1,0,0.0,0.0,140.0,140.0,4,0,0,137,0,0,0
test,0414-0053.svg,216,36,0,2,2048,1,0,0.0,0.0,140.0,140.0,3,0,0,213,0,0,0
test,0415-0003.svg,1430,831,0,11,2048,1,0,0.0,0.0,140.0,140.0,27,0,0,1403,0,0,0
test,0416-0000.svg,874,475,0,11,2048,1,0,0.0,0.0,140.0,140.0,32,0,0,842,0,0,0
test,0416-0002.svg,1268,701,0,13,2048,1,0,0.0,0.0,140.0,140.0,36,0,0,1232,0,0,0
test,0418-0011.svg,314,62,0,3,2048,1,0,0.0,0.0,140.0,140.0,2,0,0,312,0,0,0
test,0418-0028.svg,324,91,0,4,2048,1,0,0.0,0.0,140.0,140.0,3,0,0,321,0,0,0
test,0419-0001.svg,409,162,0,4,2048,1,0,0.0,0.0,140.0,140.0,6,0,0,403,0,0,0
test,0420-0021.svg,1198,664,0,5,2048,1,0,0.0,0.0,140.0,140.0,9,0,0,1189,0,0,0
test,0420-0026.svg,2485,983,0,7,2048,2,0,0.0,0.0,140.0,140.0,14,0,0,2471,0,0,0
test,0420-0027.svg,621,341,0,6,2048,1,0,0.0,0.0,140.0,140.0,8,0,0,613,0,0,0
test,0420-0036.svg,2083,983,0,6,2048,2,0,0.0,0.0,140.0,140.0,7,0,0,2076,0,0,0
test,0421-0002.svg,1296,763,0,11,2048,1,0,0.0,0.0,140.0,140.0,54,0,0,1242,0,0,0
test,0421-0006.svg,1310,746,0,12,2048,1,0,0.0,0.0,140.0,140.0,55,0,0,1255,0,0,0
test,0421-0010.svg,1291,734,0,12,2048,1,0,0.0,0.0,140.0,140.0,53,0,0,1238,0,0,0
test,0423-0016.svg,366,77,0,4,2048,1,0,0.0,0.0,140.0,140.0,12,0,0,354,0,0,0
test,0424-0007.svg,1039,519,0,11,2048,1,0,0.0,0.0,140.0,140.0,37,7,0,995,0,0,0
test,0424-0027.svg,646,248,0,10,2048,1,0,0.0,0.0,140.0,140.0,23,3,0,620,0,0,0
test,0425-0007.svg,887,573,0,5,2048,1,0,0.0,0.0,140.0,140.0,1,0,0,886,0,0,0
test,0425-0011.svg,1079,736,0,5,2048,1,0,0.0,0.0,140.0,140.0,11,0,0,1068,0,0,0
test,0425-0016.svg,1144,772,0,5,2048,1,0,0.0,0.0,140.0,140.0,11,0,0,1133,0,0,0
test,0425-0022.svg,944,534,0,6,2048,1,0,0.0,0.0,140.0,140.0,2,0,0,942,0,0,0
test,0426-0011.svg,1439,976,0,12,2048,1,0,0.0,0.0,140.0,140.0,26,0,0,1413,0,0,0
test,0426-0021.svg,1291,818,0,11,2048,1,0,0.0,0.0,140.0,140.0,27,0,0,1264,0,0,0
test,0427-0024.svg,452,394,0,4,2048,1,0,0.0,0.0,140.0,140.0,2,0,0,450,0,0,0
test,0427-0026.svg,2524,884,0,7,2048,2,0,0.0,0.0,140.0,140.0,14,0,0,2510,0,0,0
test,0427-0027.svg,778,299,0,6,2048,1,0,0.0,0.0,140.0,140.0,8,0,0,770,0,0,0
test,0427-0037.svg,1359,319,0,7,2048,1,0,0.0,0.0,140.0,140.0,12,0,0,1347,0,0,0
test,0427-0038.svg,708,183,0,5,2048,1,0,0.0,0.0,140.0,140.0,9,0,0,699,0,0,0
test,0428-0007.svg,504,203,0,5,2048,1,0,0.0,0.0,140.0,140.0,4,0,0,500,0,0,0
test,0428-0011.svg,489,52,0,3,2048,1,0,0.0,0.0,140.0,140.0,0,0,0,489,0,0,0
test,0428-0017.svg,438,190,0,5,2048,1,0,0.0,0.0,140.0,140.0,3,0,0,435,0,0,0
test,0431-0022.svg,3330,2390,0,18,2048,2,0,0.0,0.0,140.0,140.0,57,3,0,3270,0,0,0
test,0431-0026.svg,1772,1182,0,14,2048,1,0,0.0,0.0,140.0,140.0,58,9,0,1705,0,0,0
test,0431-0028.svg,2342,1799,0,14,2048,2,0,0.0,0.0,140.0,140.0,32,0,0,2310,0,0,0
test,0432-0019.svg,1451,893,0,11,2048,1,0,0.0,0.0,140.0,140.0,22,0,0,1429,0,0,0
test,0433-0025.svg,834,350,0,9,2048,1,0,0.0,0.0,140.0,140.0,18,5,0,811,0,0,0
test,0433-0068.svg,333,31,0,2,2048,1,0,0.0,0.0,140.0,140.0,12,2,0,319,0,0,0
test,0434-0008.svg,1552,935,0,12,2048,1,0,0.0,0.0,140.0,140.0,60,0,0,1492,0,0,0
test,0435-0007.svg,1129,610,0,11,2048,1,0,0.0,0.0,140.0,140.0,39,7,0,1083,0,0,0
test,0435-0008.svg,429,129,0,4,2048,1,0,0.0,0.0,140.0,140.0,14,0,0,415,0,0,0
test,0435-0012.svg,1132,641,0,11,2048,1,0,0.0,0.0,140.0,140.0,46,5,0,1081,0,0,0
test,0435-0017.svg,1094,718,0,9,2048,1,0,0.0,0.0,140.0,140.0,36,8,0,1050,0,0,0
test,0436-0006.svg,273,56,0,2,2048,1,0,0.0,0.0,140.0,140.0,5,0,0,268,0,0,0
test,0436-0007.svg,141,18,0,2,2048,1,0,0.0,0.0,140.0,140.0,2,0,0,139,0,0,0
test,0436-0009.svg,555,225,0,7,2048,1,0,0.0,0.0,140.0,140.0,7,0,0,548,0,0,0
test,0436-0010.svg,543,93,0,2,2048,1,0,0.0,0.0,140.0,140.0,7,0,0,536,0,0,0
test,0436-0014.svg,772,131,0,5,2048,1,0,0.0,0.0,140.0,140.0,11,0,0,761,0,0,0
test,0436-0023.svg,566,184,0,5,2048,1,0,0.0,0.0,140.0,140.0,3,0,0,563,0,0,0
test,0437-0012.svg,627,422,0,5,2048,1,0,0.0,0.0,140.0,140.0,7,0,0,620,0,0,0
test,0437-0024.svg,1270,614,0,8,2048,1,0,0.0,0.0,140.0,140.0,30,0,0,1240,0,0,0
test,0437-0042.svg,1060,583,0,7,2048,1,0,0.0,0.0,140.0,140.0,12,0,0,1048,0,0,0
test,0437-0050.svg,686,158,0,3,2048,1,0,0.0,0.0,140.0,140.0,17,0,0,669,0,0,0
test,0437-0074.svg,293,100,0,5,2048,1,0,0.0,0.0,140.0,140.0,4,0,0,289,0,0,0
test,0439-0002.svg,381,40,0,2,2048,1,0,0.0,0.0,140.0,140.0,0,0,0,381,0,0,0
test,0439-0021.svg,976,197,0,4,2048,1,0,0.0,0.0,140.0,140.0,4,0,0,972,0,0,0
test,0439-0023.svg,751,38,0,2,2048,1,0,0.0,0.0,140.0,140.0,0,0,0,751,0,0,0
test,0440-0016.svg,2551,1308,0,15,2048,2,0,0.0,0.0,140.0,140.0,37,1,0,2513,0,0,0
test,0440-0030.svg,1582,1230,0,9,2048,1,0,0.0,0.0,140.0,140.0,31,3,0,1548,0,0,0
test,0440-0051.svg,1748,709,0,10,2048,1,0,0.0,0.0,140.0,140.0,21,1,0,1726,0,0,0
test,0442-0000.svg,1043,843,0,6,2048,1,0,0.0,0.0,140.0,140.0,6,0,0,1037,0,0,0
test,0442-0001.svg,924,597,0,5,2048,1,0,0.0,0.0,140.0,140.0,16,0,0,908,0,0,0
test,0442-0006.svg,775,406,0,6,2048,1,0,0.0,0.0,140.0,140.0,29,0,0,746,0,0,0
test,0442-0015.svg,1336,1001,0,7,2048,1,0,0.0,0.0,140.0,140.0,15,0,0,1321,0,0,0
test,0443-0015.svg,241,73,0,3,2048,1,0,0.0,0.0,140.0,140.0,0,0,0,241,0,0,0
test,0443-0017.svg,2564,1339,0,10,2048,2,0,0.0,0.0,140.0,140.0,28,0,0,2536,0,0,0
test,0443-0020.svg,285,102,0,4,2048,1,0,0.0,0.0,140.0,140.0,5,0,0,280,0,0,0
test,0443-0021.svg,159,38,0,4,2048,1,0,0.0,0.0,140.0,140.0,3,0,0,156,0,0,0
test,0443-0023.svg,216,98,0,3,2048,1,0,0.0,0.0,140.0,140.0,2,0,0,214,0,0,0
test,0443-0035.svg,88,7,0,1,2048,1,0,0.0,0.0,140.0,140.0,2,0,0,86,0,0,0
test,0443-0036.svg,300,82,0,4,2048,1,0,0.0,0.0,140.0,140.0,1,0,0,299,0,0,0
test,0443-0052.svg,57,21,0,2,2048,1,0,0.0,0.0,140.0,140.0,0,0,0,57,0,0,0
test,0443-0055.svg,86,4,0,1,2048,1,0,0.0,0.0,140.0,140.0,1,0,0,85,0,0,0
test,0443-0068.svg,144,50,0,2,2048,1,0,0.0,0.0,140.0,140.0,1,0,0,143,0,0,0
test,0443-0075.svg,163,56,0,3,2048,1,0,0.0,0.0,140.0,140.0,0,0,0,163,0,0,0
test,0443-0083.svg,201,75,0,4,2048,1,0,0.0,0.0,140.0,140.0,2,0,0,199,0,0,0
test,0443-0088.svg,235,71,0,3,2048,1,0,0.0,0.0,140.0,140.0,0,0,0,235,0,0,0
test,0443-0098.svg,163,58,0,4,2048,1,0,0.0,0.0,140.0,140.0,2,0,0,161,0,0,0
test,0444-0005.svg,467,262,0,4,2048,1,0,0.0,0.0,140.0,140.0,25,0,0,442,0,0,0
test,0444-0007.svg,680,393,0,4,2048,1,0,0.0,0.0,140.0,140.0,20,0,0,660,0,0,0
test,0444-0019.svg,687,404,0,4,2048,1,0,0.0,0.0,140.0,140.0,14,0,0,673,0,0,0
test,0445-0018.svg,442,153,0,3,2048,1,0,0.0,0.0,140.0,140.0,3,0,0,439,0,0,0
test,0445-0021.svg,677,251,0,6,2048,1,0,0.0,0.0,140.0,140.0,27,0,0,650,0,0,0
test,0446-0007.svg,2197,1616,0,14,2048,2,0,0.0,0.0,140.0,140.0,61,9,0,2127,0,0,0
test,0447-0004.svg,1622,998,0,12,2048,1,0,0.0,0.0,140.0,140.0,62,0,0,1560,0,0,0
test,0447-0008.svg,1552,943,0,12,2048,1,0,0.0,0.0,140.0,140.0,60,0,0,1492,0,0,0
test,0447-0012.svg,1254,731,0,12,2048,1,0,0.0,0.0,140.0,140.0,46,0,0,1208,0,0,0
test,0448-0006.svg,4101,1545,0,12,2048,3,0,0.0,0.0,140.0,140.0,35,4,0,4062,0,0,0
test,0449-0018.svg,8340,601,0,3,2048,5,0,0.0,0.0,140.0,140.0,70,0,0,8270,0,0,0
test,0452-0073.svg,1343,1018,0,13,2048,1,0,0.0,0.0,140.0,140.0,29,0,0,1314,0,0,0
test,0452-0096.svg,1259,770,0,13,2048,1,0,0.0,0.0,140.0,140.0,28,6,0,1225,0,0,0
test,0453-0023.svg,2610,909,0,5,2048,2,0,0.0,0.0,140.0,140.0,31,0,0,2579,0,0,0
test,0454-0008.svg,1198,64,0,3,2048,1,0,0.0,0.0,140.0,140.0,3,0,0,1195,0,0,0
test,0454-0017.svg,779,345,0,6,2048,1,0,0.0,0.0,140.0,140.0,1,0,0,778,0,0,0
test,0455-0003.svg,551,235,0,7,2048,1,0,0.0,0.0,140.0,140.0,30,0,0,521,0,0,0
test,0458-0017.svg,1282,515,0,10,2048,1,0,0.0,0.0,140.0,140.0,21,12,0,1249,0,0,0
test,0458-0022.svg,1376,476,0,10,2048,1,0,0.0,0.0,140.0,140.0,19,16,0,1341,0,0,0
test,0460-0006.svg,385,137,0,5,2048,1,0,0.0,0.0,140.0,140.0,3,0,0,382,0,0,0
test,0460-0008.svg,487,254,0,5,2048,1,0,0.0,0.0,140.0,140.0,2,0,0,485,0,0,0
test,0460-0018.svg,267,84,0,1,2048,1,0,0.0,0.0,140.0,140.0,8,0,0,259,0,0,0
test,0461-0032.svg,1617,978,0,13,2048,1,0,0.0,0.0,140.0,140.0,39,0,0,1578,0,0,0
test,0461-0046.svg,1868,1344,0,14,2048,1,0,0.0,0.0,140.0,140.0,53,0,0,1815,0,0,0
test,0461-0054.svg,833,501,0,10,2048,1,0,0.0,0.0,140.0,140.0,11,0,0,822,0,0,0
test,0461-0061.svg,559,314,0,8,2048,1,0,0.0,0.0,140.0,140.0,11,0,0,548,0,0,0
test,0462-0003.svg,155,2,0,1,2048,1,0,0.0,0.0,140.0,140.0,1,0,0,154,0,0,0
test,0462-0005.svg,196,4,0,1,2048,1,0,0.0,0.0,140.0,140.0,1,0,0,195,0,0,0
test,0462-0017.svg,812,374,0,8,2048,1,0,0.0,0.0,140.0,140.0,9,0,0,803,0,0,0
test,0462-0024.svg,559,248,0,7,2048,1,0,0.0,0.0,140.0,140.0,12,0,0,547,0,0,0
test,0462-0025.svg,733,83,0,4,2048,1,0,0.0,0.0,140.0,140.0,12,0,0,721,0,0,0
test,0462-0031.svg,1303,19,0,2,2048,1,0,0.0,0.0,140.0,140.0,2,0,0,1301,0,0,0
test,0462-0060.svg,428,119,0,3,2048,1,0,0.0,0.0,140.0,140.0,10,0,0,418,0,0,0
test,0462-0065.svg,424,104,0,2,2048,1,0,0.0,0.0,140.0,140.0,7,0,0,417,0,0,0
test,0462-0066.svg,739,195,0,2,2048,1,0,0.0,0.0,140.0,140.0,8,0,0,731,0,0,0
test,0463-0011.svg,389,164,0,6,2048,1,0,0.0,0.0,140.0,140.0,13,0,0,376,0,0,0
test,0464-0021.svg,445,166,0,5,2048,1,0,0.0,0.0,140.0,140.0,12,0,0,433,0,0,0
test,0465-0002.svg,1569,1032,0,12,2048,1,0,0.0,0.0,140.0,140.0,41,3,0,1525,0,0,0
test,0466-0038.svg,711,582,0,6,2048,1,0,0.0,0.0,140.0,140.0,8,0,0,703,0,0,0
test,0468-0004.svg,1942,1382,0,14,2048,1,0,0.0,0.0,140.0,140.0,47,3,0,1892,0,0,0
test,0469-0007.svg,1414,521,0,10,2048,1,0,0.0,0.0,140.0,140.0,30,10,0,1374,0,0,0
test,0469-0012.svg,1385,493,0,10,2048,1,0,0.0,0.0,140.0,140.0,23,12,0,1350,0,0,0
test,0469-0027.svg,719,278,0,9,2048,1,0,0.0,0.0,140.0,140.0,14,6,0,699,0,0,0
test,0470-0000.svg,1105,701,0,15,2048,1,0,0.0,0.0,140.0,140.0,15,0,0,1090,0,0,0
test,0472-0016.svg,826,243,0,9,2048,1,0,0.0,0.0,140.0,140.0,17,0,0,809,0,0,0
test,0472-0018.svg,415,213,0,3,2048,1,0,0.0,0.0,140.0,140.0,4,0,0,411,0,0,0
test,0473-0000.svg,1100,838,0,3,2048,1,0,0.0,0.0,140.0,140.0,1,0,0,1099,0,0,0
test,0473-0040.svg,813,290,0,6,2048,1,0,0.0,0.0,140.0,140.0,8,0,0,805,0,0,0
test,0473-0079.svg,1485,530,0,5,2048,1,0,0.0,0.0,140.0,140.0,17,0,0,1468,0,0,0
test,0473-0080.svg,2192,877,0,8,2048,2,0,0.0,0.0,140.0,140.0,7,0,0,2185,0,0,0
test,0474-0023.svg,361,104,0,4,2048,1,0,0.0,0.0,140.0,140.0,7,2,0,352,0,0,0
test,0474-0027.svg,766,284,0,9,2048,1,0,0.0,0.0,140.0,140.0,20,3,0,743,0,0,0
test,0475-0005.svg,188,80,0,5,2048,1,0,0.0,0.0,140.0,140.0,3,0,0,185,0,0,0
test,0475-0006.svg,234,78,0,5,2048,1,0,0.0,0.0,140.0,140.0,7,0,0,227,0,0,0
test,0476-0002.svg,1331,857,0,13,2048,1,0,0.0,0.0,140.0,140.0,33,1,0,1297,0,0,0
test,0476-0004.svg,1111,624,0,12,2048,1,0,0.0,0.0,140.0,140.0,22,0,0,1089,0,0,0
test,0477-0011.svg,577,224,0,5,2048,1,0,0.0,0.0,140.0,140.0,20,0,0,557,0,0,0
test,0477-0012.svg,1046,527,0,11,2048,1,0,0.0,0.0,140.0,140.0,32,5,0,1009,0,0,0
test,0477-0013.svg,295,99,0,5,2048,1,0,0.0,0.0,140.0,140.0,9,1,0,285,0,0,0
test,0478-0490.svg,120,58,0,3,2048,1,0,0.0,0.0,140.0,140.0,1,0,0,119,0,0,0
test,0478-0492.svg,272,145,0,4,2048,1,0,0.0,0.0,140.0,140.0,2,0,0,270,0,0,0
test,0478-0509.svg,558,416,0,6,2048,1,0,0.0,0.0,140.0,140.0,18,0,0,540,0,0,0
test,0478-0514.svg,307,156,0,3,2048,1,0,0.0,0.0,140.0,140.0,2,0,0,305,0,0,0
test,0478-0529.svg,324,116,0,4,2048,1,0,0.0,0.0,140.0,140.0,6,0,0,318,0,0,0
test,0478-0533.svg,118,21,0,3,2048,1,0,0.0,0.0,140.0,140.0,1,0,0,117,0,0,0
test,0478-0534.svg,157,64,0,4,2048,1,0,0.0,0.0,140.0,140.0,1,0,0,156,0,0,0
test,0478-0549.svg,128,66,0,3,2048,1,0,0.0,0.0,140.0,140.0,0,0,0,128,0,0,0
test,0478-0570.svg,148,64,0,3,2048,1,0,0.0,0.0,140.0,140.0,1,0,0,147,0,0,0
test,0478-0576.svg,141,59,0,4,2048,1,0,0.0,0.0,140.0,140.0,1,0,0,140,0,0,0
test,0478-0593.svg,151,60,0,3,2048,1,0,0.0,0.0,140.0,140.0,1,0,0,150,0,0,0
test,0478-0599.svg,128,38,0,1,2048,1,0,0.0,0.0,140.0,140.0,2,0,0,126,0,0,0
test,0478-0614.svg,91,50,0,3,2048,1,0,0.0,0.0,140.0,140.0,0,0,0,91,0,0,0
test,0478-0618.svg,341,150,0,2,2048,1,0,0.0,0.0,140.0,140.0,4,0,0,337,0,0,0
test,0478-0619.svg,152,32,0,1,2048,1,0,0.0,0.0,140.0,140.0,5,0,0,147,0,0,0
test,0478-0620.svg,90,24,0,1,2048,1,0,0.0,0.0,140.0,140.0,3,0,0,87,0,0,0
test,0478-0638.svg,384,215,0,4,2048,1,0,0.0,0.0,140.0,140.0,2,0,0,382,0,0,0
test,0478-0654.svg,326,188,0,4,2048,1,0,0.0,0.0,140.0,140.0,1,0,0,325,0,0,0
test,0478-0660.svg,426,231,0,3,2048,1,0,0.0,0.0,140.0,140.0,1,0,0,425,0,0,0
test,0478-0664.svg,355,203,0,4,2048,1,0,0.0,0.0,140.0,140.0,3,0,0,352,0,0,0
test,0478-0685.svg,112,62,0,3,2048,1,0,0.0,0.0,140.0,140.0,1,0,0,111,0,0,0
test,0478-0697.svg,143,27,0,2,2048,1,0,0.0,0.0,140.0,140.0,1,0,0,142,0,0,0
test,0478-0699.svg,130,63,0,4,2048,1,0,0.0,0.0,140.0,140.0,1,0,0,129,0,0,0
test,0478-0722.svg,183,56,0,2,2048,1,0,0.0,0.0,140.0,140.0,1,0,0,182,0,0,0
test,0478-0738.svg,278,161,0,5,2048,1,0,0.0,0.0,140.0,140.0,3,0,0,275,0,0,0
test,0478-0748.svg,168,79,0,3,2048,1,0,0.0,0.0,140.0,140.0,5,0,0,163,0,0,0
test,0478-0759.svg,111,46,0,3,2048,1,0,0.0,0.0,140.0,140.0,1,0,0,110,0,0,0
test,0478-0783.svg,118,57,0,4,2048,1,0,0.0,0.0,140.0,140.0,1,0,0,117,0,0,0
test,0478-0843.svg,371,207,0,4,2048,1,0,0.0,0.0,140.0,140.0,1,0,0,370,0,0,0
test,0478-0845.svg,88,38,0,4,2048,1,0,0.0,0.0,140.0,140.0,1,0,0,87,0,0,0
test,0478-0847.svg,78,14,0,1,2048,1,0,0.0,0.0,140.0,140.0,0,0,0,78,0,0,0
test,0478-0849.svg,311,117,0,4,2048,1,0,0.0,0.0,140.0,140.0,7,0,0,304,0,0,0
test,0478-0853.svg,184,91,0,3,2048,1,0,0.0,0.0,140.0,140.0,3,0,0,181,0,0,0
test,0478-0866.svg,172,59,0,4,2048,1,0,0.0,0.0,140.0,140.0,1,0,0,171,0,0,0
test,0478-0874.svg,410,209,0,4,2048,1,0,0.0,0.0,140.0,140.0,2,0,0,408,0,0,0
test,0478-0893.svg,46,14,0,2,2048,1,0,0.0,0.0,140.0,140.0,1,0,0,45,0,0,0
test,0478-0894.svg,322,169,0,5,2048,1,0,0.0,0.0,140.0,140.0,2,0,0,320,0,0,0
test,0478-0935.svg,200,110,0,5,2048,1,0,0.0,0.0,140.0,140.0,1,0,0,199,0,0,0
test,0478-0949.svg,1475,1060,0,11,2048,1,0,0.0,0.0,140.0,140.0,34,0,0,1441,0,0,0
test,0478-0969.svg,276,162,0,3,2048,1,0,0.0,0.0,140.0,140.0,0,0,0,276,0,0,0
test,0479-0003.svg,693,405,0,6,2048,1,0,0.0,0.0,140.0,140.0,11,0,0,682,0,0,0
test,0479-0021.svg,880,647,0,5,2048,1,0,0.0,0.0,140.0,140.0,17,0,0,863,0,0,0
test,0479-0025.svg,347,89,0,5,2048,1,0,0.0,0.0,140.0,140.0,6,0,0,341,0,0,0
test,0482-0008.svg,1019,992,0,1,2048,1,0,0.0,0.0,140.0,140.0,2,0,0,1017,0,0,0
test,0482-0016.svg,658,157,0,6,2048,1,0,0.0,0.0,140.0,140.0,14,0,0,644,0,0,0
test,0482-0031.svg,683,519,0,4,2048,1,0,0.0,0.0,140.0,140.0,2,0,0,681,0,0,0
test,0482-0032.svg,301,162,0,6,2048,1,0,0.0,0.0,140.0,140.0,5,0,0,296,0,0,0
test,0482-0082.svg,1198,1189,0,3,2048,1,0,0.0,0.0,140.0,140.0,0,0,0,1198,0,0,0
test,0483-0011.svg,629,273,0,5,2048,1,0,0.0,0.0,140.0,140.0,26,0,0,603,0,0,0
test,0486-0000.svg,221,4,0,1,2048,1,0,0.0,0.0,140.0,140.0,2,0,0,219,0,0,0
test,0486-0001.svg,416,23,0,1,2048,1,0,0.0,0.0,140.0,140.0,1,0,0,415,0,0,0
test,0486-0003.svg,729,178,0,3,2048,1,0,0.0,0.0,140.0,140.0,3,0,0,726,0,0,0
test,0486-0018.svg,672,259,0,4,2048,1,0,0.0,0.0,140.0,140.0,2,0,0,670,0,0,0
test,0487-0007.svg,1649,1032,0,12,2048,1,0,0.0,0.0,140.0,140.0,56,21,0,1572,0,0,0
test,0488-0000.svg,804,432,0,10,2048,1,0,0.0,0.0,140.0,140.0,36,0,0,768,0,0,0
test,0489-0004.svg,2152,1175,0,11,2048,2,0,0.0,0.0,140.0,140.0,69,1,0,2082,0,0,0
test,0489-0010.svg,1437,708,0,11,2048,1,0,0.0,0.0,140.0,140.0,52,0,0,1385,0,0,0
test,0490-0079.svg,580,270,0,6,2048,1,0,0.0,0.0,140.0,140.0,2,0,0,578,0,0,0
test,0490-0122.svg,531,446,0,3,2048,1,0,0.0,0.0,140.0,140.0,3,0,0,528,0,0,0
test,0490-0163.svg,965,846,0,3,2048,1,0,0.0,0.0,140.0,140.0,5,0,0,960,0,0,0
test,0492-0018.svg,576,101,0,4,2048,1,0,0.0,0.0,140.0,140.0,1,0,0,575,0,0,0
test,0492-0025.svg,485,83,0,3,2048,1,0,0.0,0.0,140.0,140.0,11,0,0,474,0,0,0
test,0493-0008.svg,141,85,0,2,2048,1,0,0.0,0.0,140.0,140.0,0,0,0,141,0,0,0
test,0493-0009.svg,280,171,0,3,2048,1,0,0.0,0.0,140.0,140.0,0,0,0,280,0,0,0
test,0493-0013.svg,275,181,0,3,2048,1,0,0.0,0.0,140.0,140.0,0,0,0,275,0,0,0
test,0493-0034.svg,122,29,0,1,2048,1,0,0.0,0.0,140.0,140.0,3,0,0,119,0,0,0
test,0493-0062.svg,137,64,0,1,2048,1,0,0.0,0.0,140.0,140.0,0,2,0,135,0,0,0
test,0493-0071.svg,129,60,0,1,2048,1,0,0.0,0.0,140.0,140.0,0,2,0,127,0,0,0
test,0493-0087.svg,112,52,0,3,2048,1,0,0.0,0.0,140.0,140.0,1,0,0,111,0,0,0
test,0493-0093.svg,274,152,0,4,2048,1,0,0.0,0.0,140.0,140.0,1,2,0,271,0,0,0
test,0493-0097.svg,161,114,0,1,2048,1,0,0.0,0.0,140.0,140.0,0,2,0,159,0,0,0
test,0493-0107.svg,398,181,0,5,2048,1,0,0.0,0.0,140.0,140.0,1,2,0,395,0,0,0
test,0493-0113.svg,356,181,0,3,2048,1,0,0.0,0.0,140.0,140.0,1,2,0,353,0,0,0
test,0493-0117.svg,661,435,0,4,2048,1,0,0.0,0.0,140.0,140.0,1,2,0,658,0,0,0
test,0493-0142.svg,451,145,0,3,2048,1,0,0.0,0.0,140.0,140.0,3,0,0,448,0,0,0
test,0493-0159.svg,865,415,0,5,2048,1,0,0.0,0.0,140.0,140.0,0,2,0,863,0,0,0
test,0493-0160.svg,351,56,0,2,2048,1,0,0.0,0.0,140.0,140.0,2,2,0,347,0,0,0
test,0493-0170.svg,770,468,0,7,2048,1,0,0.0,0.0,140.0,140.0,0,4,0,766,0,0,0
test,0493-0173.svg,732,441,0,5,2048,1,0,0.0,0.0,140.0,140.0,0,4,0,728,0,0,0
test,0493-0177.svg,285,69,0,4,2048,1,0,0.0,0.0,140.0,140.0,1,4,0,280,0,0,0
test,0493-0185.svg,1083,689,0,7,2048,1,0,0.0,0.0,140.0,140.0,1,4,0,1078,0,0,0
test,0493-0186.svg,689,252,0,2,2048,1,0,0.0,0.0,140.0,140.0,6,2,0,681,0,0,0
test,0493-0192.svg,686,406,0,7,2048,1,0,0.0,0.0,140.0,140.0,0,2,0,684,0,0,0
test,0493-0198.svg,233,84,0,2,2048,1,0,0.0,0.0,140.0,140.0,0,0,0,233,0,0,0
test,0493-0200.svg,862,488,0,7,2048,1,0,0.0,0.0,140.0,140.0,0,6,0,856,0,0,0
test,0493-0211.svg,1031,584,0,6,2048,1,0,0.0,0.0,140.0,140.0,1,4,0,1026,0,0,0
test,0493-0212.svg,891,278,0,4,2048,1,0,0.0,0.0,140.0,140.0,159,0,0,732,0,0,0
test,0493-0239.svg,1144,639,0,8,2048,1,0,0.0,0.0,140.0,140.0,195,0,0,949,0,0,0
test,0493-0256.svg,411,113,0,3,2048,1,0,0.0,0.0,140.0,140.0,6,4,0,401,0,0,0
test,0493-0273.svg,208,61,0,1,2048,1,0,0.0,0.0,140.0,140.0,0,0,0,208,0,0,0
test,0493-0280.svg,555,73,0,1,2048,1,0,0.0,0.0,140.0,140.0,65,0,0,490,0,0,0
test,0493-0291.svg,522,307,0,3,2048,1,0,0.0,0.0,140.0,140.0,0,2,0,520,0,0,0
test,0493-0295.svg,585,337,0,6,2048,1,0,0.0,0.0,140.0,140.0,0,2,0,583,0,0,0
test,0493-0307.svg,489,130,0,5,2048,1,0,0.0,0.0,140.0,140.0,18,2,0,469,0,0,0
test,0493-0331.svg,157,14,0,1,2048,1,0,0.0,0.0,140.0,140.0,0,0,0,157,0,0,0
test,0494-0006.svg,626,301,0,5,2048,1,0,0.0,0.0,140.0,140.0,29,0,0,597,0,0,0
test,0494-0012.svg,946,482,0,10,2048,1,0,0.0,0.0,140.0,140.0,35,4,0,907,0,0,0
test,0494-0016.svg,572,221,0,5,2048,1,0,0.0,0.0,140.0,140.0,20,0,0,552,0,0,0
test,0494-0022.svg,1076,532,0,11,2048,1,0,0.0,0.0,140.0,140.0,37,6,0,1033,0,0,0
test,0496-0014.svg,91,43,0,2,2048,1,0,0.0,0.0,140.0,140.0,3,0,0,88,0,0,0
test,0496-0022.svg,305,87,0,2,2048,1,0,0.0,0.0,140.0,140.0,6,0,0,299,0,0,0
test,0496-0034.svg,204,69,0,2,2048,1,0,0.0,0.0,140.0,140.0,2,0,0,202,0,0,0
test,0497-0008.svg,465,144,0,4,2048,1,0,0.0,0.0,140.0,140.0,5,0,0,460,0,0,0
test,0497-0017.svg,1110,590,0,11,2048,1,0,0.0,0.0,140.0,140.0,38,8,0,1064,0,0,0
test,0498-0050.svg,1226,791,0,7,2048,1,0,0.0,0.0,140.0,140.0,57,0,0,1169,0,0,0
test,0498-0079.svg,867,483,0,8,2048,1,0,0.0,0.0,140.0,140.0,27,0,0,840,0,0,0
test,0498-0113.svg,1310,786,0,6,2048,1,0,0.0,0.0,140.0,140.0,20,0,0,1290,0,0,0
test,0498-0142.svg,1205,701,0,8,2048,1,0,0.0,0.0,140.0,140.0,18,0,0,1187,0,0,0
test,0498-0170.svg,645,227,0,5,2048,1,0,0.0,0.0,140.0,140.0,9,0,0,636,0,0,0
test,0498-0172.svg,196,73,0,3,2048,1,0,0.0,0.0,140.0,140.0,8,0,0,188,0,0,0
test,0498-0197.svg,476,59,0,4,2048,1,0,0.0,0.0,140.0,140.0,9,0,0,467,0,0,0
test,0498-0256.svg,545,177,0,6,2048,1,0,0.0,0.0,140.0,140.0,8,0,0,537,0,0,0
test,0498-0284.svg,514,371,0,7,2048,1,0,0.0,0.0,140.0,140.0,12,0,0,502,0,0,0
test,0498-0285.svg,500,177,0,6,2048,1,0,0.0,0.0,140.0,140.0,4,0,0,496,0,0,0
test,0498-0287.svg,520,68,0,4,2048,1,0,0.0,0.0,140.0,140.0,6,0,0,514,0,0,0
test,0500-0017.svg,963,584,0,6,2048,1,0,0.0,0.0,140.0,140.0,0,0,0,963,0,0,0
test,0501-0022.svg,1390,513,0,11,2048,1,0,0.0,0.0,140.0,140.0,29,10,0,1351,0,0,0
test,0502-0002.svg,442,62,0,2,2048,1,0,0.0,0.0,140.0,140.0,7,0,0,435,0,0,0
test,0505-0019.svg,372,34,0,1,2048,1,0,0.0,0.0,140.0,140.0,8,0,0,364,0,0,0
test,0506-0032.svg,775,449,0,7,2048,1,0,0.0,0.0,140.0,140.0,2,0,0,773,0,0,0
test,0506-0033.svg,596,310,0,4,2048,1,0,0.0,0.0,140.0,140.0,4,0,0,592,0,0,0
test,0511-0006.svg,350,78,0,4,2048,1,0,0.0,0.0,140.0,140.0,7,0,0,343,0,0,0
test,0511-0008.svg,75,2,0,1,2048,1,0,0.0,0.0,140.0,140.0,8,0,0,67,0,0,0
test,0511-0022.svg,198,27,0,2,2048,1,0,0.0,0.0,140.0,140.0,3,0,0,195,0,0,0
test,0513-0013.svg,609,324,0,9,2048,1,0,0.0,0.0,140.0,140.0,15,2,0,592,0,0,0
test,0513-0020.svg,919,165,0,4,2048,1,0,0.0,0.0,140.0,140.0,13,4,0,902,0,0,0
test,0513-0037.svg,852,358,0,9,2048,1,0,0.0,0.0,140.0,140.0,14,2,0,836,0,0,0
test,0513-0042.svg,489,213,0,7,2048,1,0,0.0,0.0,140.0,140.0,17,1,0,471,0,0,0
test,0513-0057.svg,3863,1878,0,10,2048,2,0,0.0,0.0,140.0,140.0,53,8,0,3802,0,0,0
test,0513-0064.svg,5950,3684,0,9,2048,3,0,0.0,0.0,140.0,140.0,113,11,0,5826,0,0,0
test,0513-0065.svg,7142,4634,0,10,2048,4,0,0.0,0.0,140.0,140.0,128,13,0,7001,0,0,0
test,0513-0072.svg,5368,179,0,3,2048,3,0,0.0,0.0,140.0,140.0,120,18,0,5230,0,0,0
test,0513-0073.svg,3859,2070,0,11,2048,2,0,0.0,0.0,140.0,140.0,87,11,0,3761,0,0,0
test,0514-0002.svg,528,287,0,2,2048,1,0,0.0,0.0,140.0,140.0,1,0,0,527,0,0,0
test,0515-0016.svg,572,226,0,5,2048,1,0,0.0,0.0,140.0,140.0,20,0,0,552,0,0,0
test,0515-0017.svg,1032,592,0,11,2048,1,0,0.0,0.0,140.0,140.0,40,6,0,986,0,0,0
test,0516-0007.svg,646,436,0,10,2048,1,0,0.0,0.0,140.0,140.0,19,2,0,625,0,0,0
test,0520-0322.svg,3360,46,0,2,2048,2,0,0.0,0.0,140.0,140.0,0,0,0,3360,0,0,0
test,0520-0324.svg,3486,103,0,3,2048,2,0,0.0,0.0,140.0,140.0,1,0,0,3485,0,0,0
test,0520-0326.svg,3411,41,0,2,2048,2,0,0.0,0.0,140.0,140.0,0,0,0,3411,0,0,0
test,0520-0327.svg,3338,44,0,1,2048,2,0,0.0,0.0,140.0,140.0,1,0,0,3337,0,0,0
test,0520-0407.svg,653,67,0,2,2048,1,0,0.0,0.0,140.0,140.0,4,0,0,649,0,0,0
test,0520-0414.svg,3385,70,0,1,2048,2,0,0.0,0.0,140.0,140.0,2,0,0,3383,0,0,0
test,0520-0454.svg,557,322,0,6,2048,1,0,0.0,0.0,140.0,140.0,0,0,0,557,0,0,0
test,0520-0488.svg,4046,42,0,4,2048,2,0,0.0,0.0,140.0,140.0,0,0,0,4046,0,0,0
test,0520-0493.svg,2766,181,0,3,2048,2,0,0.0,0.0,140.0,140.0,1,0,0,2765,0,0,0
test,0520-0531.svg,4012,20,0,1,2048,2,0,0.0,0.0,140.0,140.0,0,0,0,4012,0,0,0
test,0520-0579.svg,5522,29,0,1,2048,3,0,0.0,0.0,140.0,140.0,0,0,0,5522,0,0,0
test,0521-0009.svg,1786,695,0,6,2048,1,0,0.0,0.0,140.0,140.0,7,0,0,1779,0,0,0
test,0521-0010.svg,1878,746,0,8,2048,1,0,0.0,0.0,140.0,140.0,3,0,0,1875,0,0,0
test,0521-0014.svg,822,444,0,9,2048,1,0,0.0,0.0,140.0,140.0,32,0,0,790,0,0,0
test,0522-0003.svg,1042,621,0,13,2048,1,0,0.0,0.0,140.0,140.0,20,0,0,1022,0,0,0
test,0522-0007.svg,1439,860,0,12,2048,1,0,0.0,0.0,140.0,140.0,38,0,0,1401,0,0,0
test,0523-0078.svg,324,101,0,4,2048,1,0,0.0,0.0,140.0,140.0,14,2,0,308,0,0,0
test,0523-0105.svg,8267,3972,0,9,2048,5,0,0.0,0.0,140.0,140.0,167,32,0,8068,0,0,0
test,0525-0006.svg,1042,71,0,2,2048,1,0,0.0,0.0,140.0,140.0,13,0,0,1029,0,0,0
test,0525-0010.svg,896,79,0,2,2048,1,0,0.0,0.0,140.0,140.0,10,0,0,886,0,0,0
test,0526-0020.svg,393,177,0,4,2048,1,0,0.0,0.0,140.0,140.0,7,0,0,386,0,0,0
test,0526-0022.svg,112,93,0,5,2048,1,0,0.0,0.0,140.0,140.0,0,0,0,112,0,0,0
test,0526-0050.svg,298,225,0,2,2048,1,0,0.0,0.0,140.0,140.0,5,0,0,293,0,0,0
test,0526-0065.svg,612,512,0,6,2048,1,0,0.0,0.0,140.0,140.0,9,0,0,603,0,0,0
test,0526-0080.svg,336,255,0,4,2048,1,0,0.0,0.0,140.0,140.0,4,0,0,332,0,0,0
test,0526-0083.svg,137,93,0,5,2048,1,0,0.0,0.0,140.0,140.0,0,0,0,137,0,0,0
test,0526-0096.svg,472,291,0,7,2048,1,0,0.0,0.0,140.0,140.0,8,0,0,464,0,0,0
test,0526-0110.svg,526,444,0,7,2048,1,0,0.0,0.0,140.0,140.0,6,0,0,520,0,0,0
test,0526-0113.svg,58,27,0,2,2048,1,0,0.0,0.0,140.0,140.0,0,0,0,58,0,0,0
test,0526-0126.svg,173,67,0,3,2048,1,0,0.0,0.0,140.0,140.0,3,0,0,170,0,0,0
test,0529-0000.svg,1135,666,0,12,2048,1,0,0.0,0.0,140.0,140.0,38,0,0,1097,0,0,0
test,0530-0004.svg,1023,781,0,9,2048,1,0,0.0,0.0,140.0,140.0,8,0,0,1015,0,0,0
test,0530-0008.svg,432,234,0,5,2048,1,0,0.0,0.0,140.0,140.0,9,0,0,423,0,0,0
test,0531-0003.svg,842,476,0,11,2048,1,0,0.0,0.0,140.0,140.0,6,0,0,836,0,0,0
test,0531-0004.svg,498,180,0,6,2048,1,0,0.0,0.0,140.0,140.0,0,0,0,498,0,0,0
test,0531-0008.svg,750,41,0,1,2048,1,0,0.0,0.0,140.0,140.0,0,0,0,750,0,0,0
test,0531-0021.svg,988,213,0,4,2048,1,0,0.0,0.0,140.0,140.0,6,0,0,982,0,0,0
test,0531-0022.svg,1039,89,0,4,2048,1,0,0.0,0.0,140.0,140.0,3,0,0,1036,0,0,0
test,0532-0018.svg,488,116,0,2,2048,1,0,0.0,0.0,140.0,140.0,4,0,0,484,0,0,0
test,0532-0019.svg,208,4,0,1,2048,1,0,0.0,0.0,140.0,140.0,8,0,0,200,0,0,0
test,0532-0026.svg,588,160,0,3,2048,1,0,0.0,0.0,140.0,140.0,9,0,0,579,0,0,0
test,0533-0022.svg,2302,1691,0,14,2048,2,0,0.0,0.0,140.0,140.0,57,0,0,2245,0,0,0
test,0534-0002.svg,378,10,0,1,2048,1,0,0.0,0.0,140.0,140.0,2,0,0,376,0,0,0
test,0534-0018.svg,507,29,0,1,2048,1,0,0.0,0.0,140.0,140.0,1,0,0,506,0,0,0
test,0535-0004.svg,1056,464,0,9,2048,1,0,0.0,0.0,140.0,140.0,31,0,0,1025,0,0,0
test,0536-0004.svg,348,193,0,6,2048,1,0,0.0,0.0,140.0,140.0,0,0,0,348,0,0,0
test,0536-0027.svg,657,342,0,8,2048,1,0,0.0,0.0,140.0,140.0,15,0,0,642,0,0,0
test,0538-0077.svg,14627,11,0,2,2048,8,0,0.0,0.0,140.0,140.0,5,0,0,14622,0,0,0
test,0541-0011.svg,445,168,0,3,2048,1,0,0.0,0.0,140.0,140.0,13,0,0,432,0,0,0
test,0541-0012.svg,1019,540,0,9,2048,1,0,0.0,0.0,140.0,140.0,24,7,0,988,0,0,0
test,0541-0016.svg,348,124,0,3,2048,1,0,0.0,0.0,140.0,140.0,13,0,0,335,0,0,0
test,0542-0012.svg,2225,1617,0,12,2048,2,0,0.0,0.0,140.0,140.0,46,12,0,2167,0,0,0
test,0543-0020.svg,1051,395,0,5,2048,1,0,0.0,0.0,140.0,140.0,24,0,0,1027,0,0,0
test,0543-0026.svg,961,432,0,5,2048,1,0,0.0,0.0,140.0,140.0,32,0,0,929,0,0,0
test,0543-0036.svg,261,16,0,2,2048,1,0,0.0,0.0,140.0,140.0,1,0,0,260,0,0,0
test,0543-0038.svg,256,82,0,3,2048,1,0,0.0,0.0,140.0,140.0,0,0,0,256,0,0,0
test,0543-0050.svg,414,140,0,3,2048,1,0,0.0,0.0,140.0,140.0,0,0,0,414,0,0,0
test,0543-0062.svg,441,152,0,3,2048,1,0,0.0,0.0,140.0,140.0,1,0,0,440,0,0,0
test,0545-0006.svg,1623,916,0,10,2048,1,0,0.0,0.0,140.0,140.0,54,0,0,1569,0,0,0
test,0547-0007.svg,695,405,0,5,2048,1,0,0.0,0.0,140.0,140.0,18,0,0,677,0,0,0
test,0547-0036.svg,660,359,0,5,2048,1,0,0.0,0.0,140.0,140.0,19,0,0,641,0,0,0
test,0547-0041.svg,293,144,0,4,2048,1,0,0.0,0.0,140.0,140.0,14,0,0,279,0,0,0
test,0548-0012.svg,1409,586,0,10,2048,1,0,0.0,0.0,140.0,140.0,18,15,0,1376,0,0,0
test,0548-0022.svg,996,357,0,8,2048,1,0,0.0,0.0,140.0,140.0,16,7,0,973,0,0,0
test,0550-0007.svg,947,601,0,5,2048,1,0,0.0,0.0,140.0,140.0,14,0,0,933,0,0,0
test,0550-0011.svg,325,122,0,4,2048,1,0,0.0,0.0,140.0,140.0,4,0,0,321,0,0,0
test,0551-0067.svg,849,123,0,5,2048,1,0,0.0,0.0,140.0,140.0,14,6,0,829,0,0,0
test,0552-0018.svg,348,102,0,4,2048,1,0,0.0,0.0,140.0,140.0,6,1,0,341,0,0,0
test,0553-0006.svg,642,60,0,3,2048,1,0,0.0,0.0,140.0,140.0,13,0,0,629,0,0,0
test,0553-0012.svg,1360,456,0,10,2048,1,0,0.0,0.0,140.0,140.0,17,13,0,1330,0,0,0
test,0553-0017.svg,1289,605,0,8,2048,1,0,0.0,0.0,140.0,140.0,16,13,0,1260,0,0,0
test,0553-0021.svg,673,64,0,3,2048,1,0,0.0,0.0,140.0,140.0,13,0,0,660,0,0,0
test,0554-0076.svg,305,128,0,4,2048,1,0,0.0,0.0,140.0,140.0,11,0,0,294,0,0,0
test,0554-0089.svg,506,262,0,7,2048,1,0,0.0,0.0,140.0,140.0,9,0,0,497,0,0,0
test,0554-0124.svg,521,164,0,6,2048,1,0,0.0,0.0,140.0,140.0,8,0,0,513,0,0,0
test,0554-0187.svg,317,73,0,4,2048,1,0,0.0,0.0,140.0,140.0,19,0,0,298,0,0,0
test,0554-0196.svg,411,193,0,7,2048,1,0,0.0,0.0,140.0,140.0,9,0,0,402,0,0,0
test,0554-0222.svg,448,157,0,7,2048,1,0,0.0,0.0,140.0,140.0,33,0,0,415,0,0,0
test,0554-0224.svg,418,107,0,5,2048,1,0,0.0,0.0,140.0,140.0,23,0,0,395,0,0,0
test,0554-0253.svg,244,89,0,4,2048,1,0,0.0,0.0,140.0,140.0,0,0,0,244,0,0,0
test,0554-0257.svg,741,412,0,8,2048,1,0,0.0,0.0,140.0,140.0,23,0,0,718,0,0,0
test,0554-0260.svg,510,180,0,7,2048,1,0,0.0,0.0,140.0,140.0,23,0,0,487,0,0,0
test,0554-0264.svg,595,304,0,7,2048,1,0,0.0,0.0,140.0,140.0,18,0,0,577,0,0,0
test,0554-0269.svg,710,428,0,9,2048,1,0,0.0,0.0,140.0,140.0,10,1,0,699,0,0,0
test,0554-0291.svg,630,355,0,10,2048,1,0,0.0,0.0,140.0,140.0,25,2,0,603,0,0,0
test,0554-0294.svg,449,266,0,6,2048,1,0,0.0,0.0,140.0,140.0,21,0,0,428,0,0,0
test,0554-0304.svg,359,73,0,6,2048,1,0,0.0,0.0,140.0,140.0,7,0,0,352,0,0,0
test,0554-0305.svg,632,406,0,7,2048,1,0,0.0,0.0,140.0,140.0,9,2,0,621,0,0,0
test,0555-0002.svg,348,160,0,5,2048,1,0,0.0,0.0,140.0,140.0,2,0,0,346,0,0,0
test,0555-0008.svg,493,253,0,7,2048,1,0,0.0,0.0,140.0,140.0,0,0,0,493,0,0,0
test,0555-0014.svg,640,319,0,6,2048,1,0,0.0,0.0,140.0,140.0,0,0,0,640,0,0,0
test,0555-0023.svg,302,58,0,2,2048,1,0,0.0,0.0,140.0,140.0,0,0,0,302,0,0,0
test,0555-0027.svg,1447,1004,0,9,2048,1,0,0.0,0.0,140.0,140.0,16,0,0,1431,0,0,0
test,0556-0007.svg,509,243,0,6,2048,1,0,0.0,0.0,140.0,140.0,5,2,0,502,0,0,0
test,0556-0009.svg,1164,760,0,11,2048,1,0,0.0,0.0,140.0,140.0,39,4,0,1121,0,0,0
test,0556-0012.svg,415,124,0,4,2048,1,0,0.0,0.0,140.0,140.0,5,0,0,410,0,0,0
test,0556-0013.svg,790,332,0,6,2048,1,0,0.0,0.0,140.0,140.0,18,2,0,770,0,0,0
test,0556-0014.svg,751,324,0,10,2048,1,0,0.0,0.0,140.0,140.0,8,0,0,743,0,0,0
test,0557-2134.svg,2399,284,0,1,2048,2,0,0.0,0.0,140.0,140.0,0,0,0,2399,0,0,0
test,0557-2261.svg,669,409,0,5,2048,1,0,0.0,0.0,140.0,140.0,2,0,0,667,0,0,0
test,0557-2290.svg,635,444,0,7,2048,1,0,0.0,0.0,140.0,140.0,18,0,0,617,0,0,0
test,0557-2291.svg,562,385,0,6,2048,1,0,0.0,0.0,140.0,140.0,0,0,0,562,0,0,0
test,0557-2293.svg,604,143,0,5,2048,1,0,0.0,0.0,140.0,140.0,1,0,0,603,0,0,0
test,0557-2320.svg,756,530,0,9,2048,1,0,0.0,0.0,140.0,140.0,10,0,0,746,0,0,0
test,0557-2321.svg,969,702,0,7,2048,1,0,0.0,0.0,140.0,140.0,2,0,0,967,0,0,0
test,0557-2349.svg,512,156,0,3,2048,1,0,0.0,0.0,140.0,140.0,2,0,0,510,0,0,0
test,0558-0009.svg,1096,604,0,10,2048,1,0,0.0,0.0,140.0,140.0,23,0,0,1073,0,0,0
test,0558-0021.svg,1050,662,0,14,2048,1,0,0.0,0.0,140.0,140.0,18,0,0,1032,0,0,0
test,0558-0022.svg,1319,746,0,14,2048,1,0,0.0,0.0,140.0,140.0,29,0,0,1290,0,0,0
test,0559-0013.svg,1160,720,0,9,2048,1,0,0.0,0.0,140.0,140.0,22,0,0,1138,0,0,0
test,0559-0018.svg,417,218,0,5,2048,1,0,0.0,0.0,140.0,140.0,6,0,0,411,0,0,0
test,0561-0003.svg,1539,516,0,8,2048,1,0,0.0,0.0,140.0,140.0,34,0,0,1505,0,0,0
test,0564-0011.svg,1097,735,0,5,2048,1,0,0.0,0.0,140.0,140.0,10,0,0,1087,0,0,0
test,0564-0017.svg,963,584,0,6,2048,1,0,0.0,0.0,140.0,140.0,0,0,0,963,0,0,0
test,0565-0003.svg,7390,113,0,1,2048,4,0,0.0,0.0,140.0,140.0,18,0,0,7372,0,0,0
test,0566-0005.svg,86,47,0,1,2048,1,0,0.0,0.0,140.0,140.0,5,0,0,81,0,0,0
test,0567-0031.svg,2188,1747,0,9,2048,2,0,0.0,0.0,140.0,140.0,8,0,0,2180,0,0,0
test,0567-0032.svg,805,429,0,6,2048,1,0,0.0,0.0,140.0,140.0,2,0,0,803,0,0,0
test,0567-0042.svg,467,406,0,3,2048,1,0,0.0,0.0,140.0,140.0,3,0,0,464,0,0,0
test,0569-0023.svg,776,657,0,2,2048,1,0,0.0,0.0,140.0,140.0,0,0,0,776,0,0,0
test,0569-0026.svg,1742,647,0,8,2048,1,0,0.0,0.0,140.0,140.0,14,0,0,1728,0,0,0
test,0569-0027.svg,715,330,0,6,2048,1,0,0.0,0.0,140.0,140.0,8,0,0,707,0,0,0
test,0569-0031.svg,1504,839,0,8,2048,1,0,0.0,0.0,140.0,140.0,6,0,0,1498,0,0,0
test,0569-0041.svg,682,558,0,2,2048,1,0,0.0,0.0,140.0,140.0,5,0,0,677,0,0,0
test,0570-0012.svg,1364,475,0,10,2048,1,0,0.0,0.0,140.0,140.0,18,13,0,1333,0,0,0
test,0570-0027.svg,766,270,0,9,2048,1,0,0.0,0.0,140.0,140.0,20,3,0,743,0,0,0
test,0572-0010.svg,944,617,0,5,2048,1,0,0.0,0.0,140.0,140.0,14,0,0,930,0,0,0
test,0572-0016.svg,970,660,0,5,2048,1,0,0.0,0.0,140.0,140.0,11,0,0,959,0,0,0
test,0572-0031.svg,130,19,0,3,2048,1,0,0.0,0.0,140.0,140.0,3,0,0,127,0,0,0
test,0572-0044.svg,506,318,0,5,2048,1,0,0.0,0.0,140.0,140.0,8,0,0,498,0,0,0
test,0572-0051.svg,286,62,0,4,2048,1,0,0.0,0.0,140.0,140.0,2,0,0,284,0,0,0
test,0573-0007.svg,1463,914,0,14,2048,1,0,0.0,0.0,140.0,140.0,31,0,0,1432,0,0,0
test,0573-0022.svg,2037,1433,0,14,2048,1,0,0.0,0.0,140.0,140.0,53,0,0,1984,0,0,0
test,0575-0004.svg,785,445,0,5,2048,1,0,0.0,0.0,140.0,140.0,10,0,0,775,0,0,0
test,0575-0005.svg,1666,602,0,7,2048,1,0,0.0,0.0,140.0,140.0,6,0,0,1660,0,0,0
test,0575-0009.svg,1057,482,0,6,2048,1,0,0.0,0.0,140.0,140.0,1,0,0,1056,0,0,0
test,0575-0013.svg,896,339,0,7,2048,1,0,0.0,0.0,140.0,140.0,1,0,0,895,0,0,0
test,0576-0005.svg,884,600,0,6,2048,1,0,0.0,0.0,140.0,140.0,20,0,0,864,0,0,0
test,0578-0008.svg,790,165,0,4,2048,1,0,0.0,0.0,140.0,140.0,4,0,0,786,0,0,0
test,0578-0015.svg,396,233,0,7,2048,1,0,0.0,0.0,140.0,140.0,7,0,0,389,0,0,0
test,0578-0024.svg,756,395,0,6,2048,1,0,0.0,0.0,140.0,140.0,0,0,0,756,0,0,0
test,0578-0030.svg,836,420,0,6,2048,1,0,0.0,0.0,140.0,140.0,2,0,0,834,0,0,0
test,0578-0036.svg,1018,569,0,7,2048,1,0,0.0,0.0,140.0,140.0,22,0,0,996,0,0,0
test,0580-0007.svg,1075,628,0,11,2048,1,0,0.0,0.0,140.0,140.0,39,7,0,1029,0,0,0
test,0580-0010.svg,174,13,0,1,2048,1,0,0.0,0.0,140.0,140.0,9,0,0,165,0,0,0
test,0580-0017.svg,1110,609,0,11,2048,1,0,0.0,0.0,140.0,140.0,38,8,0,1064,0,0,0
test,0580-0018.svg,438,189,0,3,2048,1,0,0.0,0.0,140.0,140.0,2,0,0,436,0,0,0
test,0581-0431.svg,2886,2838,0,2,2048,2,0,0.0,0.0,140.0,140.0,330,0,0,2556,0,0,0
test,0581-0451.svg,1673,1608,0,3,2048,1,0,0.0,0.0,140.0,140.0,180,0,0,1493,0,0,0
test,0581-0530.svg,84,12,0,1,2048,1,0,0.0,0.0,140.0,140.0,0,0,0,84,0,0,0
test,0581-0611.svg,107,38,0,2,2048,1,0,0.0,0.0,140.0,140.0,5,0,0,102,0,0,0
test,0581-0613.svg,134,91,0,3,2048,1,0,0.0,0.0,140.0,140.0,0,0,0,134,0,0,0
test,0581-0624.svg,31,9,0,1,2048,1,0,0.0,0.0,140.0,140.0,2,0,0,29,0,0,0
test,0581-0629.svg,305,56,0,2,2048,1,0,0.0,0.0,140.0,140.0,8,0,0,297,0,0,0
test,0581-0630.svg,1620,1525,0,3,2048,1,0,0.0,0.0,140.0,140.0,182,0,0,1438,0,0,0
test,0581-0651.svg,2376,2068,0,6,2048,2,0,0.0,0.0,140.0,140.0,225,0,0,2151,0,0,0
test,0581-0652.svg,1951,1397,0,5,2048,1,0,0.0,0.0,140.0,140.0,162,0,0,1789,0,0,0
test,0581-0653.svg,3953,3204,0,2,2048,2,0,0.0,0.0,140.0,140.0,368,0,0,3585,0,0,0
test,0581-0672.svg,2611,1427,0,5,2048,2,0,0.0,0.0,140.0,140.0,164,0,0,2447,0,0,0
test,0581-0673.svg,2445,1637,0,3,2048,2,0,0.0,0.0,140.0,140.0,192,0,0,2253,0,0,0
test,0581-0689.svg,93,28,0,1,2048,1,0,0.0,0.0,140.0,140.0,1,0,0,92,0,0,0
test,0581-0691.svg,2694,2615,0,5,2048,2,0,0.0,0.0,140.0,140.0,279,0,0,2415,0,0,0
test,0581-0692.svg,2756,1585,0,5,2048,2,0,0.0,0.0,140.0,140.0,177,0,0,2579,0,0,0
test,0581-0711.svg,2678,2526,0,3,2048,2,0,0.0,0.0,140.0,140.0,269,0,0,2409,0,0,0
test,0581-0732.svg,2470,1606,0,8,2048,2,0,0.0,0.0,140.0,140.0,161,0,0,2309,0,0,0
test,0581-0747.svg,5366,28,0,2,2048,3,0,0.0,0.0,140.0,140.0,67,1,0,5298,0,0,0
test,0581-0749.svg,235,36,0,1,2048,1,0,0.0,0.0,140.0,140.0,4,0,0,231,0,0,0
test,0581-0751.svg,3089,1551,0,3,2048,2,0,0.0,0.0,140.0,140.0,151,0,0,2938,0,0,0
test,0581-0752.svg,1907,1031,0,8,2048,1,0,0.0,0.0,140.0,140.0,45,0,0,1862,0,0,0
test,0581-0769.svg,348,118,0,3,2048,1,0,0.0,0.0,140.0,140.0,2,0,0,346,0,0,0
test,0581-0770.svg,2295,1813,0,3,2048,2,0,0.0,0.0,140.0,140.0,191,0,0,2104,0,0,0
test,0581-0772.svg,2221,1322,0,4,2048,2,0,0.0,0.0,140.0,140.0,90,0,0,2131,0,0,0
test,0581-0789.svg,394,202,0,6,2048,1,0,0.0,0.0,140.0,140.0,5,0,0,389,0,0,0
test,0581-0793.svg,3275,3234,0,3,2048,2,0,0.0,0.0,140.0,140.0,368,0,0,2907,0,0,0
test,0581-0809.svg,194,79,0,2,2048,1,0,0.0,0.0,140.0,140.0,7,0,0,187,0,0,0
test,0581-0832.svg,251,108,0,4,2048,1,0,0.0,0.0,140.0,140.0,7,0,0,244,0,0,0
test,0582-0018.svg,438,155,0,3,2048,1,0,0.0,0.0,140.0,140.0,2,0,0,436,0,0,0
test,0582-0022.svg,1189,580,0,10,2048,1,0,0.0,0.0,140.0,140.0,42,8,0,1139,0,0,0
test,0584-0001.svg,223,64,0,4,2048,1,0,0.0,0.0,140.0,140.0,3,0,0,220,0,0,0
test,0585-0002.svg,1876,1335,0,13,2048,1,0,0.0,0.0,140.0,140.0,42,3,0,1831,0,0,0
test,0586-0007.svg,1039,546,0,11,2048,1,0,0.0,0.0,140.0,140.0,37,7,0,995,0,0,0
test,0587-0024.svg,559,364,0,5,2048,1,0,0.0,0.0,140.0,140.0,5,0,0,554,0,0,0
test,0588-0007.svg,1094,751,0,10,2048,1,0,0.0,0.0,140.0,140.0,26,2,0,1066,0,0,0
test,0588-0018.svg,4431,3139,0,20,2048,3,0,0.0,0.0,140.0,140.0,65,20,0,4346,0,0,0
test,0589-0002.svg,2065,1269,0,15,2048,2,0,0.0,0.0,140.0,140.0,59,0,0,2006,0,0,0
test,0590-0016.svg,919,608,0,11,2048,1,0,0.0,0.0,140.0,140.0,25,3,0,891,0,0,0
test,0590-0021.svg,1231,865,0,16,2048,1,0,0.0,0.0,140.0,140.0,25,3,0,1203,0,0,0
test,0590-0025.svg,408,138,0,5,2048,1,0,0.0,0.0,140.0,140.0,19,0,0,389,0,0,0
test,0591-0492.svg,311,146,0,5,2048,1,0,0.0,0.0,140.0,140.0,4,0,0,307,0,0,0
test,0591-0495.svg,145,72,0,3,2048,1,0,0.0,0.0,140.0,140.0,2,0,0,143,0,0,0
test,0591-0516.svg,65,10,0,1,2048,1,0,0.0,0.0,140.0,140.0,3,0,0,62,0,0,0
test,0591-0528.svg,76,38,0,3,2048,1,0,0.0,0.0,140.0,140.0,1,0,0,75,0,0,0
test,0591-0531.svg,150,67,0,4,2048,1,0,0.0,0.0,140.0,140.0,1,0,0,149,0,0,0
test,0591-0535.svg,184,62,0,3,2048,1,0,0.0,0.0,140.0,140.0,1,0,0,183,0,0,0
test,0591-0538.svg,116,46,0,2,2048,1,0,0.0,0.0,140.0,140.0,0,0,0,116,0,0,0
test,0591-0550.svg,151,51,0,2,2048,1,0,0.0,0.0,140.0,140.0,3,0,0,148,0,0,0
test,0591-0553.svg,84,6,0,2,2048,1,0,0.0,0.0,140.0,140.0,0,0,0,84,0,0,0
test,0591-0555.svg,143,68,0,3,2048,1,0,0.0,0.0,140.0,140.0,1,0,0,142,0,0,0
test,0591-0580.svg,230,135,0,4,2048,1,0,0.0,0.0,140.0,140.0,0,0,0,230,0,0,0
test,0591-0613.svg,364,179,0,3,2048,1,0,0.0,0.0,140.0,140.0,2,0,0,362,0,0,0
test,0591-0614.svg,155,57,0,4,2048,1,0,0.0,0.0,140.0,140.0,2,0,0,153,0,0,0
test,0591-0622.svg,252,96,0,3,2048,1,0,0.0,0.0,140.0,140.0,2,0,0,250,0,0,0
test,0591-0634.svg,465,225,0,3,2048,1,0,0.0,0.0,140.0,140.0,2,0,0,463,0,0,0
test,0591-0643.svg,344,213,0,5,2048,1,0,0.0,0.0,140.0,140.0,1,0,0,343,0,0,0
test,0591-0655.svg,290,150,0,4,2048,1,0,0.0,0.0,140.0,140.0,3,0,0,287,0,0,0
test,0591-0681.svg,511,255,0,5,2048,1,0,0.0,0.0,140.0,140.0,4,0,0,507,0,0,0
test,0591-0682.svg,301,170,0,5,2048,1,0,0.0,0.0,140.0,140.0,3,0,0,298,0,0,0
test,0591-0698.svg,174,77,0,4,2048,1,0,0.0,0.0,140.0,140.0,1,0,0,173,0,0,0
test,0591-0719.svg,217,89,0,3,2048,1,0,0.0,0.0,140.0,140.0,1,0,0,216,0,0,0
test,0591-0721.svg,63,19,0,2,2048,1,0,0.0,0.0,140.0,140.0,1,0,0,62,0,0,0
test,0591-0741.svg,132,78,0,1,2048,1,0,0.0,0.0,140.0,140.0,0,0,0,132,0,0,0
test,0591-0765.svg,301,165,0,3,2048,1,0,0.0,0.0,140.0,140.0,4,0,0,297,0,0,0
test,0591-0784.svg,156,88,0,4,2048,1,0,0.0,0.0,140.0,140.0,1,0,0,155,0,0,0
test,0591-0812.svg,154,93,0,4,2048,1,0,0.0,0.0,140.0,140.0,3,0,0,151,0,0,0
test,0591-0833.svg,221,127,0,3,2048,1,0,0.0,0.0,140.0,140.0,6,0,0,215,0,0,0
test,0591-0853.svg,373,165,0,4,2048,1,0,0.0,0.0,140.0,140.0,3,0,0,370,0,0,0
test,0591-0854.svg,265,141,0,5,2048,1,0,0.0,0.0,140.0,140.0,5,0,0,260,0,0,0
test,0591-0874.svg,464,261,0,4,2048,1,0,0.0,0.0,140.0,140.0,0,0,0,464,0,0,0
test,0591-0888.svg,213,116,0,4,2048,1,0,0.0,0.0,140.0,140.0,2,0,0,211,0,0,0
test,0591-0895.svg,272,158,0,6,2048,1,0,0.0,0.0,140.0,140.0,0,0,0,272,0,0,0
test,0591-0928.svg,302,137,0,5,2048,1,0,0.0,0.0,140.0,140.0,4,0,0,298,0,0,0
test,0591-0931.svg,150,68,0,4,2048,1,0,0.0,0.0,140.0,140.0,1,0,0,149,0,0,0
test,0591-0950.svg,1675,1374,0,9,2048,1,0,0.0,0.0,140.0,140.0,38,0,0,1637,0,0,0
test,0591-0953.svg,60,12,0,1,2048,1,0,0.0,0.0,140.0,140.0,2,0,0,58,0,0,0
test,0591-0955.svg,297,111,0,3,2048,1,0,0.0,0.0,140.0,140.0,5,0,0,292,0,0,0
test,0591-0972.svg,53,22,0,2,2048,1,0,0.0,0.0,140.0,140.0,0,0,0,53,0,0,0
test,0591-0979.svg,60,8,0,1,2048,1,0,0.0,0.0,140.0,140.0,2,0,0,58,0,0,0
test,0592-0005.svg,411,82,0,1,2048,1,0,0.0,0.0,140.0,140.0,8,0,0,403,0,0,0
test,0592-0009.svg,491,188,0,3,2048,1,0,0.0,0.0,140.0,140.0,10,0,0,481,0,0,0
test,0592-0026.svg,720,420,0,5,2048,1,0,0.0,0.0,140.0,140.0,2,0,0,718,0,0,0
test,0592-0030.svg,327,61,0,1,2048,1,0,0.0,0.0,140.0,140.0,0,0,0,327,0,0,0
test,0593-0005.svg,1134,677,0,12,2048,1,0,0.0,0.0,140.0,140.0,30,0,0,1104,0,0,0
test,0593-0009.svg,1544,920,0,15,2048,1,0,0.0,0.0,140.0,140.0,31,0,0,1513,0,0,0
test,0593-0013.svg,1371,886,0,13,2048,1,0,0.0,0.0,140.0,140.0,23,0,0,1348,0,0,0
test,0594-0009.svg,961,86,0,2,2048,1,0,0.0,0.0,140.0,140.0,12,0,0,949,0,0,0
test,0594-0011.svg,1476,80,0,1,2048,1,0,0.0,0.0,140.0,140.0,18,0,0,1458,0,0,0
test,0594-0013.svg,942,83,0,2,2048,1,0,0.0,0.0,140.0,140.0,10,0,0,932,0,0,0
test,0595-0012.svg,7963,2872,0,21,2048,4,0,0.0,0.0,140.0,140.0,57,71,0,7835,0,0,0
test,0596-0003.svg,871,683,0,2,2048,1,0,0.0,0.0,140.0,140.0,3,0,0,868,0,0,0
test,0596-0013.svg,444,175,0,2,2048,1,0,0.0,0.0,140.0,140.0,7,0,0,437,0,0,0
test,0596-0014.svg,481,224,0,4,2048,1,0,0.0,0.0,140.0,140.0,4,0,0,477,0,0,0
test,0597-0006.svg,1217,815,0,15,2048,1,0,0.0,0.0,140.0,140.0,22,0,0,1195,0,0,0
test,0597-0022.svg,1693,792,0,12,2048,1,0,0.0,0.0,140.0,140.0,35,0,0,1658,0,0,0
test,0598-0002.svg,1405,702,0,13,2048,1,0,0.0,0.0,140.0,140.0,33,0,0,1372,0,0,0
test,0599-0012.svg,1019,538,0,9,2048,1,0,0.0,0.0,140.0,140.0,24,7,0,988,0,0,0
test,0599-0022.svg,772,361,0,9,2048,1,0,0.0,0.0,140.0,140.0,16,5,0,751,0,0,0
test,0600-0004.svg,1453,1038,0,14,2048,1,0,0.0,0.0,140.0,140.0,32,0,0,1421,0,0,0
test,0602-0008.svg,1198,822,0,3,2048,1,0,0.0,0.0,140.0,140.0,3,0,0,1195,0,0,0
test,0602-0023.svg,1104,69,0,3,2048,1,0,0.0,0.0,140.0,140.0,5,0,0,1099,0,0,0
test,0603-0002.svg,3467,2805,0,15,2048,2,0,0.0,0.0,140.0,140.0,71,5,0,3391,0,0,0
test,0603-0008.svg,232,25,0,1,2048,1,0,0.0,0.0,140.0,140.0,9,0,0,223,0,0,0
test,0603-0016.svg,1090,742,0,13,2048,1,0,0.0,0.0,140.0,140.0,33,0,0,1057,0,0,0
test,0603-0019.svg,1393,836,0,13,2048,1,0,0.0,0.0,140.0,140.0,16,0,0,1377,0,0,0
test,0603-0022.svg,1497,942,0,15,2048,1,0,0.0,0.0,140.0,140.0,27,0,0,1470,0,0,0
test,0604-0010.svg,2048,89,0,1,2048,1,0,0.0,0.0,140.0,140.0,1,0,0,2047,0,0,0
test,0605-0011.svg,1023,323,0,7,2048,1,0,0.0,0.0,140.0,140.0,20,0,0,1003,0,0,0
test,0605-0012.svg,1239,659,0,11,2048,1,0,0.0,0.0,140.0,140.0,39,7,0,1193,0,0,0
test,0606-0004.svg,1411,845,0,12,2048,1,0,0.0,0.0,140.0,140.0,7,0,0,1404,0,0,0
test,0606-0005.svg,671,254,0,2,2048,1,0,0.0,0.0,140.0,140.0,6,0,0,665,0,0,0
test,0607-0007.svg,887,132,0,5,2048,1,0,0.0,0.0,140.0,140.0,1,0,0,886,0,0,0
test,0607-0018.svg,494,113,0,3,2048,1,0,0.0,0.0,140.0,140.0,13,0,0,481,0,0,0
test,0607-0022.svg,944,532,0,5,2048,1,0,0.0,0.0,140.0,140.0,2,0,0,942,0,0,0
test,0608-0016.svg,671,57,0,2,2048,1,0,0.0,0.0,140.0,140.0,14,0,0,657,0,0,0
test,0610-0006.svg,681,243,0,7,2048,1,0,0.0,0.0,140.0,140.0,27,0,0,654,0,0,0
test,0610-0008.svg,515,184,0,3,2048,1,0,0.0,0.0,140.0,140.0,5,0,0,510,0,0,0
test,0610-0022.svg,1217,648,0,13,2048,1,0,0.0,0.0,140.0,140.0,46,8,0,1163,0,0,0
test,0611-0006.svg,620,134,0,4,2048,1,0,0.0,0.0,140.0,140.0,27,0,0,593,0,0,0
test,0612-0170.svg,85,39,0,1,2048,1,0,0.0,0.0,140.0,140.0,0,0,0,85,0,0,0
test,0612-0174.svg,135,44,0,2,2048,1,0,0.0,0.0,140.0,140.0,0,0,0,135,0,0,0
test,0612-0186.svg,175,64,0,3,2048,1,0,0.0,0.0,140.0,140.0,1,0,0,174,0,0,0
test,0612-0189.svg,82,45,0,1,2048,1,0,0.0,0.0,140.0,140.0,0,0,0,82,0,0,0
test,0612-0211.svg,316,119,0,4,2048,1,0,0.0,0.0,140.0,140.0,0,0,0,316,0,0,0
test,0612-0224.svg,93,49,0,2,2048,1,0,0.0,0.0,140.0,140.0,0,0,0,93,0,0,0
test,0612-0274.svg,307,122,0,5,2048,1,0,0.0,0.0,140.0,140.0,4,0,0,303,0,0,0
test,0612-0281.svg,126,100,0,2,2048,1,0,0.0,0.0,140.0,140.0,0,0,0,126,0,0,0
test,0612-0282.svg,70,46,0,1,2048,1,0,0.0,0.0,140.0,140.0,0,0,0,70,0,0,0
test,0612-0299.svg,176,30,0,2,2048,1,0,0.0,0.0,140.0,140.0,1,0,0,175,0,0,0
test,0612-0301.svg,371,166,0,5,2048,1,0,0.0,0.0,140.0,140.0,2,0,0,369,0,0,0
test,0612-0310.svg,355,251,0,4,2048,1,0,0.0,0.0,140.0,140.0,1,0,0,354,0,0,0
test,0612-0318.svg,155,58,0,3,2048,1,0,0.0,0.0,140.0,140.0,1,0,0,154,0,0,0
test,0612-0330.svg,107,51,0,2,2048,1,0,0.0,0.0,140.0,140.0,0,0,0,107,0,0,0
test,0612-0335.svg,140,27,0,2,2048,1,0,0.0,0.0,140.0,140.0,3,0,0,137,0,0,0
test,0612-0337.svg,318,132,0,4,2048,1,0,0.0,0.0,140.0,140.0,4,0,0,314,0,0,0
test,0613-0025.svg,911,368,0,8,2048,1,0,0.0,0.0,140.0,140.0,14,0,0,897,0,0,0
test,0613-0032.svg,768,477,0,7,2048,1,0,0.0,0.0,140.0,140.0,1,0,0,767,0,0,0
test,0613-0037.svg,775,321,0,7,2048,1,0,0.0,0.0,140.0,140.0,12,0,0,763,0,0,0
test,0614-0037.svg,394,39,0,1,2048,1,0,0.0,0.0,140.0,140.0,7,0,0,387,0,0,0
test,0614-0039.svg,94,24,0,1,2048,1,0,0.0,0.0,140.0,140.0,2,0,0,92,0,0,0
test,0614-0052.svg,574,106,0,4,2048,1,0,0.0,0.0,140.0,140.0,19,0,0,555,0,0,0
test,0614-0090.svg,283,12,0,1,2048,1,0,0.0,0.0,140.0,140.0,6,0,0,277,0,0,0
test,0614-0119.svg,495,99,0,4,2048,1,0,0.0,0.0,140.0,140.0,7,0,0,488,0,0,0
test,0614-0124.svg,702,47,0,2,2048,1,0,0.0,0.0,140.0,140.0,13,0,0,689,0,0,0
test,0614-0125.svg,731,62,0,1,2048,1,0,0.0,0.0,140.0,140.0,10,0,0,721,0,0,0
test,0614-0129.svg,233,25,0,1,2048,1,0,0.0,0.0,140.0,140.0,6,0,0,227,0,0,0
test,0614-0130.svg,487,12,0,1,2048,1,0,0.0,0.0,140.0,140.0,12,0,0,475,0,0,0
test,0614-0131.svg,986,100,0,3,2048,1,0,0.0,0.0,140.0,140.0,22,0,0,964,0,0,0
test,0614-0135.svg,163,2,0,1,2048,1,0,0.0,0.0,140.0,140.0,4,0,0,159,0,0,0
test,0614-0136.svg,345,17,0,1,2048,1,0,0.0,0.0,140.0,140.0,9,0,0,336,0,0,0
test,0614-0141.svg,74,8,0,1,2048,1,0,0.0,0.0,140.0,140.0,3,0,0,71,0,0,0
test,0614-0149.svg,488,72,0,3,2048,1,0,0.0,0.0,140.0,140.0,11,0,0,477,0,0,0
test,0614-0155.svg,579,69,0,1,2048,1,0,0.0,0.0,140.0,140.0,12,0,0,567,0,0,0
test,0614-0167.svg,532,33,0,1,2048,1,0,0.0,0.0,140.0,140.0,6,0,0,526,0,0,0
test,0614-0168.svg,285,19,0,1,2048,1,0,0.0,0.0,140.0,140.0,5,0,0,280,0,0,0
test,0614-0172.svg,324,20,0,1,2048,1,0,0.0,0.0,140.0,140.0,3,0,0,321,0,0,0
test,0615-0008.svg,1122,567,0,10,2048,1,0,0.0,0.0,140.0,140.0,39,0,0,1083,0,0,0
test,0615-0012.svg,1107,616,0,9,2048,1,0,0.0,0.0,140.0,140.0,27,0,0,1080,0,0,0
test,0615-0013.svg,1342,820,0,11,2048,1,0,0.0,0.0,140.0,140.0,34,0,0,1308,0,0,0
test,0615-0024.svg,779,444,0,11,2048,1,0,0.0,0.0,140.0,140.0,17,0,0,762,0,0,0
test,0617-0000.svg,359,12,0,1,2048,1,0,0.0,0.0,140.0,140.0,50,0,0,309,0,0,0
test,0617-0001.svg,387,17,0,1,2048,1,0,0.0,0.0,140.0,140.0,46,0,0,341,0,0,0
test,0617-0009.svg,205,6,0,1,2048,1,0,0.0,0.0,140.0,140.0,5,0,0,200,0,0,0
test,0618-0002.svg,1567,903,0,10,2048,1,0,0.0,0.0,140.0,140.0,19,3,0,1545,0,0,0
test,0618-0022.svg,2599,1846,0,12,2048,2,0,0.0,0.0,140.0,140.0,31,5,0,2563,0,0,0
test,0619-0003.svg,734,288,0,6,2048,1,0,0.0,0.0,140.0,140.0,22,0,0,712,0,0,0
test,0619-0004.svg,1030,641,0,10,2048,1,0,0.0,0.0,140.0,140.0,22,0,0,1008,0,0,0
test,0619-0006.svg,604,208,0,4,2048,1,0,0.0,0.0,140.0,140.0,24,0,0,580,0,0,0
test,0621-0002.svg,2077,1390,0,15,2048,2,0,0.0,0.0,140.0,140.0,56,0,0,2021,0,0,0
test,0621-0004.svg,1902,1333,0,14,2048,1,0,0.0,0.0,140.0,140.0,60,0,0,1842,0,0,0
test,0622-0000.svg,1251,610,0,12,2048,1,0,0.0,0.0,140.0,140.0,34,0,0,1217,0,0,0
test,0623-0012.svg,1588,955,0,13,2048,1,0,0.0,0.0,140.0,140.0,39,0,0,1549,0,0,0
test,0624-0021.svg,1320,965,0,12,2048,1,0,0.0,0.0,140.0,140.0,34,5,0,1281,0,0,0
test,0624-0026.svg,608,330,0,7,2048,1,0,0.0,0.0,140.0,140.0,25,0,0,583,0,0,0
test,0625-0008.svg,884,323,0,8,2048,1,0,0.0,0.0,140.0,140.0,10,0,0,874,0,0,0
test,0625-0032.svg,249,54,0,2,2048,1,0,0.0,0.0,140.0,140.0,9,0,0,240,0,0,0
test,0625-0038.svg,791,447,0,6,2048,1,0,0.0,0.0,140.0,140.0,9,0,0,782,0,0,0
test,0625-0039.svg,456,55,0,2,2048,1,0,0.0,0.0,140.0,140.0,7,0,0,449,0,0,0
test,0625-0054.svg,203,4,0,1,2048,1,0,0.0,0.0,140.0,140.0,4,0,0,199,0,0,0
test,0626-0017.svg,2063,1079,0,5,2048,2,0,0.0,0.0,140.0,140.0,5,0,0,2058,0,0,0
test,0626-0022.svg,2851,172,0,5,2048,2,0,0.0,0.0,140.0,140.0,3,2,0,2846,0,0,0
test,0628-0027.svg,1508,1047,0,13,2048,1,0,0.0,0.0,140.0,140.0,49,0,0,1459,0,0,0
test,0630-0010.svg,360,134,0,3,2048,1,0,0.0,0.0,140.0,140.0,3,0,0,357,0,0,0
test,0630-0022.svg,442,103,0,4,2048,1,0,0.0,0.0,140.0,140.0,8,0,0,434,0,0,0
test,0630-0023.svg,1013,494,0,11,2048,1,0,0.0,0.0,140.0,140.0,11,0,0,1002,0,0,0
test,0630-0030.svg,1369,656,0,9,2048,1,0,0.0,0.0,140.0,140.0,28,0,0,1341,0,0,0
test,0630-0037.svg,1145,563,0,10,2048,1,0,0.0,0.0,140.0,140.0,15,0,0,1130,0,0,0
test,0630-0046.svg,573,134,0,4,2048,1,0,0.0,0.0,140.0,140.0,14,0,0,559,0,0,0
test,0632-0007.svg,1888,1168,0,14,2048,1,0,0.0,0.0,140.0,140.0,30,0,0,1858,0,0,0
test,0632-0008.svg,1182,603,0,10,2048,1,0,0.0,0.0,140.0,140.0,19,0,0,1163,0,0,0
test,0633-0022.svg,1394,516,0,10,2048,1,0,0.0,0.0,140.0,140.0,29,10,0,1355,0,0,0
test,0633-0027.svg,766,276,0,9,2048,1,0,0.0,0.0,140.0,140.0,20,3,0,743,0,0,0
test,0634-0009.svg,946,720,0,10,2048,1,0,0.0,0.0,140.0,140.0,32,0,0,914,0,0,0
test,0634-0016.svg,1752,1143,0,12,2048,1,0,0.0,0.0,140.0,140.0,50,0,0,1702,0,0,0
test,0635-0006.svg,631,235,0,5,2048,1,0,0.0,0.0,140.0,140.0,27,0,0,604,0,0,0
test,0635-0007.svg,1080,545,0,11,2048,1,0,0.0,0.0,140.0,140.0,40,5,0,1035,0,0,0
test,0635-0016.svg,574,262,0,5,2048,1,0,0.0,0.0,140.0,140.0,20,0,0,554,0,0,0
test,0635-0027.svg,626,292,0,11,2048,1,0,0.0,0.0,140.0,140.0,23,1,0,602,0,0,0
test,0636-0002.svg,9112,2073,0,8,2048,5,0,0.0,0.0,140.0,140.0,45,1,0,9066,0,0,0
test,0636-0003.svg,5637,1361,0,6,2048,3,0,0.0,0.0,140.0,140.0,35,0,0,5602,0,0,0
test,0637-0015.svg,395,118,0,2,2048,1,0,0.0,0.0,140.0,140.0,2,0,0,393,0,0,0
test,0637-0027.svg,310,167,0,4,2048,1,0,0.0,0.0,140.0,140.0,4,0,0,306,0,0,0
test,0637-0034.svg,295,64,0,3,2048,1,0,0.0,0.0,140.0,140.0,2,0,0,293,0,0,0
test,0637-0036.svg,283,100,0,5,2048,1,0,0.0,0.0,140.0,140.0,12,0,0,271,0,0,0
test,0637-0058.svg,123,60,0,2,2048,1,0,0.0,0.0,140.0,140.0,0,0,0,123,0,0,0
test,0637-0062.svg,3695,128,0,3,2048,2,0,0.0,0.0,140.0,140.0,8,0,0,3687,0,0,0
test,0637-0085.svg,366,82,0,3,2048,1,0,0.0,0.0,140.0,140.0,0,0,0,366,0,0,0
test,0637-0088.svg,174,75,0,2,2048,1,0,0.0,0.0,140.0,140.0,0,0,0,174,0,0,0
test,0637-0095.svg,1226,923,0,4,2048,1,0,0.0,0.0,140.0,140.0,4,0,0,1222,0,0,0
test,0638-0002.svg,985,446,0,11,2048,1,0,0.0,0.0,140.0,140.0,33,7,0,945,0,0,0
test,0639-0004.svg,1100,620,0,12,2048,1,0,0.0,0.0,140.0,140.0,22,0,0,1078,0,0,0
test,0640-0007.svg,1277,716,0,12,2048,1,0,0.0,0.0,140.0,140.0,39,0,0,1238,0,0,0
test,0640-0016.svg,1808,1374,0,13,2048,1,0,0.0,0.0,140.0,140.0,55,5,0,1748,0,0,0
test,0640-0022.svg,1686,1091,0,15,2048,1,0,0.0,0.0,140.0,140.0,33,0,0,1653,0,0,0
test,0641-0011.svg,766,400,0,8,2048,1,0,0.0,0.0,140.0,140.0,11,5,0,750,0,0,0
test,0641-0015.svg,1245,873,0,7,2048,1,0,0.0,0.0,140.0,140.0,17,1,0,1227,0,0,0
test,0641-0020.svg,365,143,0,4,2048,1,0,0.0,0.0,140.0,140.0,3,0,0,362,0,0,0
test,0641-0025.svg,1156,875,0,10,2048,1,0,0.0,0.0,140.0,140.0,20,5,0,1131,0,0,0
test,0642-0027.svg,2220,1638,0,14,2048,2,0,0.0,0.0,140.0,140.0,72,12,0,2136,0,0,0
test,0642-0031.svg,823,378,0,10,2048,1,0,0.0,0.0,140.0,140.0,22,3,0,798,0,0,0
test,0642-0037.svg,3317,2579,0,13,2048,2,0,0.0,0.0,140.0,140.0,58,7,0,3252,0,0,0
test,0642-0041.svg,1383,723,0,9,2048,1,0,0.0,0.0,140.0,140.0,35,5,0,1343,0,0,0
test,0642-0042.svg,2520,1811,0,11,2048,2,0,0.0,0.0,140.0,140.0,54,2,0,2464,0,0,0
test,0645-0003.svg,896,463,0,9,2048,1,0,0.0,0.0,140.0,140.0,6,0,0,890,0,0,0
test,0645-0008.svg,646,65,0,2,2048,1,0,0.0,0.0,140.0,140.0,0,0,0,646,0,0,0
test,0645-0010.svg,897,52,0,2,2048,1,0,0.0,0.0,140.0,140.0,2,0,0,895,0,0,0
test,0646-0004.svg,758,416,0,5,2048,1,0,0.0,0.0,140.0,140.0,3,0,0,755,0,0,0
test,0647-0071.svg,1302,440,0,7,2048,1,0,0.0,0.0,140.0,140.0,12,0,0,1290,0,0,0
test,0647-0086.svg,1789,671,0,9,2048,1,0,0.0,0.0,140.0,140.0,14,0,0,1775,0,0,0
test,0647-0118.svg,732,529,0,7,2048,1,0,0.0,0.0,140.0,140.0,13,0,0,719,0,0,0
test,0647-0133.svg,695,458,0,4,2048,1,0,0.0,0.0,140.0,140.0,6,0,0,689,0,0,0
test,0648-0007.svg,636,326,0,7,2048,1,0,0.0,0.0,140.0,140.0,4,0,0,632,0,0,0
test,0649-0001.svg,1529,801,0,12,2048,1,0,0.0,0.0,140.0,140.0,51,0,0,1478,0,0,0
test,0649-0004.svg,1606,809,0,13,2048,1,0,0.0,0.0,140.0,140.0,56,0,0,1550,0,0,0
test,0649-0007.svg,1485,721,0,12,2048,1,0,0.0,0.0,140.0,140.0,49,0,0,1436,0,0,0
test,0649-0010.svg,1514,485,0,8,2048,1,0,0.0,0.0,140.0,140.0,47,0,0,1467,0,0,0
test,0650-0046.svg,799,78,0,4,2048,1,0,0.0,0.0,140.0,140.0,4,0,0,795,0,0,0
test,0650-0073.svg,24781,112,0,6,2048,13,0,0.0,0.0,140.0,140.0,9,0,0,24772,0,0,0
test,0650-0075.svg,7780,5,0,1,2048,4,0,0.0,0.0,140.0,140.0,9,0,0,7771,0,0,0
test,0650-0084.svg,27993,319,0,5,2048,14,0,0.0,0.0,140.0,140.0,4,0,0,27989,0,0,0
test,0650-0105.svg,16478,277,0,4,2048,9,0,0.0,0.0,140.0,140.0,4,0,0,16474,0,0,0
test,0650-0108.svg,4556,20,0,2,2048,3,0,0.0,0.0,140.0,140.0,13,0,0,4543,0,0,0
test,0650-0119.svg,7540,24,0,3,2048,4,0,0.0,0.0,140.0,140.0,29,0,0,7511,0,0,0
test,0650-0129.svg,20255,7327,0,3,2048,10,0,0.0,0.0,140.0,140.0,19,0,0,20236,0,0,0
test,0650-0146.svg,336,204,0,7,2048,1,0,0.0,0.0,140.0,140.0,4,0,0,332,0,0,0
test,0651-0002.svg,916,507,0,12,2048,1,0,0.0,0.0,140.0,140.0,21,0,0,895,0,0,0
test,0652-0052.svg,194,48,0,2,2048,1,0,0.0,0.0,140.0,140.0,2,0,0,192,0,0,0
test,0652-0058.svg,128,33,0,2,2048,1,0,0.0,0.0,140.0,140.0,2,0,0,126,0,0,0
test,0652-0070.svg,418,217,0,3,2048,1,0,0.0,0.0,140.0,140.0,3,0,0,415,0,0,0
test,0652-0079.svg,367,121,0,3,2048,1,0,0.0,0.0,140.0,140.0,0,0,0,367,0,0,0
test,0652-0089.svg,374,132,0,3,2048,1,0,0.0,0.0,140.0,140.0,1,0,0,373,0,0,0
test,0652-0096.svg,216,72,0,4,2048,1,0,0.0,0.0,140.0,140.0,0,0,0,216,0,0,0
test,0652-0113.svg,135,46,0,1,2048,1,0,0.0,0.0,140.0,140.0,0,0,0,135,0,0,0
test,0652-0130.svg,89,50,0,1,2048,1,0,0.0,0.0,140.0,140.0,0,0,0,89,0,0,0
test,0652-0131.svg,107,62,0,1,2048,1,0,0.0,0.0,140.0,140.0,0,0,0,107,0,0,0
test,0652-0138.svg,353,118,0,3,2048,1,0,0.0,0.0,140.0,140.0,0,0,0,353,0,0,0
test,0652-0166.svg,280,87,0,3,2048,1,0,0.0,0.0,140.0,140.0,0,0,0,280,0,0,0
test,0652-0175.svg,174,64,0,2,2048,1,0,0.0,0.0,140.0,140.0,0,0,0,174,0,0,0
test,0652-0180.svg,231,145,0,3,2048,1,0,0.0,0.0,140.0,140.0,0,0,0,231,0,0,0
test,0652-0189.svg,131,20,0,1,2048,1,0,0.0,0.0,140.0,140.0,0,0,0,131,0,0,0
test,0654-0001.svg,340,87,0,3,2048,1,0,0.0,0.0,140.0,140.0,3,0,0,337,0,0,0
test,0654-0013.svg,612,189,0,7,2048,1,0,0.0,0.0,140.0,140.0,2,0,0,610,0,0,0
test,0654-0023.svg,583,179,0,4,2048,1,0,0.0,0.0,140.0,140.0,12,0,0,571,0,0,0
test,0654-0025.svg,389,108,0,3,2048,1,0,0.0,0.0,140.0,140.0,21,0,0,368,0,0,0
test,0654-0029.svg,604,198,0,3,2048,1,0,0.0,0.0,140.0,140.0,17,0,0,587,0,0,0
test,0654-0032.svg,1578,912,0,7,2048,1,0,0.0,0.0,140.0,140.0,55,0,0,1523,0,0,0
test,0654-0045.svg,1299,707,0,10,2048,1,0,0.0,0.0,140.0,140.0,32,0,0,1267,0,0,0
test,0654-0054.svg,808,44,0,4,2048,1,0,0.0,0.0,140.0,140.0,3,0,0,805,0,0,0
test,0655-0019.svg,351,44,0,3,2048,1,0,0.0,0.0,140.0,140.0,1,0,0,350,0,0,0
test,0655-0022.svg,370,12,0,2,2048,1,0,0.0,0.0,140.0,140.0,0,0,0,370,0,0,0
test,0655-0025.svg,301,43,0,2,2048,1,0,0.0,0.0,140.0,140.0,0,0,0,301,0,0,0
test,0655-0032.svg,251,11,0,2,2048,1,0,0.0,0.0,140.0,140.0,2,0,0,249,0,0,0
test,0657-0000.svg,1101,544,0,12,2048,1,0,0.0,0.0,140.0,140.0,34,0,0,1067,0,0,0
test,0657-0002.svg,981,496,0,11,2048,1,0,0.0,0.0,140.0,140.0,32,0,0,949,0,0,0
test,0662-0007.svg,823,567,0,9,2048,1,0,0.0,0.0,140.0,140.0,9,0,0,814,0,0,0
test,0664-0009.svg,1898,1139,0,12,2048,1,0,0.0,0.0,140.0,140.0,11,3,0,1884,0,0,0
test,0665-0011.svg,623,7,0,1,2048,1,0,0.0,0.0,140.0,140.0,4,0,0,619,0,0,0
test,0666-0008.svg,301,167,0,3,2048,1,0,0.0,0.0,140.0,140.0,0,0,0,301,0,0,0
test,0666-0009.svg,548,190,0,7,2048,1,0,0.0,0.0,140.0,140.0,1,0,0,547,0,0,0
test,0666-0010.svg,473,243,0,6,2048,1,0,0.0,0.0,140.0,140.0,0,0,0,473,0,0,0
test,0666-0014.svg,260,89,0,4,2048,1,0,0.0,0.0,140.0,140.0,0,0,0,260,0,0,0
test,0666-0021.svg,433,120,0,2,2048,1,0,0.0,0.0,140.0,140.0,0,0,0,433,0,0,0
test,0666-0027.svg,572,230,0,5,2048,1,0,0.0,0.0,140.0,140.0,1,0,0,571,0,0,0
test,0666-0028.svg,462,180,0,6,2048,1,0,0.0,0.0,140.0,140.0,1,0,0,461,0,0,0
test,0666-0034.svg,304,90,0,4,2048,1,0,0.0,0.0,140.0,140.0,0,0,0,304,0,0,0
test,0667-0104.svg,941,494,0,6,2048,1,0,0.0,0.0,140.0,140.0,6,0,0,935,0,0,0
test,0667-0136.svg,1049,434,0,6,2048,1,0,0.0,0.0,140.0,140.0,6,0,0,1043,0,0,0
test,0667-0141.svg,389,274,0,2,2048,1,0,0.0,0.0,140.0,140.0,0,0,0,389,0,0,0
test,0667-0150.svg,361,41,0,3,2048,1,0,0.0,0.0,140.0,140.0,0,0,0,361,0,0,0
test,0667-0152.svg,989,350,0,4,2048,1,0,0.0,0.0,140.0,140.0,7,0,0,982,0,0,0
test,0667-0169.svg,919,385,0,5,2048,1,0,0.0,0.0,140.0,140.0,1,0,0,918,0,0,0
test,0667-0173.svg,493,357,0,3,2048,1,0,0.0,0.0,140.0,140.0,0,0,0,493,0,0,0
test,0668-0022.svg,895,360,0,9,2048,1,0,0.0,0.0,140.0,140.0,13,8,0,874,0,0,0
test,0669-0045.svg,260,79,0,4,2048,1,0,0.0,0.0,140.0,140.0,8,1,0,251,0,0,0
test,0669-0066.svg,863,555,0,7,2048,1,0,0.0,0.0,140.0,140.0,24,7,0,832,0,0,0
test,0669-0069.svg,1903,1564,0,11,2048,1,0,0.0,0.0,140.0,140.0,18,0,0,1885,0,0,0
test,0669-0073.svg,4675,26,0,2,2048,3,0,0.0,0.0,140.0,140.0,111,23,0,4541,0,0,0
test,0670-0004.svg,882,417,0,10,2048,1,0,0.0,0.0,140.0,140.0,34,8,0,840,0,0,0
test,0671-0007.svg,2126,1433,0,14,2048,2,0,0.0,0.0,140.0,140.0,53,0,0,2073,0,0,0
test,0671-0016.svg,1748,1200,0,13,2048,1,0,0.0,0.0,140.0,140.0,51,0,0,1697,0,0,0
test,0671-0020.svg,521,192,0,5,2048,1,0,0.0,0.0,140.0,140.0,12,0,0,509,0,0,0
test,0672-0006.svg,666,487,0,8,2048,1,0,0.0,0.0,140.0,140.0,6,2,0,658,0,0,0
test,0672-0011.svg,2202,1533,0,18,2048,2,0,0.0,0.0,140.0,140.0,72,2,0,2128,0,0,0
test,0672-0012.svg,2364,1418,0,20,2048,2,0,0.0,0.0,140.0,140.0,68,4,0,2292,0,0,0
test,0672-0021.svg,1781,1156,0,13,2048,1,0,0.0,0.0,140.0,140.0,34,4,0,1743,0,0,0
test,0672-0027.svg,2437,1689,0,21,2048,2,0,0.0,0.0,140.0,140.0,43,9,0,2385,0,0,0
test,0673-0006.svg,641,140,0,4,2048,1,0,0.0,0.0,140.0,140.0,29,0,0,612,0,0,0
test,0673-0016.svg,574,262,0,5,2048,1,0,0.0,0.0,140.0,140.0,20,0,0,554,0,0,0
test,0674-0105.svg,381,206,0,2,2048,1,0,0.0,0.0,140.0,140.0,1,0,0,380,0,0,0
test,0674-0165.svg,3259,81,0,1,2048,2,0,0.0,0.0,140.0,140.0,0,0,0,3259,0,0,0
test,0674-0195.svg,3196,130,0,4,2048,2,0,0.0,0.0,140.0,140.0,1,0,0,3195,0,0,0
test,0674-0196.svg,225,63,0,2,2048,1,0,0.0,0.0,140.0,140.0,1,0,0,224,0,0,0
test,0674-0223.svg,210,63,0,1,2048,1,0,0.0,0.0,140.0,140.0,1,0,0,209,0,0,0
test,0674-0224.svg,942,352,0,6,2048,1,0,0.0,0.0,140.0,140.0,2,0,0,940,0,0,0
test,0674-0226.svg,328,42,0,1,2048,1,0,0.0,0.0,140.0,140.0,2,0,0,326,0,0,0
test,0674-0283.svg,253,58,0,1,2048,1,0,0.0,0.0,140.0,140.0,1,0,0,252,0,0,0
test,0674-0313.svg,183,64,0,2,2048,1,0,0.0,0.0,140.0,140.0,1,0,0,182,0,0,0
test,0674-0314.svg,249,54,0,3,2048,1,0,0.0,0.0,140.0,140.0,1,0,0,248,0,0,0
test,0674-0317.svg,172,42,0,1,2048,1,0,0.0,0.0,140.0,140.0,1,0,0,171,0,0,0
test,0674-0345.svg,232,74,0,2,2048,1,0,0.0,0.0,140.0,140.0,0,0,0,232,0,0,0
test,0674-0370.svg,344,148,0,3,2048,1,0,0.0,0.0,140.0,140.0,1,0,0,343,0,0,0
test,0674-0379.svg,666,450,0,7,2048,1,0,0.0,0.0,140.0,140.0,2,0,0,664,0,0,0
test,0674-0396.svg,157,26,0,2,2048,1,0,0.0,0.0,140.0,140.0,0,0,0,157,0,0,0
test,0674-0399.svg,244,98,0,3,2048,1,0,0.0,0.0,140.0,140.0,2,0,0,242,0,0,0
test,0674-0401.svg,284,110,0,4,2048,1,0,0.0,0.0,140.0,140.0,2,0,0,282,0,0,0
test,0674-0403.svg,199,87,0,2,2048,1,0,0.0,0.0,140.0,140.0,1,0,0,198,0,0,0
test,0674-0405.svg,219,69,0,2,2048,1,0,0.0,0.0,140.0,140.0,0,0,0,219,0,0,0
test,0674-0407.svg,177,60,0,1,2048,1,0,0.0,0.0,140.0,140.0,1,0,0,176,0,0,0
test,0674-0409.svg,653,433,0,6,2048,1,0,0.0,0.0,140.0,140.0,1,0,0,652,0,0,0
test,0674-0426.svg,275,41,0,1,2048,1,0,0.0,0.0,140.0,140.0,1,0,0,274,0,0,0
test,0674-0428.svg,182,49,0,1,2048,1,0,0.0,0.0,140.0,140.0,0,0,0,182,0,0,0
test,0674-0435.svg,201,62,0,2,2048,1,0,0.0,0.0,140.0,140.0,0,0,0,201,0,0,0
test,0674-0460.svg,414,279,0,6,2048,1,0,0.0,0.0,140.0,140.0,0,0,0,414,0,0,0
test,0674-0462.svg,217,68,0,1,2048,1,0,0.0,0.0,140.0,140.0,0,0,0,217,0,0,0
test,0674-0467.svg,177,61,0,1,2048,1,0,0.0,0.0,140.0,140.0,0,0,0,177,0,0,0
test,0674-0488.svg,270,68,0,1,2048,1,0,0.0,0.0,140.0,140.0,0,0,0,270,0,0,0
test,0674-0492.svg,236,68,0,1,2048,1,0,0.0,0.0,140.0,140.0,0,0,0,236,0,0,0
test,0674-0495.svg,223,66,0,2,2048,1,0,0.0,0.0,140.0,140.0,0,0,0,223,0,0,0
test,0674-0514.svg,619,563,0,7,2048,1,0,0.0,0.0,140.0,140.0,1,0,0,618,0,0,0
test,0674-0521.svg,326,156,0,2,2048,1,0,0.0,0.0,140.0,140.0,2,0,0,324,0,0,0
test,0674-0549.svg,169,72,0,2,2048,1,0,0.0,0.0,140.0,140.0,1,0,0,168,0,0,0
test,0674-0576.svg,265,99,0,3,2048,1,0,0.0,0.0,140.0,140.0,2,0,0,263,0,0,0
test,0674-0587.svg,48,34,0,2,2048,1,0,0.0,0.0,140.0,140.0,0,0,0,48,0,0,0
test,0674-0608.svg,252,80,0,1,2048,1,0,0.0,0.0,140.0,140.0,1,0,0,251,0,0,0
test,0674-0610.svg,581,359,0,7,2048,1,0,0.0,0.0,140.0,140.0,1,0,0,580,0,0,0
test,0674-0615.svg,330,128,0,4,2048,1,0,0.0,0.0,140.0,140.0,2,0,0,328,0,0,0
test,0674-0637.svg,309,108,0,2,2048,1,0,0.0,0.0,140.0,140.0,0,0,0,309,0,0,0
test,0674-0638.svg,313,128,0,2,2048,1,0,0.0,0.0,140.0,140.0,1,0,0,312,0,0,0
test,0674-0640.svg,378,133,0,3,2048,1,0,0.0,0.0,140.0,140.0,1,0,0,377,0,0,0
test,0674-0641.svg,298,74,0,4,2048,1,0,0.0,0.0,140.0,140.0,1,0,0,297,0,0,0
test,0674-0667.svg,252,88,0,1,2048,1,0,0.0,0.0,140.0,140.0,0,0,0,252,0,0,0
test,0674-0669.svg,198,62,0,2,2048,1,0,0.0,0.0,140.0,140.0,4,0,0,194,0,0,0
test,0674-0674.svg,569,258,0,7,2048,1,0,0.0,0.0,140.0,140.0,2,0,0,567,0,0,0
test,0674-0700.svg,578,264,0,7,2048,1,0,0.0,0.0,140.0,140.0,2,0,0,576,0,0,0
test,0674-0728.svg,334,69,0,2,2048,1,0,0.0,0.0,140.0,140.0,1,0,0,333,0,0,0
test,0674-0732.svg,174,60,0,1,2048,1,0,0.0,0.0,140.0,140.0,0,0,0,174,0,0,0
test,0674-0765.svg,100,7,0,1,2048,1,0,0.0,0.0,140.0,140.0,3,0,0,97,0,0,0
test,0674-0788.svg,222,66,0,1,2048,1,0,0.0,0.0,140.0,140.0,1,0,0,221,0,0,0
test,0674-0792.svg,228,62,0,1,2048,1,0,0.0,0.0,140.0,140.0,1,0,0,227,0,0,0
test,0674-0820.svg,510,304,0,6,2048,1,0,0.0,0.0,140.0,140.0,0,0,0,510,0,0,0
test,0674-0822.svg,173,53,0,1,2048,1,0,0.0,0.0,140.0,140.0,0,0,0,173,0,0,0
test,0674-0824.svg,577,301,0,6,2048,1,0,0.0,0.0,140.0,140.0,1,0,0,576,0,0,0
test,0674-0847.svg,172,58,0,1,2048,1,0,0.0,0.0,140.0,140.0,1,0,0,171,0,0,0
test,0674-0883.svg,120,69,0,4,2048,1,0,0.0,0.0,140.0,140.0,6,0,0,114,0,0,0
test,0674-0912.svg,146,93,0,3,2048,1,0,0.0,0.0,140.0,140.0,0,0,0,146,0,0,0
test,0678-0007.svg,140,14,0,1,2048,1,0,0.0,0.0,140.0,140.0,0,0,0,140,0,0,0
test,0681-0004.svg,1689,1145,0,13,2048,1,0,0.0,0.0,140.0,140.0,44,6,0,1639,0,0,0
test,0681-0005.svg,1222,762,0,12,2048,1,0,0.0,0.0,140.0,140.0,27,3,0,1192,0,0,0
test,0682-0632.svg,275,108,0,4,2048,1,0,0.0,0.0,140.0,140.0,4,0,0,271,0,0,0
test,0682-0761.svg,219,119,0,3,2048,1,0,0.0,0.0,140.0,140.0,1,0,0,218,0,0,0
test,0682-0762.svg,497,249,0,3,2048,1,0,0.0,0.0,140.0,140.0,2,0,0,495,0,0,0
test,0682-0787.svg,562,356,0,4,2048,1,0,0.0,0.0,140.0,140.0,21,0,0,541,0,0,0
test,0682-0788.svg,1340,1227,0,5,2048,1,0,0.0,0.0,140.0,140.0,134,0,0,1206,0,0,0
test,0682-0839.svg,1207,752,0,8,2048,1,0,0.0,0.0,140.0,140.0,38,0,0,1169,0,0,0
test,0682-0840.svg,1515,1271,0,5,2048,1,0,0.0,0.0,140.0,140.0,116,0,0,1399,0,0,0
test,0682-0841.svg,1090,930,0,6,2048,1,0,0.0,0.0,140.0,140.0,79,0,0,1011,0,0,0
test,0682-0857.svg,64,26,0,1,2048,1,0,0.0,0.0,140.0,140.0,1,0,0,63,0,0,0
test,0682-0862.svg,425,309,0,3,2048,1,0,0.0,0.0,140.0,140.0,32,0,0,393,0,0,0
test,0682-0865.svg,1846,1661,0,5,2048,1,0,0.0,0.0,140.0,140.0,177,0,0,1669,0,0,0
test,0682-0886.svg,147,62,0,3,2048,1,0,0.0,0.0,140.0,140.0,0,0,0,147,0,0,0
test,0682-0914.svg,623,136,0,4,2048,1,0,0.0,0.0,140.0,140.0,7,0,0,616,0,0,0
test,0682-0916.svg,524,459,0,5,2048,1,0,0.0,0.0,140.0,140.0,39,0,0,485,0,0,0
test,0682-0935.svg,71,32,0,2,2048,1,0,0.0,0.0,140.0,140.0,1,0,0,70,0,0,0
test,0682-0938.svg,1728,1646,0,4,2048,1,0,0.0,0.0,140.0,140.0,177,0,0,1551,0,0,0
test,0682-0939.svg,1103,744,0,5,2048,1,0,0.0,0.0,140.0,140.0,54,0,0,1049,0,0,0
test,0682-0940.svg,774,564,0,6,2048,1,0,0.0,0.0,140.0,140.0,31,0,0,743,0,0,0
test,0682-0941.svg,532,369,0,8,2048,1,0,0.0,0.0,140.0,140.0,18,0,0,514,0,0,0
test,0682-0965.svg,1464,1276,0,4,2048,1,0,0.0,0.0,140.0,140.0,65,0,0,1399,0,0,0
test,0682-0987.svg,669,352,0,5,2048,1,0,0.0,0.0,140.0,140.0,4,0,0,665,0,0,0
test,0682-1006.svg,132,22,0,2,2048,1,0,0.0,0.0,140.0,140.0,0,0,0,132,0,0,0
test,0682-1013.svg,1674,1565,0,4,2048,1,0,0.0,0.0,140.0,140.0,174,0,0,1500,0,0,0
test,0682-1016.svg,1024,943,0,4,2048,1,0,0.0,0.0,140.0,140.0,110,0,0,914,0,0,0
test,0682-1035.svg,1131,18,0,2,2048,1,0,0.0,0.0,140.0,140.0,169,0,0,962,0,0,0
test,0682-1081.svg,90,27,0,1,2048,1,0,0.0,0.0,140.0,140.0,3,0,0,87,0,0,0
test,0682-1091.svg,50,18,0,1,2048,1,0,0.0,0.0,140.0,140.0,0,0,0,50,0,0,0
test,0682-1106.svg,138,41,0,2,2048,1,0,0.0,0.0,140.0,140.0,3,0,0,135,0,0,0
test,0682-1113.svg,135,104,0,2,2048,1,0,0.0,0.0,140.0,140.0,0,0,0,135,0,0,0
test,0682-1157.svg,578,143,0,3,2048,1,0,0.0,0.0,140.0,140.0,4,0,0,574,0,0,0
test,0682-1165.svg,208,86,0,1,2048,1,0,0.0,0.0,140.0,140.0,5,0,0,203,0,0,0
test,0683-0225.svg,1190,548,0,6,2048,1,0,0.0,0.0,140.0,140.0,6,0,0,1184,0,0,0
test,0683-0227.svg,1611,77,0,1,2048,1,0,0.0,0.0,140.0,140.0,0,0,0,1611,0,0,0
test,0683-0243.svg,1143,315,0,2,2048,1,0,0.0,0.0,140.0,140.0,1,0,0,1142,0,0,0
test,0683-0245.svg,916,510,0,7,2048,1,0,0.0,0.0,140.0,140.0,2,0,0,914,0,0,0
test,0683-0246.svg,1004,570,0,8,2048,1,0,0.0,0.0,140.0,140.0,3,0,0,1001,0,0,0
test,0683-0287.svg,1353,647,0,4,2048,1,0,0.0,0.0,140.0,140.0,4,0,0,1349,0,0,0
test,0683-0289.svg,1126,264,0,1,2048,1,0,0.0,0.0,140.0,140.0,0,0,0,1126,0,0,0
test,0684-0002.svg,418,89,0,4,2048,1,0,0.0,0.0,140.0,140.0,6,0,0,412,0,0,0
test,0684-0003.svg,482,171,0,4,2048,1,0,0.0,0.0,140.0,140.0,5,0,0,477,0,0,0
test,0684-0012.svg,755,281,0,4,2048,1,0,0.0,0.0,140.0,140.0,2,0,0,753,0,0,0
test,0684-0026.svg,494,99,0,2,2048,1,0,0.0,0.0,140.0,140.0,8,0,0,486,0,0,0
test,0684-0029.svg,741,242,0,5,2048,1,0,0.0,0.0,140.0,140.0,19,0,0,722,0,0,0
test,0684-0042.svg,931,323,0,8,2048,1,0,0.0,0.0,140.0,140.0,28,0,0,903,0,0,0
test,0684-0043.svg,687,247,0,6,2048,1,0,0.0,0.0,140.0,140.0,19,0,0,668,0,0,0
test,0684-0051.svg,2104,1174,0,12,2048,2,0,0.0,0.0,140.0,140.0,66,0,0,2038,0,0,0
test,0685-0032.svg,799,463,0,7,2048,1,0,0.0,0.0,140.0,140.0,2,0,0,797,0,0,0
test,0685-0038.svg,911,728,0,4,2048,1,0,0.0,0.0,140.0,140.0,5,0,0,906,0,0,0
test,0688-0002.svg,1115,533,0,11,2048,1,0,0.0,0.0,140.0,140.0,30,0,0,1085,0,0,0
test,0688-0006.svg,1160,555,0,11,2048,1,0,0.0,0.0,140.0,140.0,29,0,0,1131,0,0,0
test,0689-0007.svg,434,246,0,4,2048,1,0,0.0,0.0,140.0,140.0,24,0,0,410,0,0,0
test,0689-0013.svg,464,207,0,4,2048,1,0,0.0,0.0,140.0,140.0,21,0,0,443,0,0,0
test,0691-0011.svg,252,83,0,4,2048,1,0,0.0,0.0,140.0,140.0,6,0,0,246,0,0,0
test,0691-0019.svg,686,195,0,4,2048,1,0,0.0,0.0,140.0,140.0,16,0,0,670,0,0,0
test,0691-0040.svg,357,160,0,5,2048,1,0,0.0,0.0,140.0,140.0,13,0,0,344,0,0,0
test,0691-0050.svg,460,214,0,4,2048,1,0,0.0,0.0,140.0,140.0,19,0,0,441,0,0,0
test,0692-0003.svg,1420,880,0,14,2048,1,0,0.0,0.0,140.0,140.0,43,0,0,1377,0,0,0
test,0692-0007.svg,1640,1040,0,13,2048,1,0,0.0,0.0,140.0,140.0,48,0,0,1592,0,0,0
test,0693-0008.svg,111,55,0,2,2048,1,0,0.0,0.0,140.0,140.0,0,0,0,111,0,0,0
test,0693-0015.svg,106,49,0,2,2048,1,0,0.0,0.0,140.0,140.0,0,0,0,106,0,0,0
test,0694-0011.svg,327,127,0,4,2048,1,0,0.0,0.0,140.0,140.0,4,0,0,323,0,0,0
test,0694-0013.svg,605,374,0,6,2048,1,0,0.0,0.0,140.0,140.0,4,0,0,601,0,0,0
test,0695-0007.svg,679,333,0,8,2048,1,0,0.0,0.0,140.0,140.0,11,0,0,668,0,0,0
test,0696-0060.svg,709,289,0,5,2048,1,0,0.0,0.0,140.0,140.0,3,0,0,706,0,0,0
test,0696-0065.svg,533,346,0,2,2048,1,0,0.0,0.0,140.0,140.0,2,0,0,531,0,0,0
test,0696-0093.svg,1016,235,0,2,2048,1,0,0.0,0.0,140.0,140.0,0,0,0,1016,0,0,0
test,0696-0094.svg,980,365,0,6,2048,1,0,0.0,0.0,140.0,140.0,2,0,0,978,0,0,0
test,0696-0128.svg,1250,278,0,6,2048,1,0,0.0,0.0,140.0,140.0,4,0,0,1246,0,0,0
test,0696-0129.svg,2114,966,0,7,2048,2,0,0.0,0.0,140.0,140.0,5,0,0,2109,0,0,0
test,0696-0161.svg,1007,255,0,2,2048,1,0,0.0,0.0,140.0,140.0,0,0,0,1007,0,0,0
test,0696-0166.svg,409,167,0,1,2048,1,0,0.0,0.0,140.0,140.0,1,0,0,408,0,0,0
test,0696-0195.svg,1026,351,0,1,2048,1,0,0.0,0.0,140.0,140.0,0,0,0,1026,0,0,0
test,0697-0013.svg,2889,1934,0,21,2048,2,0,0.0,0.0,140.0,140.0,85,2,0,2802,0,0,0
test,0697-0018.svg,3672,2562,0,18,2048,2,0,0.0,0.0,140.0,140.0,85,14,0,3573,0,0,0
test,0698-0001.svg,571,229,0,4,2048,1,0,0.0,0.0,140.0,140.0,15,0,0,556,0,0,0
test,0699-0016.svg,360,131,0,4,2048,1,0,0.0,0.0,140.0,140.0,3,0,0,357,0,0,0
test,0699-0018.svg,430,140,0,5,2048,1,0,0.0,0.0,140.0,140.0,9,0,0,421,0,0,0
test,0699-0023.svg,350,99,0,6,2048,1,0,0.0,0.0,140.0,140.0,6,0,0,344,0,0,0
test,0699-0024.svg,444,171,0,6,2048,1,0,0.0,0.0,140.0,140.0,5,0,0,439,0,0,0
test,0699-0038.svg,372,143,0,5,2048,1,0,0.0,0.0,140.0,140.0,4,0,0,368,0,0,0
test,0699-0045.svg,678,367,0,8,2048,1,0,0.0,0.0,140.0,140.0,27,0,0,651,0,0,0
test,0699-0047.svg,433,150,0,4,2048,1,0,0.0,0.0,140.0,140.0,7,0,0,426,0,0,0
test,0699-0055.svg,242,74,0,4,2048,1,0,0.0,0.0,140.0,140.0,6,0,0,236,0,0,0
test,0700-0002.svg,1146,556,0,11,2048,1,0,0.0,0.0,140.0,140.0,30,0,0,1116,0,0,0
test,0702-0012.svg,1040,533,0,9,2048,1,0,0.0,0.0,140.0,140.0,27,7,0,1006,0,0,0
test,0702-0017.svg,975,475,0,9,2048,1,0,0.0,0.0,140.0,140.0,22,7,0,946,0,0,0
test,0702-0021.svg,361,104,0,3,2048,1,0,0.0,0.0,140.0,140.0,11,0,0,350,0,0,0
test,0704-0002.svg,1997,1294,0,13,2048,1,0,0.0,0.0,140.0,140.0,50,0,0,1947,0,0,0
test,0705-0001.svg,1536,778,0,13,2048,1,0,0.0,0.0,140.0,140.0,45,0,0,1491,0,0,0
test,0708-0002.svg,1103,92,0,2,2048,1,0,0.0,0.0,140.0,140.0,15,0,0,1088,0,0,0
test,0708-0010.svg,896,8,0,1,2048,1,0,0.0,0.0,140.0,140.0,10,0,0,886,0,0,0
test,0709-1802.svg,1084,158,0,4,2048,1,0,0.0,0.0,140.0,140.0,4,0,0,1080,0,0,0
test,0709-1827.svg,1680,474,0,4,2048,1,0,0.0,0.0,140.0,140.0,5,0,0,1675,0,0,0
test,0709-1829.svg,386,58,0,2,2048,1,0,0.0,0.0,140.0,140.0,1,0,0,385,0,0,0
test,0709-1852.svg,1431,183,0,3,2048,1,0,0.0,0.0,140.0,140.0,5,0,0,1426,0,0,0
test,0709-1875.svg,2021,694,0,4,2048,1,0,0.0,0.0,140.0,140.0,3,0,0,2018,0,0,0
test,0710-0010.svg,2411,137,0,1,2048,2,0,0.0,0.0,140.0,140.0,2,0,0,2409,0,0,0
test,0711-0083.svg,449,389,0,1,2048,1,0,0.0,0.0,140.0,140.0,2,0,0,447,0,0,0
test,0711-0123.svg,783,368,0,6,2048,1,0,0.0,0.0,140.0,140.0,1,0,0,782,0,0,0
test,0711-0137.svg,656,249,0,5,2048,1,0,0.0,0.0,140.0,140.0,4,0,0,652,0,0,0
test,0712-0004.svg,1549,1160,0,12,2048,1,0,0.0,0.0,140.0,140.0,62,0,0,1487,0,0,0
test,0714-0021.svg,470,190,0,6,2048,1,0,0.0,0.0,140.0,140.0,12,0,0,458,0,0,0
test,0714-0023.svg,332,100,0,4,2048,1,0,0.0,0.0,140.0,140.0,3,0,0,329,0,0,0
test,0715-0021.svg,673,154,0,3,2048,1,0,0.0,0.0,140.0,140.0,13,0,0,660,0,0,0
test,0715-0022.svg,1376,483,0,10,2048,1,0,0.0,0.0,140.0,140.0,19,16,0,1341,0,0,0
test,0715-0027.svg,720,278,0,9,2048,1,0,0.0,0.0,140.0,140.0,15,6,0,699,0,0,0
test,0717-0013.svg,1068,617,0,12,2048,1,0,0.0,0.0,140.0,140.0,25,0,0,1043,0,0,0
test,0717-0017.svg,2072,1309,0,18,2048,2,0,0.0,0.0,140.0,140.0,73,0,0,1999,0,0,0
test,0717-0027.svg,1852,1175,0,20,2048,1,0,0.0,0.0,140.0,140.0,51,2,0,1799,0,0,0
test,0719-0003.svg,1045,692,0,7,2048,1,0,0.0,0.0,140.0,140.0,5,0,0,1040,0,0,0
test,0719-0005.svg,948,527,0,7,2048,1,0,0.0,0.0,140.0,140.0,6,0,0,942,0,0,0
test,0719-0007.svg,240,41,0,4,2048,1,0,0.0,0.0,140.0,140.0,4,0,0,236,0,0,0
test,0719-0013.svg,1864,890,0,6,2048,1,0,0.0,0.0,140.0,140.0,2,0,0,1862,0,0,0
test,0719-0020.svg,817,309,0,6,2048,1,0,0.0,0.0,140.0,140.0,17,0,0,800,0,0,0
test,0719-0027.svg,567,183,0,3,2048,1,0,0.0,0.0,140.0,140.0,15,0,0,552,0,0,0
test,0719-0047.svg,707,199,0,6,2048,1,0,0.0,0.0,140.0,140.0,24,0,0,683,0,0,0
test,0721-0002.svg,392,291,0,5,2048,1,0,0.0,0.0,140.0,140.0,0,0,0,392,0,0,0
test,0721-0004.svg,276,125,0,6,2048,1,0,0.0,0.0,140.0,140.0,3,0,0,273,0,0,0
test,0721-0009.svg,422,239,0,5,2048,1,0,0.0,0.0,140.0,140.0,5,0,0,417,0,0,0
test,0721-0010.svg,540,337,0,7,2048,1,0,0.0,0.0,140.0,140.0,7,0,0,533,0,0,0
test,0721-0025.svg,686,502,0,7,2048,1,0,0.0,0.0,140.0,140.0,10,0,0,676,0,0,0
test,0722-0004.svg,1316,764,0,13,2048,1,0,0.0,0.0,140.0,140.0,51,0,0,1265,0,0,0
test,0724-0017.svg,788,30,0,1,2048,1,0,0.0,0.0,140.0,140.0,0,0,0,788,0,0,0
test,0725-0080.svg,133,21,0,1,2048,1,0,0.0,0.0,140.0,140.0,0,0,0,133,0,0,0
test,0725-0083.svg,103,5,0,1,2048,1,0,0.0,0.0,140.0,140.0,0,0,0,103,0,0,0
test,0725-0153.svg,433,40,0,4,2048,1,0,0.0,0.0,140.0,140.0,9,0,0,424,0,0,0
test,0725-0169.svg,391,126,0,5,2048,1,0,0.0,0.0,140.0,140.0,2,0,0,389,0,0,0
test,0725-0182.svg,398,8,0,1,2048,1,0,0.0,0.0,140.0,140.0,2,0,0,396,0,0,0
test,0725-0183.svg,1716,9,0,2,2048,1,0,0.0,0.0,140.0,140.0,5,0,0,1711,0,0,0
test,0725-0184.svg,913,79,0,3,2048,1,0,0.0,0.0,140.0,140.0,4,0,0,909,0,0,0
test,0725-0185.svg,1051,59,0,3,2048,1,0,0.0,0.0,140.0,140.0,8,0,0,1043,0,0,0
test,0725-0187.svg,1284,59,0,4,2048,1,0,0.0,0.0,140.0,140.0,10,0,0,1274,0,0,0
test,0725-0202.svg,252,79,0,3,2048,1,0,0.0,0.0,140.0,140.0,1,0,0,251,0,0,0
test,0725-0218.svg,1108,29,0,2,2048,1,0,0.0,0.0,140.0,140.0,0,0,0,1108,0,0,0
test,0725-0219.svg,986,50,0,2,2048,1,0,0.0,0.0,140.0,140.0,2,0,0,984,0,0,0
test,0725-0232.svg,607,15,0,2,2048,1,0,0.0,0.0,140.0,140.0,5,0,0,602,0,0,0
test,0725-0245.svg,199,38,0,2,2048,1,0,0.0,0.0,140.0,140.0,4,0,0,195,0,0,0
test,0725-0248.svg,330,57,0,3,2048,1,0,0.0,0.0,140.0,140.0,1,0,0,329,0,0,0
test,0725-0251.svg,425,12,0,1,2048,1,0,0.0,0.0,140.0,140.0,10,0,0,415,0,0,0
test,0726-0104.svg,96,6,0,1,2048,1,0,0.0,0.0,140.0,140.0,2,0,0,94,0,0,0
test,0726-0163.svg,73,3,0,1,2048,1,0,0.0,0.0,140.0,140.0,0,0,0,73,0,0,0
test,0726-0221.svg,166,39,0,1,2048,1,0,0.0,0.0,140.0,140.0,4,0,0,162,0,0,0
test,0726-0222.svg,113,5,0,1,2048,1,0,0.0,0.0,140.0,140.0,2,0,0,111,0,0,0
test,0726-0281.svg,130,21,0,2,2048,1,0,0.0,0.0,140.0,140.0,2,0,0,128,0,0,0
test,0726-0341.svg,513,15,0,2,2048,1,0,0.0,0.0,140.0,140.0,0,0,0,513,0,0,0
test,0726-0395.svg,52,8,0,1,2048,1,0,0.0,0.0,140.0,140.0,0,0,0,52,0,0,0
test,0726-0398.svg,211,34,0,3,2048,1,0,0.0,0.0,140.0,140.0,0,0,0,211,0,0,0
test,0726-0399.svg,176,43,0,4,2048,1,0,0.0,0.0,140.0,140.0,0,0,0,176,0,0,0
test,0726-0400.svg,560,30,0,2,2048,1,0,0.0,0.0,140.0,140.0,0,0,0,560,0,0,0
test,0726-0514.svg,149,99,0,2,2048,1,0,0.0,0.0,140.0,140.0,0,0,0,149,0,0,0
test,0726-0518.svg,353,75,0,2,2048,1,0,0.0,0.0,140.0,140.0,0,0,0,353,0,0,0
test,0726-0574.svg,139,18,0,1,2048,1,0,0.0,0.0,140.0,140.0,0,0,0,139,0,0,0
test,0727-0002.svg,432,277,0,8,2048,1,0,0.0,0.0,140.0,140.0,6,0,0,426,0,0,0
test,0727-0007.svg,78,12,0,2,2048,1,0,0.0,0.0,140.0,140.0,0,0,0,78,0,0,0
test,0727-0025.svg,367,251,0,6,2048,1,0,0.0,0.0,140.0,140.0,15,0,0,352,0,0,0
test,0730-0004.svg,1316,667,0,12,2048,1,0,0.0,0.0,140.0,140.0,39,0,0,1277,0,0,0
test,0733-0012.svg,1000,654,0,5,2048,1,0,0.0,0.0,140.0,140.0,20,0,0,980,0,0,0
test,0733-0022.svg,542,141,0,4,2048,1,0,0.0,0.0,140.0,140.0,5,0,0,537,0,0,0
test,0734-0105.svg,6692,3286,0,9,2048,4,0,0.0,0.0,140.0,140.0,148,24,0,6520,0,0,0
test,0735-0006.svg,1095,699,0,13,2048,1,0,0.0,0.0,140.0,140.0,34,0,0,1061,0,0,0
test,0736-0013.svg,850,442,0,2,2048,1,0,0.0,0.0,140.0,140.0,1,0,0,849,0,0,0
test,0736-0057.svg,679,237,0,5,2048,1,0,0.0,0.0,140.0,140.0,2,0,0,677,0,0,0
test,0738-0004.svg,1428,992,0,13,2048,1,0,0.0,0.0,140.0,140.0,37,3,0,1388,0,0,0
test,0740-0003.svg,277,41,0,3,2048,1,0,0.0,0.0,140.0,140.0,2,0,0,275,0,0,0
test,0740-0025.svg,414,132,0,4,2048,1,0,0.0,0.0,140.0,140.0,2,0,0,412,0,0,0
test,0740-0026.svg,295,105,0,3,2048,1,0,0.0,0.0,140.0,140.0,4,0,0,291,0,0,0
test,0740-0033.svg,334,105,0,3,2048,1,0,0.0,0.0,140.0,140.0,4,0,0,330,0,0,0
test,0740-0034.svg,139,27,0,3,2048,1,0,0.0,0.0,140.0,140.0,1,0,0,138,0,0,0
test,0743-0014.svg,183,145,0,1,2048,1,0,0.0,0.0,140.0,140.0,4,0,0,179,0,0,0
test,0743-0028.svg,749,342,0,6,2048,1,0,0.0,0.0,140.0,140.0,4,0,0,745,0,0,0
test,0744-0003.svg,655,348,0,5,2048,1,0,0.0,0.0,140.0,140.0,9,0,0,646,0,0,0
test,0747-0007.svg,647,255,0,7,2048,1,0,0.0,0.0,140.0,140.0,30,1,0,616,0,0,0
test,0747-0016.svg,866,249,0,8,2048,1,0,0.0,0.0,140.0,140.0,24,0,0,842,0,0,0
test,0748-0010.svg,585,219,0,5,2048,1,0,0.0,0.0,140.0,140.0,16,0,0,569,0,0,0
test,0749-0020.svg,989,537,0,6,2048,1,0,0.0,0.0,140.0,140.0,1,0,0,988,0,0,0
test,0752-0012.svg,1233,694,0,11,2048,1,0,0.0,0.0,140.0,140.0,46,7,0,1180,0,0,0
test,0752-0016.svg,711,286,0,9,2048,1,0,0.0,0.0,140.0,140.0,30,0,0,681,0,0,0
test,0752-0017.svg,1155,627,0,12,2048,1,0,0.0,0.0,140.0,140.0,42,7,0,1106,0,0,0
test,0753-0001.svg,1103,491,0,11,2048,1,0,0.0,0.0,140.0,140.0,27,0,0,1076,0,0,0
test,0753-0009.svg,750,493,0,9,2048,1,0,0.0,0.0,140.0,140.0,20,0,0,730,0,0,0
test,0753-0016.svg,1921,1304,0,14,2048,1,0,0.0,0.0,140.0,140.0,56,0,0,1865,0,0,0
test,0753-0019.svg,915,490,0,11,2048,1,0,0.0,0.0,140.0,140.0,23,0,0,892,0,0,0
test,0754-0001.svg,738,361,0,7,2048,1,0,0.0,0.0,140.0,140.0,19,3,0,716,0,0,0
test,0754-0011.svg,4232,1761,0,9,2048,3,0,0.0,0.0,140.0,140.0,46,3,0,4183,0,0,0
test,0754-0012.svg,757,603,0,5,2048,1,0,0.0,0.0,140.0,140.0,6,0,0,751,0,0,0
test,0754-0016.svg,1282,855,0,16,2048,1,0,0.0,0.0,140.0,140.0,26,4,0,1252,0,0,0
test,0755-0000.svg,1201,1027,0,10,2048,1,0,0.0,0.0,140.0,140.0,69,0,0,1132,0,0,0
test,0755-0006.svg,193,98,0,4,2048,1,0,0.0,0.0,140.0,140.0,3,0,0,190,0,0,0
test,0755-0013.svg,150,38,0,2,2048,1,0,0.0,0.0,140.0,140.0,0,0,0,150,0,0,0
test,0755-0027.svg,144,33,0,3,2048,1,0,0.0,0.0,140.0,140.0,2,0,0,142,0,0,0
test,0755-0058.svg,65,4,0,1,2048,1,0,0.0,0.0,140.0,140.0,4,0,0,61,0,0,0
test,0756-0008.svg,2991,2370,0,6,2048,2,0,0.0,0.0,140.0,140.0,70,0,0,2921,0,0,0
test,0756-0017.svg,488,52,0,1,2048,1,0,0.0,0.0,140.0,140.0,0,0,0,488,0,0,0
test,0756-0021.svg,658,335,0,8,2048,1,0,0.0,0.0,140.0,140.0,6,0,0,652,0,0,0
test,0757-0008.svg,1874,674,0,10,2048,1,0,0.0,0.0,140.0,140.0,27,0,0,1847,0,0,0
test,0757-0016.svg,1140,292,0,8,2048,1,0,0.0,0.0,140.0,140.0,12,0,0,1128,0,0,0
test,0757-0018.svg,2349,1750,0,10,2048,2,0,0.0,0.0,140.0,140.0,46,3,0,2300,0,0,0
test,0757-0026.svg,2151,387,0,6,2048,2,0,0.0,0.0,140.0,140.0,10,0,0,2141,0,0,0
test,0757-0028.svg,1699,1281,0,9,2048,1,0,0.0,0.0,140.0,140.0,29,4,0,1666,0,0,0
test,0757-0039.svg,2316,295,0,4,2048,2,0,0.0,0.0,140.0,140.0,12,0,0,2304,0,0,0
test,0757-0049.svg,2415,253,0,4,2048,2,0,0.0,0.0,140.0,140.0,13,0,0,2402,0,0,0
test,0758-0008.svg,1354,31,0,2,2048,1,0,0.0,0.0,140.0,140.0,10,0,0,1344,0,0,0
test,0758-0009.svg,4082,451,0,4,2048,2,0,0.0,0.0,140.0,140.0,18,0,0,4064,0,0,0
test,0758-0012.svg,3980,393,0,4,2048,2,0,0.0,0.0,140.0,140.0,21,0,0,3959,0,0,0
test,0758-0017.svg,788,185,0,5,2048,1,0,0.0,0.0,140.0,140.0,12,0,0,776,0,0,0
test,0758-0034.svg,810,450,0,6,2048,1,0,0.0,0.0,140.0,140.0,1,0,0,809,0,0,0
test,0758-0036.svg,3451,134,0,5,2048,2,0,0.0,0.0,140.0,140.0,8,0,0,3443,0,0,0
test,0758-0051.svg,675,336,0,3,2048,1,0,0.0,0.0,140.0,140.0,3,0,0,672,0,0,0
test,0759-0007.svg,1769,1479,0,17,2048,1,0,0.0,0.0,140.0,140.0,24,8,0,1737,0,0,0
test,0759-0026.svg,743,544,0,14,2048,1,0,0.0,0.0,140.0,140.0,19,0,0,724,0,0,0
test,0759-0027.svg,1828,1521,0,19,2048,1,0,0.0,0.0,140.0,140.0,24,8,0,1796,0,0,0
test,0762-0025.svg,383,77,0,2,2048,1,0,0.0,0.0,140.0,140.0,7,0,0,376,0,0,0
test,0762-0043.svg,375,69,0,2,2048,1,0,0.0,0.0,140.0,140.0,3,0,0,372,0,0,0
test,0762-0044.svg,384,57,0,1,2048,1,0,0.0,0.0,140.0,140.0,3,0,0,381,0,0,0
test,0763-0004.svg,1689,1159,0,13,2048,1,0,0.0,0.0,140.0,140.0,44,6,0,1639,0,0,0
test,0764-0003.svg,2709,293,0,5,2048,2,0,0.0,0.0,140.0,140.0,35,3,0,2671,0,0,0
test,0764-0014.svg,2630,1146,0,5,2048,2,0,0.0,0.0,140.0,140.0,23,2,0,2605,0,0,0
test,0764-0016.svg,1790,133,0,4,2048,1,0,0.0,0.0,140.0,140.0,16,5,0,1769,0,0,0
test,0764-0029.svg,3728,737,0,5,2048,2,0,0.0,0.0,140.0,140.0,20,7,0,3701,0,0,0
test,0765-0081.svg,1919,626,0,7,2048,1,0,0.0,0.0,140.0,140.0,25,0,0,1894,0,0,0
test,0765-0083.svg,312,243,0,6,2048,1,0,0.0,0.0,140.0,140.0,2,0,0,310,0,0,0
test,0765-0089.svg,315,2,0,1,2048,1,0,0.0,0.0,140.0,140.0,2,0,0,313,0,0,0
test,0765-0093.svg,747,115,0,4,2048,1,0,0.0,0.0,140.0,140.0,0,0,0,747,0,0,0
test,0765-0139.svg,1058,58,0,2,2048,1,0,0.0,0.0,140.0,140.0,1,0,0,1057,0,0,0
test,0766-0005.svg,401,137,0,1,2048,1,0,0.0,0.0,140.0,140.0,0,0,0,401,0,0,0
test,0766-0009.svg,581,108,0,1,2048,1,0,0.0,0.0,140.0,140.0,0,0,0,581,0,0,0
test,0767-3484.svg,21,4,0,1,2048,1,0,0.0,0.0,140.0,140.0,0,0,0,21,0,0,0
test,0767-3486.svg,81,16,0,1,2048,1,0,0.0,0.0,140.0,140.0,0,0,0,81,0,0,0
test,0767-3489.svg,134,22,0,1,2048,1,0,0.0,0.0,140.0,140.0,0,0,0,134,0,0,0
test,0767-3568.svg,279,116,0,4,2048,1,0,0.0,0.0,140.0,140.0,0,0,0,279,0,0,0
test,0767-3569.svg,174,54,0,2,2048,1,0,0.0,0.0,140.0,140.0,1,0,0,173,0,0,0
test,0767-3647.svg,243,102,0,2,2048,1,0,0.0,0.0,140.0,140.0,2,0,0,241,0,0,0
test,0767-3726.svg,126,24,0,1,2048,1,0,0.0,0.0,140.0,140.0,0,0,0,126,0,0,0
test,0767-3801.svg,135,26,0,1,2048,1,0,0.0,0.0,140.0,140.0,0,0,0,135,0,0,0
test,0767-4042.svg,289,123,0,3,2048,1,0,0.0,0.0,140.0,140.0,2,0,0,287,0,0,0
test,0767-4043.svg,145,52,0,3,2048,1,0,0.0,0.0,140.0,140.0,0,0,0,145,0,0,0
test,0767-4047.svg,383,39,0,2,2048,1,0,0.0,0.0,140.0,140.0,0,0,0,383,0,0,0
test,0767-4120.svg,78,8,0,2,2048,1,0,0.0,0.0,140.0,140.0,0,0,0,78,0,0,0
test,0767-4122.svg,230,95,0,4,2048,1,0,0.0,0.0,140.0,140.0,1,0,0,229,0,0,0
test,0767-4282.svg,82,31,0,1,2048,1,0,0.0,0.0,140.0,140.0,1,0,0,81,0,0,0
test,0767-4510.svg,60,8,0,1,2048,1,0,0.0,0.0,140.0,140.0,0,0,0,60,0,0,0
test,0767-4592.svg,110,6,0,1,2048,1,0,0.0,0.0,140.0,140.0,2,0,0,108,0,0,0
test,0767-4827.svg,145,70,0,2,2048,1,0,0.0,0.0,140.0,140.0,0,0,0,145,0,0,0
test,0767-4829.svg,132,20,0,2,2048,1,0,0.0,0.0,140.0,140.0,2,0,0,130,0,0,0
test,0768-0016.svg,7591,2526,0,21,2048,4,0,0.0,0.0,140.0,140.0,65,12,0,7514,0,0,0
test,0769-0009.svg,1721,755,0,10,2048,1,0,0.0,0.0,140.0,140.0,17,0,0,1704,0,0,0
test,0770-0008.svg,272,64,0,1,2048,1,0,0.0,0.0,140.0,140.0,8,0,0,264,0,0,0
test,0771-0012.svg,577,280,0,7,2048,1,0,0.0,0.0,140.0,140.0,1,0,0,576,0,0,0
test,0771-0016.svg,371,78,0,3,2048,1,0,0.0,0.0,140.0,140.0,0,0,0,371,0,0,0
test,0772-0008.svg,573,330,0,6,2048,1,0,0.0,0.0,140.0,140.0,6,0,0,567,0,0,0
test,0772-0016.svg,483,291,0,6,2048,1,0,0.0,0.0,140.0,140.0,7,0,0,476,0,0,0
test,0772-0022.svg,1027,590,0,8,2048,1,0,0.0,0.0,140.0,140.0,20,0,0,1007,0,0,0
test,0772-0026.svg,665,599,0,4,2048,1,0,0.0,0.0,140.0,140.0,0,0,0,665,0,0,0
test,0772-0031.svg,846,654,0,7,2048,1,0,0.0,0.0,140.0,140.0,4,0,0,842,0,0,0
test,0773-0000.svg,1578,111,0,3,2048,1,0,0.0,0.0,140.0,140.0,9,0,0,1569,0,0,0
test,0773-0005.svg,1806,1269,0,12,2048,1,0,0.0,0.0,140.0,140.0,26,0,0,1780,0,0,0
test,0775-0004.svg,437,127,0,4,2048,1,0,0.0,0.0,140.0,140.0,0,0,0,437,0,0,0
test,0775-0017.svg,492,271,0,6,2048,1,0,0.0,0.0,140.0,140.0,2,0,0,490,0,0,0
test,0776-0015.svg,407,117,0,5,2048,1,0,0.0,0.0,140.0,140.0,7,0,0,400,0,0,0
test,0776-0020.svg,139,8,0,1,2048,1,0,0.0,0.0,140.0,140.0,2,0,0,137,0,0,0
test,0777-0008.svg,1507,358,0,8,2048,1,0,0.0,0.0,140.0,140.0,7,8,0,1492,0,0,0
test,0777-0011.svg,629,168,0,5,2048,1,0,0.0,0.0,140.0,140.0,5,0,0,624,0,0,0
test,0777-0020.svg,690,296,0,5,2048,1,0,0.0,0.0,140.0,140.0,20,0,0,670,0,0,0
test,0777-0024.svg,677,248,0,7,2048,1,0,0.0,0.0,140.0,140.0,13,4,0,660,0,0,0
test,0777-0057.svg,1762,1046,0,5,2048,1,0,0.0,0.0,140.0,140.0,0,0,0,1762,0,0,0
test,0777-0081.svg,1306,783,0,7,2048,1,0,0.0,0.0,140.0,140.0,0,0,0,1306,0,0,0
test,0777-0096.svg,809,568,0,7,2048,1,0,0.0,0.0,140.0,140.0,1,0,0,808,0,0,0
test,0777-0112.svg,610,211,0,7,2048,1,0,0.0,0.0,140.0,140.0,3,0,0,607,0,0,0
test,0777-0128.svg,287,88,0,4,2048,1,0,0.0,0.0,140.0,140.0,2,0,0,285,0,0,0
test,0777-0129.svg,469,125,0,4,2048,1,0,0.0,0.0,140.0,140.0,2,0,0,467,0,0,0
test,0777-0134.svg,313,176,0,4,2048,1,0,0.0,0.0,140.0,140.0,0,0,0,313,0,0,0
test,0777-0160.svg,260,86,0,3,2048,1,0,0.0,0.0,140.0,140.0,1,0,0,259,0,0,0
test,0777-0161.svg,745,357,0,6,2048,1,0,0.0,0.0,140.0,140.0,21,2,0,722,0,0,0
test,0777-0163.svg,804,657,0,2,2048,1,0,0.0,0.0,140.0,140.0,3,0,0,801,0,0,0
test,0781-0010.svg,416,71,0,3,2048,1,0,0.0,0.0,140.0,140.0,8,0,0,408,0,0,0
test,0782-0018.svg,72,7,0,1,2048,1,0,0.0,0.0,140.0,140.0,0,0,0,72,0,0,0
test,0782-0040.svg,257,136,0,3,2048,1,0,0.0,0.0,140.0,140.0,0,0,0,257,0,0,0
test,0782-0061.svg,368,246,0,6,2048,1,0,0.0,0.0,140.0,140.0,2,0,0,366,0,0,0
test,0782-0083.svg,248,33,0,2,2048,1,0,0.0,0.0,140.0,140.0,0,0,0,248,0,0,0
test,0783-0039.svg,432,118,0,4,2048,1,0,0.0,0.0,140.0,140.0,8,0,0,424,0,0,0
test,0783-0059.svg,793,480,0,10,2048,1,0,0.0,0.0,140.0,140.0,13,0,0,780,0,0,0
test,0783-0060.svg,505,188,0,7,2048,1,0,0.0,0.0,140.0,140.0,2,0,0,503,0,0,0
test,0783-0069.svg,353,114,0,3,2048,1,0,0.0,0.0,140.0,140.0,4,0,0,349,0,0,0
test,0783-0076.svg,246,85,0,3,2048,1,0,0.0,0.0,140.0,140.0,0,0,0,246,0,0,0
test,0784-0009.svg,139,44,0,3,2048,1,0,0.0,0.0,140.0,140.0,1,0,0,138,0,0,0
test,0784-0010.svg,381,114,0,6,2048,1,0,0.0,0.0,140.0,140.0,6,0,0,375,0,0,0
test,0785-0025.svg,321,102,0,6,2048,1,0,0.0,0.0,140.0,140.0,3,0,0,318,0,0,0
test,0785-0034.svg,453,101,0,4,2048,1,0,0.0,0.0,140.0,140.0,2,0,0,451,0,0,0
test,0785-0050.svg,377,95,0,4,2048,1,0,0.0,0.0,140.0,140.0,2,0,0,375,0,0,0
test,0785-0057.svg,357,166,0,7,2048,1,0,0.0,0.0,140.0,140.0,3,0,0,354,0,0,0
test,0785-0067.svg,411,99,0,4,2048,1,0,0.0,0.0,140.0,140.0,2,0,0,409,0,0,0
test,0786-0008.svg,473,251,0,5,2048,1,0,0.0,0.0,140.0,140.0,0,0,0,473,0,0,0
test,0786-0042.svg,322,277,0,3,2048,1,0,0.0,0.0,140.0,140.0,1,0,0,321,0,0,0
test,0786-0049.svg,264,120,0,4,2048,1,0,0.0,0.0,140.0,140.0,2,0,0,262,0,0,0
test,0786-0050.svg,637,425,0,6,2048,1,0,0.0,0.0,140.0,140.0,4,0,0,633,0,0,0
test,0786-0057.svg,203,130,0,2,2048,1,0,0.0,0.0,140.0,140.0,2,0,0,201,0,0,0
test,0787-0028.svg,3595,1492,0,1,2048,2,0,0.0,0.0,140.0,140.0,0,0,0,3595,0,0,0
test,0788-0004.svg,8840,137,0,1,2048,5,0,0.0,0.0,140.0,140.0,4,0,0,8836,0,0,0
test,0789-0007.svg,2812,1673,0,19,2048,2,0,0.0,0.0,140.0,140.0,43,6,0,2763,0,0,0
test,0789-0017.svg,3386,2135,0,22,2048,2,0,0.0,0.0,140.0,140.0,49,12,0,3325,0,0,0
test,0789-0029.svg,6047,2096,0,11,2048,3,0,0.0,0.0,140.0,140.0,77,0,0,5970,0,0,0
test,0790-0003.svg,394,72,0,1,2048,1,0,0.0,0.0,140.0,140.0,6,0,0,388,0,0,0
test,0790-0006.svg,372,74,0,1,2048,1,0,0.0,0.0,140.0,140.0,7,0,0,365,0,0,0
test,0792-0012.svg,473,193,0,1,2048,1,0,0.0,0.0,140.0,140.0,6,0,0,467,0,0,0
test,0792-0016.svg,521,170,0,1,2048,1,0,0.0,0.0,140.0,140.0,7,0,0,514,0,0,0
test,0793-0006.svg,604,162,0,4,2048,1,0,0.0,0.0,140.0,140.0,0,0,0,604,0,0,0
test,0793-0009.svg,875,424,0,7,2048,1,0,0.0,0.0,140.0,140.0,0,0,0,875,0,0,0
test,0794-0008.svg,929,642,0,9,2048,1,0,0.0,0.0,140.0,140.0,35,6,0,888,0,0,0
test,0794-0009.svg,273,94,0,4,2048,1,0,0.0,0.0,140.0,140.0,2,2,0,269,0,0,0
test,0794-0016.svg,176,47,0,3,2048,1,0,0.0,0.0,140.0,140.0,0,0,0,176,0,0,0
test,0794-0022.svg,204,109,0,4,2048,1,0,0.0,0.0,140.0,140.0,4,0,0,200,0,0,0
test,0794-0026.svg,126,14,0,1,2048,1,0,0.0,0.0,140.0,140.0,2,0,0,124,0,0,0
test,0794-0033.svg,188,113,0,3,2048,1,0,0.0,0.0,140.0,140.0,1,0,0,187,0,0,0
test,0794-0038.svg,350,97,0,4,2048,1,0,0.0,0.0,140.0,140.0,0,0,0,350,0,0,0
test,0794-0042.svg,331,274,0,5,2048,1,0,0.0,0.0,140.0,140.0,1,0,0,330,0,0,0
test,0795-0004.svg,212,52,0,1,2048,1,0,0.0,0.0,140.0,140.0,6,0,0,206,0,0,0
test,0795-0009.svg,600,292,0,1,2048,1,0,0.0,0.0,140.0,140.0,0,0,0,600,0,0,0
test,0796-0004.svg,337,141,0,1,2048,1,0,0.0,0.0,140.0,140.0,0,0,0,337,0,0,0
test,0796-0007.svg,377,171,0,1,2048,1,0,0.0,0.0,140.0,140.0,0,0,0,377,0,0,0
test,0797-1480.svg,100,70,0,4,2048,1,0,0.0,0.0,140.0,140.0,0,0,0,100,0,0,0
test,0797-1537.svg,46,9,0,2,2048,1,0,0.0,0.0,140.0,140.0,0,0,0,46,0,0,0
test,0797-1542.svg,256,101,0,3,2048,1,0,0.0,0.0,140.0,140.0,1,0,0,255,0,0,0
test,0797-1597.svg,132,30,0,3,2048,1,0,0.0,0.0,140.0,140.0,0,0,0,132,0,0,0
test,0797-1657.svg,72,0,0,0,2048,1,0,0.0,0.0,140.0,140.0,0,0,0,72,0,0,0
test,0797-1722.svg,292,159,0,3,2048,1,0,0.0,0.0,140.0,140.0,1,0,0,291,0,0,0
test,0797-1778.svg,222,41,0,3,2048,1,0,0.0,0.0,140.0,140.0,0,0,0,222,0,0,0
test,0797-1781.svg,339,168,0,5,2048,1,0,0.0,0.0,140.0,140.0,0,0,0,339,0,0,0
test,0797-1837.svg,412,140,0,5,2048,1,0,0.0,0.0,140.0,140.0,0,0,0,412,0,0,0
test,0797-1838.svg,274,52,0,3,2048,1,0,0.0,0.0,140.0,140.0,0,0,0,274,0,0,0
test,0797-1847.svg,154,7,0,1,2048,1,0,0.0,0.0,140.0,140.0,0,0,0,154,0,0,0
test,0797-1902.svg,168,79,0,5,2048,1,0,0.0,0.0,140.0,140.0,1,0,0,167,0,0,0
test,0797-1960.svg,268,95,0,3,2048,1,0,0.0,0.0,140.0,140.0,0,0,0,268,0,0,0
test,0797-1962.svg,188,66,0,4,2048,1,0,0.0,0.0,140.0,140.0,0,0,0,188,0,0,0
test,0797-2022.svg,207,87,0,4,2048,1,0,0.0,0.0,140.0,140.0,0,0,0,207,0,0,0
test,0797-2078.svg,267,59,0,2,2048,1,0,0.0,0.0,140.0,140.0,0,0,0,267,0,0,0
test,0797-2079.svg,113,20,0,2,2048,1,0,0.0,0.0,140.0,140.0,0,0,0,113,0,0,0
test,0797-2196.svg,260,138,0,5,2048,1,0,0.0,0.0,140.0,140.0,0,0,0,260,0,0,0
test,0797-2202.svg,286,130,0,4,2048,1,0,0.0,0.0,140.0,140.0,0,0,0,286,0,0,0
test,0797-2255.svg,133,101,0,3,2048,1,0,0.0,0.0,140.0,140.0,0,0,0,133,0,0,0
test,0797-2259.svg,183,34,0,2,2048,1,0,0.0,0.0,140.0,140.0,0,0,0,183,0,0,0
test,0797-2322.svg,75,42,0,4,2048,1,0,0.0,0.0,140.0,140.0,1,0,0,74,0,0,0
test,0797-2382.svg,150,78,0,4,2048,1,0,0.0,0.0,140.0,140.0,0,0,0,150,0,0,0
test,0797-2383.svg,92,6,0,1,2048,1,0,0.0,0.0,140.0,140.0,0,0,0,92,0,0,0
test,0797-2442.svg,178,94,0,4,2048,1,0,0.0,0.0,140.0,140.0,0,0,0,178,0,0,0
test,0797-2497.svg,177,32,0,2,2048,1,0,0.0,0.0,140.0,140.0,0,0,0,177,0,0,0
test,0797-2499.svg,309,63,0,3,2048,1,0,0.0,0.0,140.0,140.0,0,0,0,309,0,0,0
test,0797-2619.svg,287,166,0,6,2048,1,0,0.0,0.0,140.0,140.0,0,0,0,287,0,0,0
test,0797-2622.svg,101,32,0,3,2048,1,0,0.0,0.0,140.0,140.0,1,0,0,100,0,0,0
test,0799-0037.svg,9699,1187,0,2,2048,5,0,0.0,0.0,140.0,140.0,0,0,0,9699,0,0,0
test,0799-0040.svg,9971,461,0,2,2048,5,0,0.0,0.0,140.0,140.0,0,0,0,9971,0,0,0
test,0799-0046.svg,1420,1200,0,7,2048,1,0,0.0,0.0,140.0,140.0,5,0,0,1415,0,0,0
test,0799-0047.svg,4746,947,0,5,2048,3,0,0.0,0.0,140.0,140.0,1,0,0,4745,0,0,0
test,0799-0071.svg,3087,575,0,7,2048,2,0,0.0,0.0,140.0,140.0,20,0,0,3067,0,0,0
test,0799-0081.svg,492,159,0,3,2048,1,0,0.0,0.0,140.0,140.0,3,0,0,489,0,0,0
test,0799-0093.svg,1361,809,0,7,2048,1,0,0.0,0.0,140.0,140.0,8,0,0,1353,0,0,0
test,0800-4376.svg,842,584,0,8,2048,1,0,0.0,0.0,140.0,140.0,9,0,0,833,0,0,0
test,0800-4403.svg,1882,1545,0,7,2048,1,0,0.0,0.0,140.0,140.0,8,0,0,1874,0,0,0
test,0800-4460.svg,467,240,0,6,2048,1,0,0.0,0.0,140.0,140.0,12,0,0,455,0,0,0
test,0800-4488.svg,1578,520,0,9,2048,1,0,0.0,0.0,140.0,140.0,52,4,0,1522,0,0,0
test,0800-4512.svg,1167,269,0,8,2048,1,0,0.0,0.0,140.0,140.0,17,0,0,1150,0,0,0
test,0801-0025.svg,1156,872,0,7,2048,1,0,0.0,0.0,140.0,140.0,20,5,0,1131,0,0,0
test,0802-0004.svg,174,20,0,1,2048,1,0,0.0,0.0,140.0,140.0,6,0,0,168,0,0,0
test,0802-0009.svg,487,240,0,1,2048,1,0,0.0,0.0,140.0,140.0,0,0,0,487,0,0,0
test,0802-0010.svg,198,117,0,1,2048,1,0,0.0,0.0,140.0,140.0,4,0,0,194,0,0,0
test,0803-0002.svg,5227,1255,0,19,2048,3,0,0.0,0.0,140.0,140.0,47,0,0,5180,0,0,0
test,0804-0022.svg,596,503,0,6,2048,1,0,0.0,0.0,140.0,140.0,2,0,0,594,0,0,0
test,0804-0025.svg,2294,83,0,1,2048,2,0,0.0,0.0,140.0,140.0,1,0,0,2293,0,0,0
test,0804-0032.svg,2230,17,0,1,2048,2,0,0.0,0.0,140.0,140.0,0,0,0,2230,0,0,0
test,0804-0037.svg,212,129,0,2,2048,1,0,0.0,0.0,140.0,140.0,0,0,0,212,0,0,0
test,0805-0011.svg,495,397,0,7,2048,1,0,0.0,0.0,140.0,140.0,2,0,0,493,0,0,0
test,0806-0040.svg,544,167,0,4,2048,1,0,0.0,0.0,140.0,140.0,12,0,0,532,0,0,0
test,0806-0041.svg,1613,878,0,17,2048,1,0,0.0,0.0,140.0,140.0,27,0,0,1586,0,0,0
test,0806-0042.svg,1014,524,0,13,2048,1,0,0.0,0.0,140.0,140.0,16,0,0,998,0,0,0
test,0806-0051.svg,3017,1779,0,21,2048,2,0,0.0,0.0,140.0,140.0,48,6,0,2963,0,0,0
test,0806-0060.svg,397,104,0,2,2048,1,0,0.0,0.0,140.0,140.0,11,0,0,386,0,0,0
test,0807-0000.svg,327,145,0,1,2048,1,0,0.0,0.0,140.0,140.0,0,0,0,327,0,0,0
test,0807-0006.svg,373,154,0,1,2048,1,0,0.0,0.0,140.0,140.0,0,0,0,373,0,0,0
test,0808-0004.svg,372,213,0,1,2048,1,0,0.0,0.0,140.0,140.0,0,0,0,372,0,0,0
test,0809-0009.svg,309,155,0,1,2048,1,0,0.0,0.0,140.0,140.0,6,0,0,303,0,0,0
test,0809-0012.svg,217,95,0,1,2048,1,0,0.0,0.0,140.0,140.0,8,0,0,209,0,0,0
test,0810-0009.svg,300,60,0,3,2048,1,0,0.0,0.0,140.0,140.0,2,0,0,298,0,0,0
test,0810-0010.svg,159,15,0,2,2048,1,0,0.0,0.0,140.0,140.0,1,0,0,158,0,0,0
test,0810-0023.svg,229,42,0,3,2048,1,0,0.0,0.0,140.0,140.0,0,0,0,229,0,0,0
test,0810-0044.svg,267,170,0,3,2048,1,0,0.0,0.0,140.0,140.0,0,0,0,267,0,0,0
test,0810-0046.svg,65,7,0,2,2048,1,0,0.0,0.0,140.0,140.0,0,0,0,65,0,0,0
test,0810-0059.svg,91,12,0,2,2048,1,0,0.0,0.0,140.0,140.0,2,0,0,89,0,0,0
test,0811-0032.svg,124,20,0,2,2048,1,0,0.0,0.0,140.0,140.0,2,0,0,122,0,0,0
test,0813-0007.svg,331,194,0,1,2048,1,0,0.0,0.0,140.0,140.0,0,0,0,331,0,0,0
test,0813-0022.svg,1001,397,0,2,2048,1,0,0.0,0.0,140.0,140.0,4,0,0,997,0,0,0
test,0814-0004.svg,277,48,0,4,2048,1,0,0.0,0.0,140.0,140.0,0,0,0,277,0,0,0
test,0814-0013.svg,1152,595,0,9,2048,1,0,0.0,0.0,140.0,140.0,10,0,0,1142,0,0,0
test,0814-0018.svg,267,69,0,3,2048,1,0,0.0,0.0,140.0,140.0,0,0,0,267,0,0,0
test,0815-0026.svg,647,201,0,7,2048,1,0,0.0,0.0,140.0,140.0,19,0,0,628,0,0,0
test,0815-0029.svg,289,115,0,7,2048,1,0,0.0,0.0,140.0,140.0,2,0,0,287,0,0,0
test,0815-0033.svg,233,31,0,3,2048,1,0,0.0,0.0,140.0,140.0,3,0,0,230,0,0,0
test,0815-0061.svg,264,114,0,7,2048,1,0,0.0,0.0,140.0,140.0,2,0,0,262,0,0,0
test,0815-0066.svg,1180,539,0,10,2048,1,0,0.0,0.0,140.0,140.0,50,0,0,1130,0,0,0
test,0815-0069.svg,449,188,0,5,2048,1,0,0.0,0.0,140.0,140.0,1,0,0,448,0,0,0
test,0816-0006.svg,420,185,0,7,2048,1,0,0.0,0.0,140.0,140.0,17,0,0,403,0,0,0
test,0816-0012.svg,415,130,0,4,2048,1,0,0.0,0.0,140.0,140.0,5,0,0,410,0,0,0
test,0816-0013.svg,790,335,0,5,2048,1,0,0.0,0.0,140.0,140.0,18,2,0,770,0,0,0
test,0816-0016.svg,303,126,0,4,2048,1,0,0.0,0.0,140.0,140.0,5,0,0,298,0,0,0
test,0816-0030.svg,1089,611,0,7,2048,1,0,0.0,0.0,140.0,140.0,22,0,0,1067,0,0,0
test,0817-0005.svg,1035,674,0,12,2048,1,0,0.0,0.0,140.0,140.0,16,0,0,1019,0,0,0
test,0818-0012.svg,488,233,0,7,2048,1,0,0.0,0.0,140.0,140.0,1,0,0,487,0,0,0
test,0818-0015.svg,1245,942,0,9,2048,1,0,0.0,0.0,140.0,140.0,17,1,0,1227,0,0,0
test,0819-0016.svg,258,74,0,3,2048,1,0,0.0,0.0,140.0,140.0,1,0,0,257,0,0,0
test,0819-0017.svg,305,96,0,4,2048,1,0,0.0,0.0,140.0,140.0,0,0,0,305,0,0,0
test,0820-0010.svg,560,359,0,5,2048,1,0,0.0,0.0,140.0,140.0,0,0,0,560,0,0,0
test,0820-0017.svg,437,99,0,3,2048,1,0,0.0,0.0,140.0,140.0,0,0,0,437,0,0,0
test,0820-0019.svg,468,110,0,3,2048,1,0,0.0,0.0,140.0,140.0,0,0,0,468,0,0,0
test,0820-0029.svg,246,126,0,4,2048,1,0,0.0,0.0,140.0,140.0,2,0,0,244,0,0,0
test,0820-0032.svg,852,345,0,8,2048,1,0,0.0,0.0,140.0,140.0,18,0,0,834,0,0,0
test,0820-0033.svg,1130,492,0,8,2048,1,0,0.0,0.0,140.0,140.0,52,0,0,1078,0,0,0
test,0820-0039.svg,421,185,0,5,2048,1,0,0.0,0.0,140.0,140.0,0,0,0,421,0,0,0
test,0820-0050.svg,794,508,0,7,2048,1,0,0.0,0.0,140.0,140.0,6,0,0,788,0,0,0
test,0821-0006.svg,239,149,0,1,2048,1,0,0.0,0.0,140.0,140.0,7,0,0,232,0,0,0
test,0822-0012.svg,596,225,0,1,2048,1,0,0.0,0.0,140.0,140.0,6,0,0,590,0,0,0
test,0822-0014.svg,665,196,0,1,2048,1,0,0.0,0.0,140.0,140.0,6,0,0,659,0,0,0
test,0823-0017.svg,1315,1070,0,17,2048,1,0,0.0,0.0,140.0,140.0,17,0,0,1298,0,0,0
test,0823-0018.svg,930,725,0,14,2048,1,0,0.0,0.0,140.0,140.0,11,0,0,919,0,0,0
test,0824-0013.svg,186,43,0,1,2048,1,0,0.0,0.0,140.0,140.0,4,0,0,182,0,0,0
test,0825-0007.svg,1135,835,0,9,2048,1,0,0.0,0.0,140.0,140.0,39,0,0,1096,0,0,0
test,0825-0009.svg,509,372,0,6,2048,1,0,0.0,0.0,140.0,140.0,5,0,0,504,0,0,0
test,0825-0015.svg,3569,2398,0,17,2048,2,0,0.0,0.0,140.0,140.0,63,2,0,3504,0,0,0
test,0825-0016.svg,685,533,0,6,2048,1,0,0.0,0.0,140.0,140.0,10,0,0,675,0,0,0
test,0827-0007.svg,509,241,0,6,2048,1,0,0.0,0.0,140.0,140.0,5,2,0,502,0,0,0
test,0827-0009.svg,1164,753,0,9,2048,1,0,0.0,0.0,140.0,140.0,39,4,0,1121,0,0,0
test,0827-0016.svg,303,137,0,5,2048,1,0,0.0,0.0,140.0,140.0,5,0,0,298,0,0,0
test,0827-0019.svg,892,519,0,7,2048,1,0,0.0,0.0,140.0,140.0,19,5,0,868,0,0,0
test,0827-0031.svg,679,135,0,6,2048,1,0,0.0,0.0,140.0,140.0,13,5,0,661,0,0,0
test,0828-0015.svg,407,86,0,5,2048,1,0,0.0,0.0,140.0,140.0,7,0,0,400,0,0,0
test,0828-0016.svg,168,10,0,1,2048,1,0,0.0,0.0,140.0,140.0,1,0,0,167,0,0,0
test,0828-0021.svg,300,91,0,4,2048,1,0,0.0,0.0,140.0,140.0,6,0,0,294,0,0,0
test,0829-0111.svg,4349,262,0,5,2048,3,0,0.0,0.0,140.0,140.0,30,0,0,4319,0,0,0
test,0829-0137.svg,1739,69,0,3,2048,1,0,0.0,0.0,140.0,140.0,13,0,0,1726,0,0,0
test,0829-0140.svg,5527,179,0,5,2048,3,0,0.0,0.0,140.0,140.0,18,0,0,5509,0,0,0
test,0829-0163.svg,3390,631,0,7,2048,2,0,0.0,0.0,140.0,140.0,10,6,0,3374,0,0,0
test,0829-0246.svg,535,261,0,8,2048,1,0,0.0,0.0,140.0,140.0,0,0,0,535,0,0,0
test,0829-0275.svg,611,393,0,3,2048,1,0,0.0,0.0,140.0,140.0,1,0,0,610,0,0,0
test,0829-0280.svg,213,54,0,1,2048,1,0,0.0,0.0,140.0,140.0,0,0,0,213,0,0,0
test,0829-0309.svg,312,128,0,5,2048,1,0,0.0,0.0,140.0,140.0,0,0,0,312,0,0,0
test,0829-0311.svg,1504,242,0,6,2048,1,0,0.0,0.0,140.0,140.0,18,8,0,1478,0,0,0
test,0829-0335.svg,497,293,0,4,2048,1,0,0.0,0.0,140.0,140.0,31,0,0,466,0,0,0
test,0829-0362.svg,348,96,0,6,2048,1,0,0.0,0.0,140.0,140.0,2,0,0,346,0,0,0
test,0831-0013.svg,867,439,0,5,2048,1,0,0.0,0.0,140.0,140.0,0,0,0,867,0,0,0
test,0833-0004.svg,683,282,0,8,2048,1,0,0.0,0.0,140.0,140.0,5,0,0,678,0,0,0
test,0833-0007.svg,184,37,0,2,2048,1,0,0.0,0.0,140.0,140.0,3,0,0,181,0,0,0
test,0833-0008.svg,369,88,0,5,2048,1,0,0.0,0.0,140.0,140.0,5,0,0,364,0,0,0
test,0834-0000.svg,441,175,0,1,2048,1,0,0.0,0.0,140.0,140.0,6,0,0,435,0,0,0
test,0834-0004.svg,605,432,0,1,2048,1,0,0.0,0.0,140.0,140.0,7,0,0,598,0,0,0
test,0836-0001.svg,103,8,0,2,2048,1,0,0.0,0.0,140.0,140.0,2,0,0,101,0,0,0
test,0836-0005.svg,310,43,0,1,2048,1,0,0.0,0.0,140.0,140.0,0,12,0,298,0,0,0
test,0837-0005.svg,512,306,0,1,2048,1,0,0.0,0.0,140.0,140.0,0,0,0,512,0,0,0
test,0837-0006.svg,474,296,0,1,2048,1,0,0.0,0.0,140.0,140.0,0,0,0,474,0,0,0
test,0838-0004.svg,415,49,0,2,2048,1,0,0.0,0.0,140.0,140.0,7,0,0,408,0,0,0
test,0839-0040.svg,54,34,0,2,2048,1,0,0.0,0.0,140.0,140.0,0,0,0,54,0,0,0
test,0839-0043.svg,603,454,0,6,2048,1,0,0.0,0.0,140.0,140.0,0,0,0,603,0,0,0
test,0840-0022.svg,100,13,0,1,2048,1,0,0.0,0.0,140.0,140.0,3,0,0,97,0,0,0
test,0841-0004.svg,208,92,0,1,2048,1,0,0.0,0.0,140.0,140.0,7,0,0,201,0,0,0
test,0841-0005.svg,512,210,0,1,2048,1,0,0.0,0.0,140.0,140.0,0,0,0,512,0,0,0
test,0841-0016.svg,3579,1130,0,2,2048,2,0,0.0,0.0,140.0,140.0,0,0,0,3579,0,0,0
test,0842-0003.svg,135,31,0,1,2048,1,0,0.0,0.0,140.0,140.0,0,0,0,135,0,0,0
test,0843-0031.svg,846,666,0,7,2048,1,0,0.0,0.0,140.0,140.0,4,0,0,842,0,0,0
test,0844-0131.svg,442,46,0,1,2048,1,0,0.0,0.0,140.0,140.0,2,0,0,440,0,0,0
test,0844-0154.svg,1005,91,0,3,2048,1,0,0.0,0.0,140.0,140.0,1,0,0,1004,0,0,0
test,0844-0179.svg,934,48,0,1,2048,1,0,0.0,0.0,140.0,140.0,0,0,0,934,0,0,0
test,0844-0181.svg,868,48,0,1,2048,1,0,0.0,0.0,140.0,140.0,0,0,0,868,0,0,0
test,0844-0183.svg,815,680,0,5,2048,1,0,0.0,0.0,140.0,140.0,51,0,0,764,0,0,0
test,0844-0210.svg,1271,921,0,9,2048,1,0,0.0,0.0,140.0,140.0,55,0,0,1216,0,0,0
test,0844-0237.svg,1026,89,0,3,2048,1,0,0.0,0.0,140.0,140.0,0,0,0,1026,0,0,0
test,0844-0261.svg,500,206,0,6,2048,1,0,0.0,0.0,140.0,140.0,1,0,0,499,0,0,0
test,0844-0290.svg,980,621,0,1,2048,1,0,0.0,0.0,140.0,140.0,0,0,0,980,0,0,0
test,0844-0373.svg,555,64,0,4,2048,1,0,0.0,0.0,140.0,140.0,4,0,0,551,0,0,0
test,0844-0374.svg,567,88,0,3,2048,1,0,0.0,0.0,140.0,140.0,6,0,0,561,0,0,0
test,0845-0003.svg,1181,855,0,7,2048,1,0,0.0,0.0,140.0,140.0,28,5,0,1148,0,0,0
test,0845-0008.svg,1237,831,0,8,2048,1,0,0.0,0.0,140.0,140.0,32,4,0,1201,0,0,0
test,0845-0010.svg,1248,895,0,7,2048,1,0,0.0,0.0,140.0,140.0,21,5,0,1222,0,0,0
test,0845-0011.svg,766,458,0,8,2048,1,0,0.0,0.0,140.0,140.0,11,5,0,750,0,0,0
test,0845-0015.svg,1245,867,0,7,2048,1,0,0.0,0.0,140.0,140.0,17,1,0,1227,0,0,0
test,0846-0026.svg,678,545,0,5,2048,1,0,0.0,0.0,140.0,140.0,0,0,0,678,0,0,0
test,0846-0027.svg,200,123,0,4,2048,1,0,0.0,0.0,140.0,140.0,0,0,0,200,0,0,0
test,0846-0033.svg,199,102,0,3,2048,1,0,0.0,0.0,140.0,140.0,0,0,0,199,0,0,0
test,0846-0036.svg,426,230,0,7,2048,1,0,0.0,0.0,140.0,140.0,4,0,0,422,0,0,0
test,0847-0012.svg,222,84,0,1,2048,1,0,0.0,0.0,140.0,140.0,7,0,0,215,0,0,0
test,0849-0006.svg,199,80,0,1,2048,1,0,0.0,0.0,140.0,140.0,4,0,0,195,0,0,0
test,0849-0013.svg,470,253,0,1,2048,1,0,0.0,0.0,140.0,140.0,0,0,0,470,0,0,0
test,0850-0015.svg,407,126,0,5,2048,1,0,0.0,0.0,140.0,140.0,7,0,0,400,0,0,0
test,0851-0327.svg,163,38,0,3,2048,1,0,0.0,0.0,140.0,140.0,4,0,0,159,0,0,0
test,0851-0371.svg,681,325,0,7,2048,1,0,0.0,0.0,140.0,140.0,4,0,0,677,0,0,0
test,0851-0375.svg,144,68,0,3,2048,1,0,0.0,0.0,140.0,140.0,1,0,0,143,0,0,0
test,0851-0379.svg,259,71,0,5,2048,1,0,0.0,0.0,140.0,140.0,2,0,0,257,0,0,0
test,0851-0426.svg,260,179,0,2,2048,1,0,0.0,0.0,140.0,140.0,0,0,0,260,0,0,0
test,0851-0470.svg,212,151,0,4,2048,1,0,0.0,0.0,140.0,140.0,0,0,0,212,0,0,0
test,0851-0472.svg,225,109,0,6,2048,1,0,0.0,0.0,140.0,140.0,2,0,0,223,0,0,0
test,0851-0523.svg,345,208,0,5,2048,1,0,0.0,0.0,140.0,140.0,1,0,0,344,0,0,0
test,0851-0573.svg,318,79,0,2,2048,1,0,0.0,0.0,140.0,140.0,2,0,0,316,0,0,0
test,0851-0619.svg,205,95,0,3,2048,1,0,0.0,0.0,140.0,140.0,3,0,0,202,0,0,0
test,0851-0624.svg,294,197,0,3,2048,1,0,0.0,0.0,140.0,140.0,1,0,0,293,0,0,0
test,0851-0629.svg,421,161,0,6,2048,1,0,0.0,0.0,140.0,140.0,1,0,0,420,0,0,0
test,0851-0672.svg,264,42,0,3,2048,1,0,0.0,0.0,140.0,140.0,2,0,0,262,0,0,0
test,0851-0679.svg,496,192,0,4,2048,1,0,0.0,0.0,140.0,140.0,1,0,0,495,0,0,0
test,0851-0729.svg,318,90,0,3,2048,1,0,0.0,0.0,140.0,140.0,2,0,0,316,0,0,0
test,0851-0771.svg,202,86,0,6,2048,1,0,0.0,0.0,140.0,140.0,0,0,0,202,0,0,0
test,0851-0772.svg,195,19,0,3,2048,1,0,0.0,0.0,140.0,140.0,2,0,0,193,0,0,0
test,0851-0773.svg,233,73,0,3,2048,1,0,0.0,0.0,140.0,140.0,1,0,0,232,0,0,0
test,0851-0826.svg,259,179,0,6,2048,1,0,0.0,0.0,140.0,140.0,2,0,0,257,0,0,0
test,0851-0827.svg,1280,710,0,7,2048,1,0,0.0,0.0,140.0,140.0,34,0,0,1246,0,0,0
test,0851-0829.svg,277,36,0,1,2048,1,0,0.0,0.0,140.0,140.0,0,0,0,277,0,0,0
test,0851-0871.svg,215,86,0,3,2048,1,0,0.0,0.0,140.0,140.0,1,0,0,214,0,0,0
test,0851-0872.svg,3793,133,0,4,2048,2,0,0.0,0.0,140.0,140.0,1,14,0,3778,0,0,0
test,0851-0879.svg,340,61,0,2,2048,1,0,0.0,0.0,140.0,140.0,1,0,0,339,0,0,0
test,0851-0920.svg,476,287,0,8,2048,1,0,0.0,0.0,140.0,140.0,2,0,0,474,0,0,0
test,0851-0921.svg,406,245,0,6,2048,1,0,0.0,0.0,140.0,140.0,1,0,0,405,0,0,0
test,0851-0922.svg,334,96,0,4,2048,1,0,0.0,0.0,140.0,140.0,0,0,0,334,0,0,0
test,0851-0923.svg,298,119,0,3,2048,1,0,0.0,0.0,140.0,140.0,1,0,0,297,0,0,0
test,0851-0970.svg,2622,1656,0,8,2048,2,0,0.0,0.0,140.0,140.0,50,1,0,2571,0,0,0
test,0851-0971.svg,1668,1184,0,8,2048,1,0,0.0,0.0,140.0,140.0,18,0,0,1650,0,0,0
test,0851-0972.svg,368,218,0,6,2048,1,0,0.0,0.0,140.0,140.0,0,0,0,368,0,0,0
test,0851-1020.svg,690,309,0,5,2048,1,0,0.0,0.0,140.0,140.0,1,0,0,689,0,0,0
test,0851-1021.svg,431,298,0,5,2048,1,0,0.0,0.0,140.0,140.0,0,0,0,431,0,0,0
test,0851-1022.svg,332,159,0,5,2048,1,0,0.0,0.0,140.0,140.0,3,0,0,329,0,0,0
test,0851-1029.svg,324,55,0,2,2048,1,0,0.0,0.0,140.0,140.0,0,0,0,324,0,0,0
test,0851-1070.svg,325,199,0,4,2048,1,0,0.0,0.0,140.0,140.0,2,0,0,323,0,0,0
test,0851-1071.svg,369,211,0,3,2048,1,0,0.0,0.0,140.0,140.0,1,0,0,368,0,0,0
test,0851-1175.svg,133,68,0,3,2048,1,0,0.0,0.0,140.0,140.0,2,0,0,131,0,0,0
test,0851-1228.svg,207,101,0,3,2048,1,0,0.0,0.0,140.0,140.0,0,0,0,207,0,0,0
test,0852-0002.svg,837,93,0,5,2048,1,0,0.0,0.0,140.0,140.0,0,0,0,837,0,0,0
test,0853-0025.svg,1237,783,0,8,2048,1,0,0.0,0.0,140.0,140.0,29,5,0,1203,0,0,0
test,0855-0009.svg,398,271,0,5,2048,1,0,0.0,0.0,140.0,140.0,0,0,0,398,0,0,0
test,0855-0014.svg,643,404,0,8,2048,1,0,0.0,0.0,140.0,140.0,0,0,0,643,0,0,0
test,0855-0023.svg,152,24,0,2,2048,1,0,0.0,0.0,140.0,140.0,1,0,0,151,0,0,0
test,0856-0018.svg,2422,1779,0,10,2048,2,0,0.0,0.0,140.0,140.0,35,3,0,2384,0,0,0
test,0856-0021.svg,3950,2554,0,21,2048,2,0,0.0,0.0,140.0,140.0,65,12,0,3873,0,0,0
test,0857-0001.svg,106,12,0,1,2048,1,0,0.0,0.0,140.0,140.0,6,0,0,100,0,0,0
test,0858-0006.svg,677,555,0,8,2048,1,0,0.0,0.0,140.0,140.0,6,0,0,671,0,0,0
test,0858-0012.svg,1038,803,0,9,2048,1,0,0.0,0.0,140.0,140.0,12,0,0,1026,0,0,0
test,0858-0031.svg,854,675,0,7,2048,1,0,0.0,0.0,140.0,140.0,4,0,0,850,0,0,0
test,0859-0012.svg,577,327,0,7,2048,1,0,0.0,0.0,140.0,140.0,1,0,0,576,0,0,0
test,0860-0012.svg,393,331,0,2,2048,1,0,0.0,0.0,140.0,140.0,1,0,0,392,0,0,0
test,0860-0026.svg,618,51,0,2,2048,1,0,0.0,0.0,140.0,140.0,0,0,0,618,0,0,0
test,0860-0040.svg,680,448,0,4,2048,1,0,0.0,0.0,140.0,140.0,0,0,0,680,0,0,0
test,0860-0053.svg,2138,1842,0,7,2048,2,0,0.0,0.0,140.0,140.0,6,0,0,2132,0,0,0
test,0860-0054.svg,451,270,0,5,2048,1,0,0.0,0.0,140.0,140.0,2,0,0,449,0,0,0
test,0861-0071.svg,128,30,0,1,2048,1,0,0.0,0.0,140.0,140.0,0,0,0,128,0,0,0
test,0862-0021.svg,3950,2597,0,20,2048,2,0,0.0,0.0,140.0,140.0,65,12,0,3873,0,0,0
test,0864-0025.svg,1661,1072,0,19,2048,1,0,0.0,0.0,140.0,140.0,33,0,0,1628,0,0,0
test,0864-0026.svg,1689,1115,0,17,2048,1,0,0.0,0.0,140.0,140.0,32,12,0,1645,0,0,0
test,0864-0035.svg,3015,1191,0,15,2048,2,0,0.0,0.0,140.0,140.0,48,0,0,2967,0,0,0
test,0864-0043.svg,4866,1288,0,12,2048,3,0,0.0,0.0,140.0,140.0,99,0,0,4767,0,0,0
test,0865-0049.svg,1000,686,0,5,2048,1,0,0.0,0.0,140.0,140.0,0,0,0,1000,0,0,0
test,0865-0055.svg,2640,4,0,1,2048,2,0,0.0,0.0,140.0,140.0,0,0,0,2640,0,0,0
test,0865-0064.svg,858,304,0,5,2048,1,0,0.0,0.0,140.0,140.0,2,0,0,856,0,0,0
test,0865-0080.svg,878,418,0,7,2048,1,0,0.0,0.0,140.0,140.0,3,0,0,875,0,0,0
test,0865-0097.svg,1208,623,0,5,2048,1,0,0.0,0.0,140.0,140.0,0,0,0,1208,0,0,0
test,0865-0113.svg,920,455,0,5,2048,1,0,0.0,0.0,140.0,140.0,0,0,0,920,0,0,0
test,0865-0129.svg,422,229,0,5,2048,1,0,0.0,0.0,140.0,140.0,10,0,0,412,0,0,0
test,0865-0130.svg,150,58,0,1,2048,1,0,0.0,0.0,140.0,140.0,0,0,0,150,0,0,0
test,0865-0134.svg,172,28,0,2,2048,1,0,0.0,0.0,140.0,140.0,0,0,0,172,0,0,0
test,0865-0160.svg,272,80,0,2,2048,1,0,0.0,0.0,140.0,140.0,1,0,0,271,0,0,0
test,0865-0168.svg,1020,230,0,4,2048,1,0,0.0,0.0,140.0,140.0,12,0,0,1008,0,0,0
test,0867-0011.svg,1232,417,0,5,2048,1,0,0.0,0.0,140.0,140.0,18,0,0,1214,0,0,0
test,0867-0021.svg,1505,410,0,6,2048,1,0,0.0,0.0,140.0,140.0,24,0,0,1481,0,0,0
test,0867-0027.svg,1853,1128,0,17,2048,1,0,0.0,0.0,140.0,140.0,43,6,0,1804,0,0,0
test,0867-0029.svg,4597,465,0,10,2048,3,0,0.0,0.0,140.0,140.0,58,0,0,4539,0,0,0
test,0868-0007.svg,374,172,0,1,2048,1,0,0.0,0.0,140.0,140.0,0,0,0,374,0,0,0
test,0869-0293.svg,1780,839,0,6,2048,1,0,0.0,0.0,140.0,140.0,50,0,0,1730,0,0,0
test,0869-0295.svg,1035,155,0,5,2048,1,0,0.0,0.0,140.0,140.0,1,0,0,1034,0,0,0
test,0869-0336.svg,1540,665,0,6,2048,1,0,0.0,0.0,140.0,140.0,32,0,0,1508,0,0,0
test,0869-0379.svg,118,6,0,1,2048,1,0,0.0,0.0,140.0,140.0,1,0,0,117,0,0,0
test,0869-0422.svg,38,2,0,1,2048,1,0,0.0,0.0,140.0,140.0,1,0,0,37,0,0,0
test,0869-0552.svg,160,76,0,3,2048,1,0,0.0,0.0,140.0,140.0,1,0,0,159,0,0,0
test,0869-0597.svg,90,4,0,1,2048,1,0,0.0,0.0,140.0,140.0,2,0,0,88,0,0,0
test,0870-0013.svg,84,8,0,1,2048,1,0,0.0,0.0,140.0,140.0,4,0,0,80,0,0,0
test,0870-0015.svg,407,119,0,5,2048,1,0,0.0,0.0,140.0,140.0,7,0,0,400,0,0,0
test,0870-0020.svg,139,20,0,1,2048,1,0,0.0,0.0,140.0,140.0,2,0,0,137,0,0,0
test,0870-0038.svg,110,6,0,1,2048,1,0,0.0,0.0,140.0,140.0,2,0,0,108,0,0,0
test,0872-0017.svg,1331,929,0,9,2048,1,0,0.0,0.0,140.0,140.0,14,0,0,1317,0,0,0
test,0872-0022.svg,1050,592,0,8,2048,1,0,0.0,0.0,140.0,140.0,20,0,0,1030,0,0,0
test,0872-0026.svg,722,542,0,4,2048,1,0,0.0,0.0,140.0,140.0,0,0,0,722,0,0,0
test,0872-0032.svg,564,426,0,7,2048,1,0,0.0,0.0,140.0,140.0,11,0,0,553,0,0,0
test,0872-0036.svg,544,323,0,9,2048,1,0,0.0,0.0,140.0,140.0,8,0,0,536,0,0,0
test,0873-0009.svg,348,242,0,3,2048,1,0,0.0,0.0,140.0,140.0,0,0,0,348,0,0,0
test,0873-0019.svg,315,75,0,4,2048,1,0,0.0,0.0,140.0,140.0,0,0,0,315,0,0,0
test,0873-0020.svg,106,34,0,2,2048,1,0,0.0,0.0,140.0,140.0,1,0,0,105,0,0,0
test,0874-0018.svg,538,241,0,5,2048,1,0,0.0,0.0,140.0,140.0,2,0,0,536,0,0,0
test,0874-0029.svg,391,285,0,1,2048,1,0,0.0,0.0,140.0,140.0,0,0,0,391,0,0,0
test,0874-0038.svg,531,313,0,3,2048,1,0,0.0,0.0,140.0,140.0,3,0,0,528,0,0,0
test,0875-0023.svg,1301,541,0,13,2048,1,0,0.0,0.0,140.0,140.0,25,0,0,1276,0,0,0
test,0875-0024.svg,2830,1936,0,22,2048,2,0,0.0,0.0,140.0,140.0,45,0,0,2785,0,0,0
test,0875-0035.svg,3314,2156,0,22,2048,2,0,0.0,0.0,140.0,140.0,49,12,0,3253,0,0,0
test,0875-0045.svg,1350,515,0,9,2048,1,0,0.0,0.0,140.0,140.0,33,0,0,1317,0,0,0
test,0875-0057.svg,1862,1171,0,17,2048,1,0,0.0,0.0,140.0,140.0,44,6,0,1812,0,0,0
test,0875-0070.svg,3533,1197,0,14,2048,2,0,0.0,0.0,140.0,140.0,45,0,0,3488,0,0,0
test,0877-0002.svg,231,73,0,1,2048,1,0,0.0,0.0,140.0,140.0,7,0,0,224,0,0,0
test,0878-0007.svg,324,143,0,1,2048,1,0,0.0,0.0,140.0,140.0,3,0,0,321,0,0,0
test,0879-0005.svg,797,421,0,10,2048,1,0,0.0,0.0,140.0,140.0,11,0,0,786,0,0,0
test,0880-0010.svg,126,72,0,4,2048,1,0,0.0,0.0,140.0,140.0,2,0,0,124,0,0,0
test,0880-0038.svg,295,174,0,3,2048,1,0,0.0,0.0,140.0,140.0,0,0,0,295,0,0,0
test,0881-0005.svg,266,80,0,4,2048,1,0,0.0,0.0,140.0,140.0,7,0,0,259,0,0,0
test,0881-0008.svg,1110,820,0,7,2048,1,0,0.0,0.0,140.0,140.0,31,4,0,1075,0,0,0
test,0881-0013.svg,605,382,0,7,2048,1,0,0.0,0.0,140.0,140.0,4,0,0,601,0,0,0
test,0881-0015.svg,1307,1023,0,9,2048,1,0,0.0,0.0,140.0,140.0,28,5,0,1274,0,0,0
test,0881-0016.svg,464,168,0,4,2048,1,0,0.0,0.0,140.0,140.0,12,5,0,447,0,0,0
test,0881-0020.svg,337,166,0,4,2048,1,0,0.0,0.0,140.0,140.0,3,0,0,334,0,0,0
test,0882-0006.svg,373,170,0,1,2048,1,0,0.0,0.0,140.0,140.0,0,0,0,373,0,0,0
test,0882-0010.svg,355,218,0,1,2048,1,0,0.0,0.0,140.0,140.0,0,0,0,355,0,0,0
test,0883-0015.svg,332,104,0,4,2048,1,0,0.0,0.0,140.0,140.0,0,0,0,332,0,0,0
test,0883-0020.svg,605,448,0,8,2048,1,0,0.0,0.0,140.0,140.0,4,0,0,601,0,0,0
test,0883-0021.svg,1129,951,0,9,2048,1,0,0.0,0.0,140.0,140.0,5,0,0,1124,0,0,0
test,0883-0048.svg,165,117,0,1,2048,1,0,0.0,0.0,140.0,140.0,0,0,0,165,0,0,0
test,0883-0057.svg,303,34,0,2,2048,1,0,0.0,0.0,140.0,140.0,0,0,0,303,0,0,0
test,0883-0066.svg,644,80,0,4,2048,1,0,0.0,0.0,140.0,140.0,0,0,0,644,0,0,0
test,0884-0003.svg,502,117,0,1,2048,1,0,0.0,0.0,140.0,140.0,0,0,0,502,0,0,0
test,0885-0001.svg,784,277,0,7,2048,1,0,0.0,0.0,140.0,140.0,23,3,0,758,0,0,0
test,0885-0003.svg,3396,655,0,9,2048,2,0,0.0,0.0,140.0,140.0,100,18,0,3278,0,0,0
test,0885-0004.svg,2478,1729,0,10,2048,2,0,0.0,0.0,140.0,140.0,90,5,0,2383,0,0,0
test,0885-0010.svg,1509,1256,0,15,2048,1,0,0.0,0.0,140.0,140.0,19,4,0,1486,0,0,0
test,0887-0017.svg,710,261,0,3,2048,1,0,0.0,0.0,140.0,140.0,5,0,0,705,0,0,0
test,0887-0023.svg,352,200,0,2,2048,1,0,0.0,0.0,140.0,140.0,2,0,0,350,0,0,0
test,0887-0027.svg,785,319,0,4,2048,1,0,0.0,0.0,140.0,140.0,2,0,0,783,0,0,0
test,0888-0008.svg,1833,760,0,15,2048,1,0,0.0,0.0,140.0,140.0,22,0,0,1811,0,0,0
test,0888-0009.svg,2847,1910,0,19,2048,2,0,0.0,0.0,140.0,140.0,59,0,0,2788,0,0,0
test,0888-0013.svg,2757,2010,0,19,2048,2,0,0.0,0.0,140.0,140.0,48,0,0,2709,0,0,0
test,0889-0061.svg,2587,1505,0,20,2048,2,0,0.0,0.0,140.0,140.0,52,0,0,2535,0,0,0
test,0889-0080.svg,6142,3340,0,20,2048,3,0,0.0,0.0,140.0,140.0,89,12,0,6041,0,0,0
test,0891-0007.svg,354,4,0,1,2048,1,0,0.0,0.0,140.0,140.0,7,0,0,347,0,0,0
test,0892-0005.svg,496,283,0,1,2048,1,0,0.0,0.0,140.0,140.0,0,0,0,496,0,0,0
test,0892-0008.svg,188,44,0,1,2048,1,0,0.0,0.0,140.0,140.0,6,0,0,182,0,0,0
test,0892-0013.svg,350,173,0,1,2048,1,0,0.0,0.0,140.0,140.0,5,0,0,345,0,0,0
test,0893-0013.svg,2744,1810,0,22,2048,2,0,0.0,0.0,140.0,140.0,42,6,0,2696,0,0,0
test,0893-0034.svg,1282,449,0,10,2048,1,0,0.0,0.0,140.0,140.0,24,0,0,1258,0,0,0
test,0894-0005.svg,2026,1794,0,13,2048,1,0,0.0,0.0,140.0,140.0,26,0,0,2000,0,0,0
test,0894-0008.svg,2222,1858,0,12,2048,2,0,0.0,0.0,140.0,140.0,46,0,0,2176,0,0,0
test,0895-0001.svg,215,58,0,1,2048,1,0,0.0,0.0,140.0,140.0,7,0,0,208,0,0,0
test,0895-0005.svg,551,316,0,1,2048,1,0,0.0,0.0,140.0,140.0,0,0,0,551,0,0,0
test,0895-0014.svg,218,78,0,1,2048,1,0,0.0,0.0,140.0,140.0,3,0,0,215,0,0,0
test,0895-0017.svg,454,188,0,1,2048,1,0,0.0,0.0,140.0,140.0,0,0,0,454,0,0,0
test,0897-0010.svg,2138,1482,0,21,2048,2,0,0.0,0.0,140.0,140.0,40,0,0,2098,0,0,0
test,0899-0032.svg,392,193,0,1,2048,1,0,0.0,0.0,140.0,140.0,0,0,0,392,0,0,0
test,0899-0045.svg,260,152,0,4,2048,1,0,0.0,0.0,140.0,140.0,1,0,0,259,0,0,0
test,0899-0052.svg,374,182,0,1,2048,1,0,0.0,0.0,140.0,140.0,0,0,0,374,0,0,0
test,0899-0075.svg,119,31,0,2,2048,1,0,0.0,0.0,140.0,140.0,1,0,0,118,0,0,0
test,0899-0085.svg,587,309,0,4,2048,1,0,0.0,0.0,140.0,140.0,1,0,0,586,0,0,0
test,0899-0086.svg,544,331,0,3,2048,1,0,0.0,0.0,140.0,140.0,1,0,0,543,0,0,0
test,0901-0042.svg,11345,1915,0,7,2048,6,0,0.0,0.0,140.0,140.0,46,0,0,11299,0,0,0
test,0901-0049.svg,264,186,0,6,2048,1,0,0.0,0.0,140.0,140.0,8,0,0,256,0,0,0
test,0901-0056.svg,13140,7,0,1,2048,7,0,0.0,0.0,140.0,140.0,25,0,0,13115,0,0,0
test,0901-0059.svg,139,102,0,5,2048,1,0,0.0,0.0,140.0,140.0,4,0,0,135,0,0,0
test,0901-0085.svg,10612,38,0,1,2048,6,0,0.0,0.0,140.0,140.0,16,0,0,10596,0,0,0
test,0901-0086.svg,15896,162,0,3,2048,8,0,0.0,0.0,140.0,140.0,47,0,0,15849,0,0,0
test,0902-0012.svg,593,205,0,5,2048,1,0,0.0,0.0,140.0,140.0,8,0,0,585,0,0,0
test,0903-0007.svg,478,143,0,1,2048,1,0,0.0,0.0,140.0,140.0,5,0,0,473,0,0,0
test,0903-0013.svg,351,63,0,1,2048,1,0,0.0,0.0,140.0,140.0,3,0,0,348,0,0,0
test,0903-0018.svg,344,73,0,1,2048,1,0,0.0,0.0,140.0,140.0,3,0,0,341,0,0,0
test,0903-0027.svg,554,208,0,1,2048,1,0,0.0,0.0,140.0,140.0,7,0,0,547,0,0,0
test,0903-0032.svg,590,219,0,1,2048,1,0,0.0,0.0,140.0,140.0,7,0,0,583,0,0,0
test,0904-0006.svg,420,195,0,8,2048,1,0,0.0,0.0,140.0,140.0,17,0,0,403,0,0,0
test,0904-0008.svg,617,287,0,9,2048,1,0,0.0,0.0,140.0,140.0,3,0,0,614,0,0,0
test,0904-0013.svg,790,447,0,5,2048,1,0,0.0,0.0,140.0,140.0,18,2,0,770,0,0,0
test,0904-0018.svg,1183,789,0,8,2048,1,0,0.0,0.0,140.0,140.0,21,0,0,1162,0,0,0
test,0904-0024.svg,460,206,0,7,2048,1,0,0.0,0.0,140.0,140.0,6,0,0,454,0,0,0
test,0905-0039.svg,666,462,0,7,2048,1,0,0.0,0.0,140.0,140.0,2,0,0,664,0,0,0
test,0905-0041.svg,6575,580,0,7,2048,4,0,0.0,0.0,140.0,140.0,15,24,0,6536,0,0,0
test,0905-0054.svg,4370,154,0,6,2048,3,0,0.0,0.0,140.0,140.0,23,0,0,4347,0,0,0
test,0905-0056.svg,1810,150,0,6,2048,1,0,0.0,0.0,140.0,140.0,8,0,0,1802,0,0,0
test,0908-0042.svg,238,65,0,1,2048,1,0,0.0,0.0,140.0,140.0,0,0,0,238,0,0,0
test,0908-0082.svg,232,138,0,1,2048,1,0,0.0,0.0,140.0,140.0,0,0,0,232,0,0,0
test,0908-0093.svg,798,47,0,1,2048,1,0,0.0,0.0,140.0,140.0,0,0,0,798,0,0,0
test,0908-0102.svg,261,17,0,1,2048,1,0,0.0,0.0,140.0,140.0,0,0,0,261,0,0,0
test,0908-0116.svg,223,83,0,1,2048,1,0,0.0,0.0,140.0,140.0,0,0,0,223,0,0,0
test,0908-0125.svg,181,23,0,1,2048,1,0,0.0,0.0,140.0,140.0,0,0,0,181,0,0,0
test,0908-0126.svg,218,64,0,1,2048,1,0,0.0,0.0,140.0,140.0,0,0,0,218,0,0,0
test,0909-0000.svg,410,173,0,1,2048,1,0,0.0,0.0,140.0,140.0,0,0,0,410,0,0,0
test,0910-0005.svg,118,41,0,3,2048,1,0,0.0,0.0,140.0,140.0,0,0,0,118,0,0,0
test,0910-0006.svg,96,38,0,3,2048,1,0,0.0,0.0,140.0,140.0,0,0,0,96,0,0,0
test,0910-0013.svg,744,565,0,9,2048,1,0,0.0,0.0,140.0,140.0,10,0,0,734,0,0,0
test,0910-0019.svg,247,48,0,4,2048,1,0,0.0,0.0,140.0,140.0,0,0,0,247,0,0,0
test,0911-0012.svg,1551,36,0,2,2048,1,0,0.0,0.0,140.0,140.0,10,0,0,1541,0,0,0
test,0911-0013.svg,1527,17,0,2,2048,1,0,0.0,0.0,140.0,140.0,0,0,0,1527,0,0,0
test,0911-0024.svg,1572,42,0,3,2048,1,0,0.0,0.0,140.0,140.0,3,0,0,1569,0,0,0
test,0911-0037.svg,593,234,0,5,2048,1,0,0.0,0.0,140.0,140.0,2,0,0,591,0,0,0
test,0911-0040.svg,172,97,0,3,2048,1,0,0.0,0.0,140.0,140.0,0,0,0,172,0,0,0
test,0911-0042.svg,1710,426,0,6,2048,1,0,0.0,0.0,140.0,140.0,3,0,0,1707,0,0,0
test,0911-0069.svg,1479,12,0,1,2048,1,0,0.0,0.0,140.0,140.0,4,0,0,1475,0,0,0
test,0911-0088.svg,312,4,0,1,2048,1,0,0.0,0.0,140.0,140.0,0,0,0,312,0,0,0
test,0913-0021.svg,1577,1047,0,20,2048,1,0,0.0,0.0,140.0,140.0,41,3,0,1533,0,0,0
test,0914-0004.svg,173,68,0,1,2048,1,0,0.0,0.0,140.0,140.0,6,0,0,167,0,0,0
test,0914-0009.svg,489,169,0,1,2048,1,0,0.0,0.0,140.0,140.0,0,0,0,489,0,0,0
test,0914-0013.svg,320,175,0,1,2048,1,0,0.0,0.0,140.0,140.0,5,0,0,315,0,0,0
test,0915-0540.svg,1068,501,0,7,2048,1,0,0.0,0.0,140.0,140.0,2,0,0,1066,0,0,0
test,0915-0900.svg,1261,768,0,7,2048,1,0,0.0,0.0,140.0,140.0,3,0,0,1258,0,0,0
test,0915-0901.svg,843,245,0,4,2048,1,0,0.0,0.0,140.0,140.0,0,0,0,843,0,0,0
test,0915-1440.svg,402,84,0,3,2048,1,0,0.0,0.0,140.0,140.0,2,0,0,400,0,0,0
test,0915-1802.svg,204,57,0,3,2048,1,0,0.0,0.0,140.0,140.0,7,0,0,197,0,0,0
test,0915-1804.svg,212,113,0,5,2048,1,0,0.0,0.0,140.0,140.0,6,0,0,206,0,0,0
test,0917-0027.svg,162,10,0,1,2048,1,0,0.0,0.0,140.0,140.0,14,0,0,148,0,0,0
test,0919-0007.svg,2763,1816,0,20,2048,2,0,0.0,0.0,140.0,140.0,43,6,0,2714,0,0,0
test,0919-0022.svg,2190,1287,0,20,2048,2,0,0.0,0.0,140.0,140.0,34,0,0,2156,0,0,0
test,0920-0004.svg,685,492,0,1,2048,1,0,0.0,0.0,140.0,140.0,0,0,0,685,0,0,0
test,0922-0004.svg,596,103,0,1,2048,1,0,0.0,0.0,140.0,140.0,9,0,0,587,0,0,0
test,0922-0006.svg,591,257,0,1,2048,1,0,0.0,0.0,140.0,140.0,8,0,0,583,0,0,0
test,0922-0012.svg,507,267,0,1,2048,1,0,0.0,0.0,140.0,140.0,6,0,0,501,0,0,0
test,0922-0014.svg,568,99,0,1,2048,1,0,0.0,0.0,140.0,140.0,6,0,0,562,0,0,0
test,0924-0004.svg,703,165,0,5,2048,1,0,0.0,0.0,140.0,140.0,2,0,0,701,0,0,0
test,0924-0008.svg,1650,990,0,10,2048,1,0,0.0,0.0,140.0,140.0,10,0,0,1640,0,0,0
test,0924-0010.svg,543,299,0,2,2048,1,0,0.0,0.0,140.0,140.0,7,0,0,536,0,0,0
test,0924-0014.svg,772,127,0,4,2048,1,0,0.0,0.0,140.0,140.0,11,0,0,761,0,0,0
test,0925-0007.svg,2812,1778,0,21,2048,2,0,0.0,0.0,140.0,140.0,43,6,0,2763,0,0,0
test,0925-0022.svg,3140,1912,0,22,2048,2,0,0.0,0.0,140.0,140.0,46,0,0,3094,0,0,0
test,0925-0034.svg,4736,9,0,1,2048,3,0,0.0,0.0,140.0,140.0,42,0,0,4694,0,0,0
test,0926-0008.svg,542,131,0,1,2048,1,0,0.0,0.0,140.0,140.0,3,0,0,539,0,0,0
test,0928-0004.svg,435,55,0,1,2048,1,0,0.0,0.0,140.0,140.0,4,0,0,431,0,0,0
test,0929-0006.svg,591,226,0,1,2048,1,0,0.0,0.0,140.0,140.0,8,0,0,583,0,0,0
test,0929-0010.svg,558,97,0,1,2048,1,0,0.0,0.0,140.0,140.0,8,0,0,550,0,0,0
test,0930-0004.svg,625,33,0,1,2048,1,0,0.0,0.0,140.0,140.0,1,54,0,570,0,0,0
test,0931-0016.svg,7591,2206,0,21,2048,4,0,0.0,0.0,140.0,140.0,65,12,0,7514,0,0,0
test,0932-0006.svg,318,80,0,3,2048,1,0,0.0,0.0,140.0,140.0,1,0,0,317,0,0,0
test,0932-0007.svg,136,34,0,2,2048,1,0,0.0,0.0,140.0,140.0,4,0,0,132,0,0,0
test,0933-0007.svg,509,238,0,6,2048,1,0,0.0,0.0,140.0,140.0,5,2,0,502,0,0,0
test,0933-0012.svg,415,134,0,5,2048,1,0,0.0,0.0,140.0,140.0,5,0,0,410,0,0,0
test,0933-0014.svg,751,345,0,9,2048,1,0,0.0,0.0,140.0,140.0,8,0,0,743,0,0,0
test,0933-0015.svg,1006,597,0,8,2048,1,0,0.0,0.0,140.0,140.0,27,4,0,975,0,0,0
test,0933-0020.svg,332,101,0,4,2048,1,0,0.0,0.0,140.0,140.0,6,0,0,326,0,0,0
test,0934-0008.svg,453,89,0,1,2048,1,0,0.0,0.0,140.0,140.0,0,0,0,453,0,0,0
test,0935-0001.svg,233,104,0,1,2048,1,0,0.0,0.0,140.0,140.0,6,0,0,227,0,0,0
test,0935-0016.svg,3579,1236,0,1,2048,2,0,0.0,0.0,140.0,140.0,0,0,0,3579,0,0,0
test,0936-0025.svg,120,12,0,1,2048,1,0,0.0,0.0,140.0,140.0,1,0,0,119,0,0,0
test,0936-0028.svg,317,143,0,4,2048,1,0,0.0,0.0,140.0,140.0,1,0,0,316,0,0,0
test,0936-0041.svg,352,30,0,2,2048,1,0,0.0,0.0,140.0,140.0,2,0,0,350,0,0,0
test,0936-0053.svg,336,88,0,2,2048,1,0,0.0,0.0,140.0,140.0,2,0,0,334,0,0,0
test,0936-0054.svg,264,141,0,5,2048,1,0,0.0,0.0,140.0,140.0,3,0,0,261,0,0,0
test,0936-0057.svg,222,81,0,2,2048,1,0,0.0,0.0,140.0,140.0,1,0,0,221,0,0,0
test,0936-0065.svg,288,24,0,1,2048,1,0,0.0,0.0,140.0,140.0,4,0,0,284,0,0,0
test,0936-0067.svg,434,191,0,5,2048,1,0,0.0,0.0,140.0,140.0,1,0,0,433,0,0,0
test,0936-0068.svg,282,145,0,2,2048,1,0,0.0,0.0,140.0,140.0,2,0,0,280,0,0,0
test,0936-0078.svg,159,53,0,4,2048,1,0,0.0,0.0,140.0,140.0,1,0,0,158,0,0,0
test,0936-0081.svg,269,182,0,2,2048,1,0,0.0,0.0,140.0,140.0,1,0,0,268,0,0,0
test,0936-0092.svg,229,105,0,6,2048,1,0,0.0,0.0,140.0,140.0,0,0,0,229,0,0,0
test,0936-0096.svg,393,74,0,4,2048,1,0,0.0,0.0,140.0,140.0,2,0,0,391,0,0,0
test,0936-0100.svg,385,136,0,4,2048,1,0,0.0,0.0,140.0,140.0,1,0,0,384,0,0,0
test,0936-0128.svg,194,50,0,2,2048,1,0,0.0,0.0,140.0,140.0,0,0,0,194,0,0,0
test,0936-0155.svg,707,285,0,5,2048,1,0,0.0,0.0,140.0,140.0,4,0,0,703,0,0,0
test,0936-0189.svg,466,20,0,1,2048,1,0,0.0,0.0,140.0,140.0,0,0,0,466,0,0,0
test,0936-0192.svg,492,8,0,1,2048,1,0,0.0,0.0,140.0,140.0,0,0,0,492,0,0,0
test,0936-0194.svg,717,424,0,5,2048,1,0,0.0,0.0,140.0,140.0,1,0,0,716,0,0,0
test,0937-0002.svg,494,198,0,1,2048,1,0,0.0,0.0,140.0,140.0,6,0,0,488,0,0,0
test,0937-0008.svg,468,217,0,1,2048,1,0,0.0,0.0,140.0,140.0,6,0,0,462,0,0,0
test,0939-0200.svg,284,108,0,3,2048,1,0,0.0,0.0,140.0,140.0,0,0,0,284,0,0,0
test,0939-0296.svg,330,203,0,3,2048,1,0,0.0,0.0,140.0,140.0,3,0,0,327,0,0,0
test,0939-0301.svg,941,740,0,8,2048,1,0,0.0,0.0,140.0,140.0,6,0,0,935,0,0,0
test,0939-0398.svg,242,146,0,1,2048,1,0,0.0,0.0,140.0,140.0,1,0,0,241,0,0,0
test,0939-0404.svg,371,177,0,4,2048,1,0,0.0,0.0,140.0,140.0,9,0,0,362,0,0,0
test,0939-0506.svg,349,189,0,4,2048,1,0,0.0,0.0,140.0,140.0,1,0,0,348,0,0,0
test,0939-0507.svg,196,16,0,1,2048,1,0,0.0,0.0,140.0,140.0,2,0,0,194,0,0,0
test,0939-0608.svg,330,178,0,6,2048,1,0,0.0,0.0,140.0,140.0,0,0,0,330,0,0,0
test,0939-0808.svg,367,228,0,5,2048,1,0,0.0,0.0,140.0,140.0,1,0,0,366,0,0,0
test,0940-0020.svg,684,170,0,4,2048,1,0,0.0,0.0,140.0,140.0,14,0,0,670,0,0,0
test,0940-0044.svg,6708,447,0,6,2048,4,0,0.0,0.0,140.0,140.0,54,4,0,6650,0,0,0
test,0940-0074.svg,3120,442,0,7,2048,2,0,0.0,0.0,140.0,140.0,36,0,0,3084,0,0,0
test,0940-0081.svg,1294,743,0,4,2048,1,0,0.0,0.0,140.0,140.0,0,0,0,1294,0,0,0
test,0940-0090.svg,227,77,0,3,2048,1,0,0.0,0.0,140.0,140.0,0,0,0,227,0,0,0
test,0940-0097.svg,1070,214,0,6,2048,1,0,0.0,0.0,140.0,140.0,0,0,0,1070,0,0,0
test,0940-0114.svg,1015,891,0,4,2048,1,0,0.0,0.0,140.0,140.0,4,0,0,1011,0,0,0
test,0940-0116.svg,272,39,0,1,2048,1,0,0.0,0.0,140.0,140.0,1,0,0,271,0,0,0
test,0940-0132.svg,193,87,0,3,2048,1,0,0.0,0.0,140.0,140.0,0,0,0,193,0,0,0
test,0940-0145.svg,435,121,0,6,2048,1,0,0.0,0.0,140.0,140.0,3,2,0,430,0,0,0
test,0940-0147.svg,462,163,0,4,2048,1,0,0.0,0.0,140.0,140.0,0,0,0,462,0,0,0
test,0940-0149.svg,503,210,0,4,2048,1,0,0.0,0.0,140.0,140.0,3,0,0,500,0,0,0
test,0940-0150.svg,670,6,0,1,2048,1,0,0.0,0.0,140.0,140.0,0,0,0,670,0,0,0
test,0941-0005.svg,227,54,0,1,2048,1,0,0.0,0.0,140.0,140.0,4,0,0,223,0,0,0
test,0941-0013.svg,207,59,0,1,2048,1,0,0.0,0.0,140.0,140.0,4,0,0,203,0,0,0
test,0941-0018.svg,110,34,0,2,2048,1,0,0.0,0.0,140.0,140.0,0,0,0,110,0,0,0
test,0941-0022.svg,121,12,0,1,2048,1,0,0.0,0.0,140.0,140.0,3,0,0,118,0,0,0
test,0943-0001.svg,379,211,0,1,2048,1,0,0.0,0.0,140.0,140.0,6,0,0,373,0,0,0
test,0944-0009.svg,444,286,0,5,2048,1,0,0.0,0.0,140.0,140.0,8,0,0,436,0,0,0
test,0944-0017.svg,662,476,0,8,2048,1,0,0.0,0.0,140.0,140.0,0,0,0,662,0,0,0
test,0945-0000.svg,131,37,0,1,2048,1,0,0.0,0.0,140.0,140.0,0,0,0,131,0,0,0
test,0946-2820.svg,7485,7344,0,2,2048,4,0,0.0,0.0,140.0,140.0,502,0,0,6983,0,0,0
test,0947-0186.svg,749,602,0,7,2048,1,0,0.0,0.0,140.0,140.0,32,0,0,717,0,0,0
test,0947-0188.svg,864,107,0,1,2048,1,0,0.0,0.0,140.0,140.0,1,0,0,863,0,0,0
test,0947-0206.svg,1611,673,0,8,2048,1,0,0.0,0.0,140.0,140.0,32,0,0,1579,0,0,0
test,0947-0209.svg,1133,210,0,5,2048,1,0,0.0,0.0,140.0,140.0,0,0,0,1133,0,0,0
test,0947-0210.svg,480,115,0,5,2048,1,0,0.0,0.0,140.0,140.0,0,0,0,480,0,0,0
test,0947-0212.svg,875,215,0,2,2048,1,0,0.0,0.0,140.0,140.0,1,0,0,874,0,0,0
test,0948-0009.svg,284,192,0,3,2048,1,0,0.0,0.0,140.0,140.0,8,0,0,276,0,0,0
test,0948-0010.svg,681,550,0,9,2048,1,0,0.0,0.0,140.0,140.0,0,0,0,681,0,0,0
test,0948-0011.svg,268,155,0,4,2048,1,0,0.0,0.0,140.0,140.0,5,0,0,263,0,0,0
test,0950-0005.svg,352,67,0,4,2048,1,0,0.0,0.0,140.0,140.0,2,0,0,350,0,0,0
test,0952-0001.svg,2206,1379,0,17,2048,2,0,0.0,0.0,140.0,140.0,28,177,0,2001,0,0,0
test,0952-0003.svg,2172,1357,0,17,2048,2,0,0.0,0.0,140.0,140.0,23,8,0,2141,0,0,0
test,0953-0000.svg,288,138,0,1,2048,1,0,0.0,0.0,140.0,140.0,4,0,0,284,0,0,0
test,0953-0001.svg,342,134,0,1,2048,1,0,0.0,0.0,140.0,140.0,6,0,0,336,0,0,0
test,0954-0009.svg,709,311,0,8,2048,1,0,0.0,0.0,140.0,140.0,11,0,0,698,0,0,0
test,0954-0018.svg,1814,79,0,5,2048,1,0,0.0,0.0,140.0,140.0,7,0,0,1807,0,0,0
test,0954-0023.svg,1155,182,0,3,2048,1,0,0.0,0.0,140.0,140.0,4,0,0,1151,0,0,0
test,0954-0026.svg,1853,139,0,3,2048,1,0,0.0,0.0,140.0,140.0,15,0,0,1838,0,0,0
test,0955-0021.svg,129,73,0,4,2048,1,0,0.0,0.0,140.0,140.0,0,0,0,129,0,0,0
test,0955-0065.svg,138,92,0,5,2048,1,0,0.0,0.0,140.0,140.0,1,0,0,137,0,0,0
test,0955-0084.svg,129,19,0,1,2048,1,0,0.0,0.0,140.0,140.0,3,0,0,126,0,0,0
test,0955-0101.svg,127,27,0,3,2048,1,0,0.0,0.0,140.0,140.0,7,0,0,120,0,0,0
test,0955-0107.svg,71,32,0,2,2048,1,0,0.0,0.0,140.0,140.0,0,0,0,71,0,0,0
test,0955-0112.svg,745,4,0,1,2048,1,0,0.0,0.0,140.0,140.0,0,0,0,745,0,0,0
test,0955-0117.svg,66,25,0,1,2048,1,0,0.0,0.0,140.0,140.0,3,0,0,63,0,0,0
test,0955-0125.svg,54,8,0,2,2048,1,0,0.0,0.0,140.0,140.0,0,0,0,54,0,0,0
test,0955-0141.svg,123,39,0,1,2048,1,0,0.0,0.0,140.0,140.0,1,0,0,122,0,0,0
test,0955-0146.svg,82,32,0,2,2048,1,0,0.0,0.0,140.0,140.0,1,0,0,81,0,0,0
test,0955-0161.svg,143,73,0,2,2048,1,0,0.0,0.0,140.0,140.0,0,0,0,143,0,0,0
test,0955-0191.svg,173,13,0,1,2048,1,0,0.0,0.0,140.0,140.0,2,0,0,171,0,0,0
test,0955-0221.svg,126,36,0,2,2048,1,0,0.0,0.0,140.0,140.0,1,0,0,125,0,0,0
test,0955-0235.svg,175,65,0,4,2048,1,0,0.0,0.0,140.0,140.0,10,0,0,165,0,0,0
test,0955-0243.svg,122,71,0,2,2048,1,0,0.0,0.0,140.0,140.0,0,0,0,122,0,0,0
test,0955-0249.svg,91,2,0,1,2048,1,0,0.0,0.0,140.0,140.0,2,0,0,89,0,0,0
test,0955-0260.svg,63,24,0,3,2048,1,0,0.0,0.0,140.0,140.0,1,0,0,62,0,0,0
test,0955-0293.svg,203,5,0,1,2048,1,0,0.0,0.0,140.0,140.0,1,0,0,202,0,0,0
test,0955-0319.svg,338,222,0,7,2048,1,0,0.0,0.0,140.0,140.0,1,0,0,337,0,0,0
test,0956-0010.svg,2138,1538,0,20,2048,2,0,0.0,0.0,140.0,140.0,40,0,0,2098,0,0,0
test,0957-0012.svg,1125,454,0,12,2048,1,0,0.0,0.0,140.0,140.0,26,0,0,1099,0,0,0
test,0957-0023.svg,1301,443,0,15,2048,1,0,0.0,0.0,140.0,140.0,25,0,0,1276,0,0,0
test,0957-0024.svg,2830,1909,0,22,2048,2,0,0.0,0.0,140.0,140.0,45,0,0,2785,0,0,0
test,0957-0034.svg,1282,444,0,10,2048,1,0,0.0,0.0,140.0,140.0,24,0,0,1258,0,0,0
test,0957-0035.svg,3314,2167,0,21,2048,2,0,0.0,0.0,140.0,140.0,49,12,0,3253,0,0,0
test,0957-0045.svg,1350,373,0,9,2048,1,0,0.0,0.0,140.0,140.0,33,0,0,1317,0,0,0
test,0957-0057.svg,1862,1149,0,17,2048,1,0,0.0,0.0,140.0,140.0,44,6,0,1812,0,0,0
test,0958-0009.svg,300,74,0,3,2048,1,0,0.0,0.0,140.0,140.0,2,0,0,298,0,0,0
test,0958-0011.svg,99,33,0,3,2048,1,0,0.0,0.0,140.0,140.0,1,0,0,98,0,0,0
test,0958-0022.svg,109,23,0,2,2048,1,0,0.0,0.0,140.0,140.0,1,0,0,108,0,0,0
test,0958-0023.svg,229,40,0,2,2048,1,0,0.0,0.0,140.0,140.0,0,0,0,229,0,0,0
test,0958-0042.svg,38,33,0,2,2048,1,0,0.0,0.0,140.0,140.0,0,0,0,38,0,0,0
test,0958-0050.svg,224,139,0,5,2048,1,0,0.0,0.0,140.0,140.0,4,0,0,220,0,0,0
test,0958-0056.svg,137,33,0,1,2048,1,0,0.0,0.0,140.0,140.0,2,0,0,135,0,0,0
test,0959-0005.svg,352,13,0,2,2048,1,0,0.0,0.0,140.0,140.0,4,0,0,348,0,0,0
test,0959-0013.svg,330,11,0,1,2048,1,0,0.0,0.0,140.0,140.0,2,0,0,328,0,0,0
test,0960-0014.svg,926,572,0,9,2048,1,0,0.0,0.0,140.0,140.0,18,0,0,908,0,0,0
test,0961-0006.svg,677,562,0,8,2048,1,0,0.0,0.0,140.0,140.0,5,0,0,672,0,0,0
test,0961-0036.svg,474,228,0,6,2048,1,0,0.0,0.0,140.0,140.0,4,0,0,470,0,0,0
test,0964-0005.svg,187,64,0,4,2048,1,0,0.0,0.0,140.0,140.0,6,0,0,181,0,0,0
test,0964-0009.svg,278,42,0,3,2048,1,0,0.0,0.0,140.0,140.0,7,0,0,271,0,0,0
test,0965-0008.svg,631,236,0,6,2048,1,0,0.0,0.0,140.0,140.0,4,0,0,627,0,0,0
test,0965-0014.svg,290,233,0,5,2048,1,0,0.0,0.0,140.0,140.0,2,0,0,288,0,0,0
test,0965-0015.svg,820,709,0,6,2048,1,0,0.0,0.0,140.0,140.0,2,0,0,818,0,0,0
test,0965-0019.svg,468,114,0,3,2048,1,0,0.0,0.0,140.0,140.0,0,0,0,468,0,0,0
test,0965-0036.svg,573,466,0,6,2048,1,0,0.0,0.0,140.0,140.0,0,0,0,573,0,0,0
test,0965-0042.svg,328,228,0,5,2048,1,0,0.0,0.0,140.0,140.0,1,0,0,327,0,0,0
test,0965-0043.svg,843,770,0,5,2048,1,0,0.0,0.0,140.0,140.0,0,0,0,843,0,0,0
test,0965-0050.svg,794,447,0,7,2048,1,0,0.0,0.0,140.0,140.0,6,0,0,788,0,0,0
test,0965-0057.svg,207,85,0,3,2048,1,0,0.0,0.0,140.0,140.0,4,0,0,203,0,0,0
test,0966-0343.svg,82,5,0,1,2048,1,0,0.0,0.0,140.0,140.0,2,0,0,80,0,0,0
test,0966-0983.svg,360,153,0,7,2048,1,0,0.0,0.0,140.0,140.0,9,0,0,351,0,0,0
test,0966-0985.svg,428,170,0,6,2048,1,0,0.0,0.0,140.0,140.0,2,0,0,426,0,0,0
test,0966-1367.svg,106,29,0,3,2048,1,0,0.0,0.0,140.0,140.0,2,0,0,104,0,0,0
test,0967-0010.svg,2923,2563,0,22,2048,2,0,0.0,0.0,140.0,140.0,44,2,0,2877,0,0,0
test,0969-0022.svg,2190,1279,0,20,2048,2,0,0.0,0.0,140.0,140.0,34,0,0,2156,0,0,0
test,0969-0027.svg,1853,1166,0,17,2048,1,0,0.0,0.0,140.0,140.0,43,6,0,1804,0,0,0
test,0970-0005.svg,414,160,0,6,2048,1,0,0.0,0.0,140.0,140.0,2,0,0,412,0,0,0
test,0970-0008.svg,145,14,0,2,2048,1,0,0.0,0.0,140.0,140.0,3,0,0,142,0,0,0
test,0971-0010.svg,301,174,0,1,2048,1,0,0.0,0.0,140.0,140.0,4,0,0,297,0,0,0
test,0972-0012.svg,386,78,0,3,2048,1,0,0.0,0.0,140.0,140.0,5,0,0,381,0,0,0
test,0972-0021.svg,254,53,0,3,2048,1,0,0.0,0.0,140.0,140.0,14,0,0,240,0,0,0
test,0972-0022.svg,386,110,0,3,2048,1,0,0.0,0.0,140.0,140.0,7,0,0,379,0,0,0
test,0974-0054.svg,133,43,0,1,2048,1,0,0.0,0.0,140.0,140.0,1,0,0,132,0,0,0
test,0974-0066.svg,170,89,0,1,2048,1,0,0.0,0.0,140.0,140.0,0,0,0,170,0,0,0
test,0975-0026.svg,210,59,0,3,2048,1,0,0.0,0.0,140.0,140.0,2,0,0,208,0,0,0
test,0975-0028.svg,125,60,0,3,2048,1,0,0.0,0.0,140.0,140.0,2,0,0,123,0,0,0
test,0975-0032.svg,2230,17,0,1,2048,2,0,0.0,0.0,140.0,140.0,0,0,0,2230,0,0,0
test,0975-0036.svg,137,63,0,3,2048,1,0,0.0,0.0,140.0,140.0,0,0,0,137,0,0,0
test,0975-0040.svg,105,12,0,2,2048,1,0,0.0,0.0,140.0,140.0,0,0,0,105,0,0,0
test,0975-0044.svg,158,68,0,2,2048,1,0,0.0,0.0,140.0,140.0,0,0,0,158,0,0,0
test,0979-0013.svg,2716,2494,0,7,2048,2,0,0.0,0.0,140.0,140.0,10,0,0,2706,0,0,0
test,0979-0019.svg,852,529,0,8,2048,1,0,0.0,0.0,140.0,140.0,11,0,0,841,0,0,0
test,0979-0021.svg,646,393,0,5,2048,1,0,0.0,0.0,140.0,140.0,1,0,0,645,0,0,0
test,0980-0008.svg,617,291,0,8,2048,1,0,0.0,0.0,140.0,140.0,3,0,0,614,0,0,0
test,0980-0012.svg,415,110,0,4,2048,1,0,0.0,0.0,140.0,140.0,5,0,0,410,0,0,0
test,0980-0013.svg,790,362,0,7,2048,1,0,0.0,0.0,140.0,140.0,18,2,0,770,0,0,0
test,0980-0014.svg,751,364,0,11,2048,1,0,0.0,0.0,140.0,140.0,8,0,0,743,0,0,0
test,0980-0030.svg,1089,596,0,6,2048,1,0,0.0,0.0,140.0,140.0,22,0,0,1067,0,0,0
test,0981-0000.svg,433,298,0,1,2048,1,0,0.0,0.0,140.0,140.0,6,0,0,427,0,0,0
test,0982-0004.svg,90,4,0,1,2048,1,0,0.0,0.0,140.0,140.0,0,0,0,90,0,0,0
test,0982-0014.svg,561,292,0,4,2048,1,0,0.0,0.0,140.0,140.0,10,0,0,551,0,0,0
test,0982-0019.svg,346,188,0,4,2048,1,0,0.0,0.0,140.0,140.0,2,0,0,344,0,0,0
test,0984-0002.svg,53,4,0,1,2048,1,0,0.0,0.0,140.0,140.0,0,0,0,53,0,0,0
test,0984-0009.svg,1392,531,0,10,2048,1,0,0.0,0.0,140.0,140.0,12,0,0,1380,0,0,0
test,0984-0013.svg,1588,334,0,7,2048,1,0,0.0,0.0,140.0,140.0,9,0,0,1579,0,0,0
test,0984-0014.svg,1590,305,0,6,2048,1,0,0.0,0.0,140.0,140.0,9,0,0,1581,0,0,0
test,0985-0020.svg,365,143,0,4,2048,1,0,0.0,0.0,140.0,140.0,3,0,0,362,0,0,0
test,0985-0025.svg,1156,658,0,6,2048,1,0,0.0,0.0,140.0,140.0,20,5,0,1131,0,0,0
test,0986-0001.svg,107,8,0,1,2048,1,0,0.0,0.0,140.0,140.0,4,0,0,103,0,0,0
test,0986-0002.svg,228,64,0,1,2048,1,0,0.0,0.0,140.0,140.0,0,0,0,228,0,0,0
test,0986-0003.svg,230,56,0,1,2048,1,0,0.0,0.0,140.0,140.0,3,0,0,227,0,0,0
test,0986-0024.svg,298,178,0,1,2048,1,0,0.0,0.0,140.0,140.0,0,0,0,298,0,0,0
test,0986-0034.svg,81,8,0,1,2048,1,0,0.0,0.0,140.0,140.0,7,0,0,74,0,0,0
test,0986-0045.svg,59,6,0,1,2048,1,0,0.0,0.0,140.0,140.0,5,0,0,54,0,0,0
test,0986-0046.svg,180,64,0,1,2048,1,0,0.0,0.0,140.0,140.0,5,0,0,175,0,0,0
test,0987-0006.svg,677,541,0,7,2048,1,0,0.0,0.0,140.0,140.0,6,0,0,671,0,0,0
test,0987-0018.svg,588,436,0,7,2048,1,0,0.0,0.0,140.0,140.0,8,0,0,580,0,0,0
test,0987-0032.svg,984,181,0,8,2048,1,0,0.0,0.0,140.0,140.0,2,0,0,982,0,0,0
test,0988-0006.svg,287,111,0,5,2048,1,0,0.0,0.0,140.0,140.0,2,0,0,285,0,0,0
test,0989-0111.svg,1127,50,0,1,2048,1,0,0.0,0.0,140.0,140.0,1,0,0,1126,0,0,0
test,0989-0133.svg,333,230,0,5,2048,1,0,0.0,0.0,140.0,140.0,6,0,0,327,0,0,0
test,0989-0152.svg,782,401,0,7,2048,1,0,0.0,0.0,140.0,140.0,7,0,0,775,0,0,0
test,0989-0153.svg,205,157,0,4,2048,1,0,0.0,0.0,140.0,140.0,1,0,0,204,0,0,0
test,0989-0175.svg,503,36,0,4,2048,1,0,0.0,0.0,140.0,140.0,3,0,0,500,0,0,0
test,0989-0195.svg,504,8,0,1,2048,1,0,0.0,0.0,140.0,140.0,6,0,0,498,0,0,0
test,0989-0254.svg,1133,312,0,3,2048,1,0,0.0,0.0,140.0,140.0,6,0,0,1127,0,0,0
test,0990-0031.svg,879,708,0,7,2048,1,0,0.0,0.0,140.0,140.0,4,0,0,875,0,0,0
test,0990-0038.svg,273,92,0,3,2048,1,0,0.0,0.0,140.0,140.0,0,0,0,273,0,0,0
test,0992-0003.svg,1181,938,0,8,2048,1,0,0.0,0.0,140.0,140.0,28,5,0,1148,0,0,0
test,0992-0008.svg,1237,791,0,8,2048,1,0,0.0,0.0,140.0,140.0,32,4,0,1201,0,0,0
test,0992-0020.svg,365,143,0,4,2048,1,0,0.0,0.0,140.0,140.0,3,0,0,362,0,0,0
test,0993-0010.svg,370,173,0,1,2048,1,0,0.0,0.0,140.0,140.0,0,0,0,370,0,0,0
test,0995-0003.svg,1019,676,0,9,2048,1,0,0.0,0.0,140.0,140.0,7,0,0,1012,0,0,0
test,0996-0002.svg,2412,1125,0,17,2048,2,0,0.0,0.0,140.0,140.0,24,0,0,2388,0,0,0
test,0996-0010.svg,2460,1119,0,15,2048,2,0,0.0,0.0,140.0,140.0,22,0,0,2438,0,0,0
test,0998-0006.svg,360,31,0,4,2048,1,0,0.0,0.0,140.0,140.0,4,0,0,356,0,0,0
test,1001-0003.svg,372,182,0,1,2048,1,0,0.0,0.0,140.0,140.0,0,0,0,372,0,0,0
test,1001-0006.svg,349,138,0,1,2048,1,0,0.0,0.0,140.0,140.0,0,0,0,349,0,0,0
test,1002-0002.svg,122,30,0,2,2048,1,0,0.0,0.0,140.0,140.0,2,0,0,120,0,0,0
test,1002-0012.svg,687,65,0,4,2048,1,0,0.0,0.0,140.0,140.0,0,0,0,687,0,0,0
test,1002-0027.svg,118,36,0,4,2048,1,0,0.0,0.0,140.0,140.0,2,0,0,116,0,0,0
test,1002-0039.svg,148,63,0,3,2048,1,0,0.0,0.0,140.0,140.0,6,0,0,142,0,0,0
test,1002-0040.svg,170,87,0,4,2048,1,0,0.0,0.0,140.0,140.0,1,0,0,169,0,0,0
test,1002-0046.svg,641,182,0,2,2048,1,0,0.0,0.0,140.0,140.0,0,0,0,641,0,0,0
test,1002-0049.svg,389,228,0,5,2048,1,0,0.0,0.0,140.0,140.0,3,0,0,386,0,0,0
test,1002-0064.svg,982,635,0,7,2048,1,0,0.0,0.0,140.0,140.0,4,0,0,978,0,0,0
test,1002-0083.svg,71,3,0,1,2048,1,0,0.0,0.0,140.0,140.0,2,0,0,69,0,0,0
test,1004-0016.svg,316,46,0,2,2048,1,0,0.0,0.0,140.0,140.0,0,0,0,316,0,0,0
test,1004-0017.svg,399,176,0,4,2048,1,0,0.0,0.0,140.0,140.0,0,0,0,399,0,0,0
test,1005-0021.svg,300,106,0,4,2048,1,0,0.0,0.0,140.0,140.0,6,0,0,294,0,0,0
test,1007-0062.svg,1369,959,0,13,2048,1,0,0.0,0.0,140.0,140.0,43,0,0,1326,0,0,0
test,1008-0127.svg,334,143,0,4,2048,1,0,0.0,0.0,140.0,140.0,0,0,0,334,0,0,0
test,1008-0149.svg,845,611,0,7,2048,1,0,0.0,0.0,140.0,140.0,0,0,0,845,0,0,0
test,1008-0170.svg,4667,856,0,11,2048,3,0,0.0,0.0,140.0,140.0,15,39,0,4613,0,0,0
test,1008-0192.svg,914,168,0,6,2048,1,0,0.0,0.0,140.0,140.0,5,15,0,894,0,0,0
test,1008-0195.svg,656,130,0,3,2048,1,0,0.0,0.0,140.0,140.0,17,0,0,639,0,0,0
test,1009-0001.svg,469,323,0,9,2048,1,0,0.0,0.0,140.0,140.0,24,1,0,444,0,0,0
test,1009-0006.svg,972,728,0,10,2048,1,0,0.0,0.0,140.0,140.0,21,6,0,945,0,0,0
test,1009-0026.svg,655,555,0,4,2048,1,0,0.0,0.0,140.0,140.0,0,0,0,655,0,0,0
test,1009-0037.svg,319,159,0,6,2048,1,0,0.0,0.0,140.0,140.0,15,2,0,302,0,0,0
test,1010-0014.svg,554,422,0,1,2048,1,0,0.0,0.0,140.0,140.0,0,0,0,554,0,0,0
test,1010-0021.svg,447,241,0,6,2048,1,0,0.0,0.0,140.0,140.0,1,0,0,446,0,0,0
test,1010-0022.svg,513,397,0,6,2048,1,0,0.0,0.0,140.0,140.0,2,0,0,511,0,0,0
test,1010-0027.svg,403,285,0,2,2048,1,0,0.0,0.0,140.0,140.0,0,0,0,403,0,0,0
test,1010-0032.svg,389,193,0,1,2048,1,0,0.0,0.0,140.0,140.0,0,0,0,389,0,0,0
test,1010-0034.svg,2951,2590,0,10,2048,2,0,0.0,0.0,140.0,140.0,13,0,0,2938,0,0,0
test,1010-0035.svg,436,291,0,6,2048,1,0,0.0,0.0,140.0,140.0,2,0,0,434,0,0,0
test,1010-0060.svg,536,292,0,4,2048,1,0,0.0,0.0,140.0,140.0,0,0,0,536,0,0,0
test,1011-0018.svg,71,5,0,1,2048,1,0,0.0,0.0,140.0,140.0,0,0,0,71,0,0,0
test,1011-0019.svg,79,6,0,1,2048,1,0,0.0,0.0,140.0,140.0,0,0,0,79,0,0,0
test,1011-0029.svg,275,49,0,1,2048,1,0,0.0,0.0,140.0,140.0,0,0,0,275,0,0,0
test,1011-0059.svg,1106,109,0,2,2048,1,0,0.0,0.0,140.0,140.0,0,0,0,1106,0,0,0
test,1011-0080.svg,757,32,0,1,2048,1,0,0.0,0.0,140.0,140.0,0,0,0,757,0,0,0
test,1011-0084.svg,854,51,0,2,2048,1,0,0.0,0.0,140.0,140.0,0,0,0,854,0,0,0
test,1011-0091.svg,714,58,0,1,2048,1,0,0.0,0.0,140.0,140.0,0,0,0,714,0,0,0
test,1011-0105.svg,606,17,0,1,2048,1,0,0.0,0.0,140.0,140.0,0,0,0,606,0,0,0
test,1011-0114.svg,531,43,0,1,2048,1,0,0.0,0.0,140.0,140.0,0,0,0,531,0,0,0
test,1011-0126.svg,293,4,0,1,2048,1,0,0.0,0.0,140.0,140.0,0,0,0,293,0,0,0
test,1012-0978.svg,282,203,0,6,2048,1,0,0.0,0.0,140.0,140.0,0,0,0,282,0,0,0
test,1012-1015.svg,116,19,0,2,2048,1,0,0.0,0.0,140.0,140.0,0,0,0,116,0,0,0
test,1012-1048.svg,484,136,0,6,2048,1,0,0.0,0.0,140.0,140.0,0,0,0,484,0,0,0
test,1013-0018.svg,518,99,0,1,2048,1,0,0.0,0.0,140.0,140.0,6,0,0,512,0,0,0
test,1017-0004.svg,1149,648,0,8,2048,1,0,0.0,0.0,140.0,140.0,16,0,0,1133,0,0,0
test,1017-0005.svg,1722,958,0,10,2048,1,0,0.0,0.0,140.0,140.0,16,0,0,1706,0,0,0
test,1017-0006.svg,1820,1011,0,9,2048,1,0,0.0,0.0,140.0,140.0,17,0,0,1803,0,0,0
test,1017-0007.svg,1106,571,0,8,2048,1,0,0.0,0.0,140.0,140.0,14,0,0,1092,0,0,0
test,1018-0013.svg,330,11,0,1,2048,1,0,0.0,0.0,140.0,140.0,2,0,0,328,0,0,0
test,1019-0001.svg,107,34,0,1,2048,1,0,0.0,0.0,140.0,140.0,5,0,0,102,0,0,0
test,1019-0012.svg,217,96,0,1,2048,1,0,0.0,0.0,140.0,140.0,8,0,0,209,0,0,0
test,1020-0005.svg,352,74,0,4,2048,1,0,0.0,0.0,140.0,140.0,2,0,0,350,0,0,0
test,1020-0011.svg,372,99,0,3,2048,1,0,0.0,0.0,140.0,140.0,4,0,0,368,0,0,0
test,1021-0010.svg,326,114,0,3,2048,1,0,0.0,0.0,140.0,140.0,2,0,0,324,0,0,0
test,1023-0015.svg,262,118,0,1,2048,1,0,0.0,0.0,140.0,140.0,1,0,0,261,0,0,0
test,1023-0016.svg,340,133,0,1,2048,1,0,0.0,0.0,140.0,140.0,4,0,0,336,0,0,0
test,1024-0009.svg,284,197,0,4,2048,1,0,0.0,0.0,140.0,140.0,8,0,0,276,0,0,0
test,1024-0013.svg,344,247,0,4,2048,1,0,0.0,0.0,140.0,140.0,6,0,0,338,0,0,0
test,1024-0025.svg,485,328,0,8,2048,1,0,0.0,0.0,140.0,140.0,0,0,0,485,0,0,0
test,1024-0030.svg,79,27,0,2,2048,1,0,0.0,0.0,140.0,140.0,6,0,0,73,0,0,0
test,1025-0011.svg,528,435,0,7,2048,1,0,0.0,0.0,140.0,140.0,2,0,0,526,0,0,0
test,1025-0020.svg,65,6,0,1,2048,1,0,0.0,0.0,140.0,140.0,1,0,0,64,0,0,0
test,1025-0036.svg,426,206,0,6,2048,1,0,0.0,0.0,140.0,140.0,4,0,0,422,0,0,0
test,1026-0003.svg,643,119,0,3,2048,1,0,0.0,0.0,140.0,140.0,7,0,0,636,0,0,0
test,1026-0010.svg,2403,1570,0,20,2048,2,0,0.0,0.0,140.0,140.0,47,0,0,2356,0,0,0
test,1027-0040.svg,9971,456,0,1,2048,5,0,0.0,0.0,140.0,140.0,0,0,0,9971,0,0,0
test,1027-0050.svg,2837,93,0,6,2048,2,0,0.0,0.0,140.0,140.0,2,0,0,2835,0,0,0
test,1027-0054.svg,2952,80,0,3,2048,2,0,0.0,0.0,140.0,140.0,2,0,0,2950,0,0,0
test,1027-0071.svg,3087,2092,0,10,2048,2,0,0.0,0.0,140.0,140.0,20,0,0,3067,0,0,0
test,1027-0074.svg,275,63,0,3,2048,1,0,0.0,0.0,140.0,140.0,1,0,0,274,0,0,0
test,1027-0092.svg,1970,1699,0,7,2048,1,0,0.0,0.0,140.0,140.0,3,0,0,1967,0,0,0
test,1027-0093.svg,1361,845,0,7,2048,1,0,0.0,0.0,140.0,140.0,8,0,0,1353,0,0,0
test,1027-0094.svg,699,213,0,4,2048,1,0,0.0,0.0,140.0,140.0,6,0,0,693,0,0,0
test,1028-0000.svg,433,175,0,1,2048,1,0,0.0,0.0,140.0,140.0,6,0,0,427,0,0,0
test,1029-0002.svg,241,133,0,5,2048,1,0,0.0,0.0,140.0,140.0,15,0,0,226,0,0,0
test,1029-0003.svg,148,41,0,4,2048,1,0,0.0,0.0,140.0,140.0,4,0,0,144,0,0,0
test,1029-0006.svg,966,719,0,10,2048,1,0,0.0,0.0,140.0,140.0,21,6,0,939,0,0,0
test,1030-0016.svg,1568,1305,0,20,2048,1,0,0.0,0.0,140.0,140.0,18,0,0,1550,0,0,0
test,1031-0007.svg,2812,1779,0,20,2048,2,0,0.0,0.0,140.0,140.0,43,6,0,2763,0,0,0
test,1031-0012.svg,3183,1884,0,21,2048,2,0,0.0,0.0,140.0,140.0,47,0,0,3136,0,0,0
test,1031-0017.svg,3386,2223,0,22,2048,2,0,0.0,0.0,140.0,140.0,49,12,0,3325,0,0,0
test,1033-0017.svg,73,6,0,1,2048,1,0,0.0,0.0,140.0,140.0,4,0,0,69,0,0,0
test,1035-0013.svg,2744,1521,0,21,2048,2,0,0.0,0.0,140.0,140.0,42,6,0,2696,0,0,0
test,1035-0035.svg,3314,2000,0,20,2048,2,0,0.0,0.0,140.0,140.0,49,12,0,3253,0,0,0
test,1035-0057.svg,1862,1155,0,17,2048,1,0,0.0,0.0,140.0,140.0,44,6,0,1812,0,0,0
test,1036-0001.svg,350,209,0,1,2048,1,0,0.0,0.0,140.0,140.0,6,0,0,344,0,0,0
test,1036-0004.svg,344,206,0,1,2048,1,0,0.0,0.0,140.0,140.0,3,0,0,341,0,0,0
test,1037-0005.svg,1690,166,0,5,2048,1,0,0.0,0.0,140.0,140.0,9,0,0,1681,0,0,0
test,1037-0007.svg,472,66,0,2,2048,1,0,0.0,0.0,140.0,140.0,2,0,0,470,0,0,0
test,1037-0008.svg,1895,1003,0,8,2048,1,0,0.0,0.0,140.0,140.0,12,0,0,1883,0,0,0
test,1037-0027.svg,580,162,0,4,2048,1,0,0.0,0.0,140.0,140.0,5,0,0,575,0,0,0
test,1039-0103.svg,356,244,0,5,2048,1,0,0.0,0.0,140.0,140.0,2,0,0,354,0,0,0
test,1039-0105.svg,438,335,0,7,2048,1,0,0.0,0.0,140.0,140.0,2,0,0,436,0,0,0
test,1039-0267.svg,249,135,0,6,2048,1,0,0.0,0.0,140.0,140.0,1,0,0,248,0,0,0
test,1039-0388.svg,1765,1082,0,10,2048,1,0,0.0,0.0,140.0,140.0,62,0,0,1703,0,0,0
test,1039-0470.svg,1057,372,0,6,2048,1,0,0.0,0.0,140.0,140.0,0,0,0,1057,0,0,0
test,1039-0718.svg,394,130,0,6,2048,1,0,0.0,0.0,140.0,140.0,2,0,0,392,0,0,0
test,1040-0038.svg,75,14,0,2,2048,1,0,0.0,0.0,140.0,140.0,2,0,0,73,0,0,0
test,1040-0046.svg,2793,1761,0,21,2048,2,0,0.0,0.0,140.0,140.0,44,0,0,2749,0,0,0
test,1041-0007.svg,682,224,0,9,2048,1,0,0.0,0.0,140.0,140.0,8,0,0,674,0,0,0
test,1041-0016.svg,577,427,0,8,2048,1,0,0.0,0.0,140.0,140.0,8,1,0,568,0,0,0
test,1041-0020.svg,365,143,0,4,2048,1,0,0.0,0.0,140.0,140.0,3,0,0,362,0,0,0
test,1042-0050.svg,1179,497,0,10,2048,1,0,0.0,0.0,140.0,140.0,10,0,0,1169,0,0,0
test,1042-0121.svg,317,159,0,4,2048,1,0,0.0,0.0,140.0,140.0,5,0,0,312,0,0,0
test,1043-0097.svg,206,61,0,1,2048,1,0,0.0,0.0,140.0,140.0,4,0,0,202,0,0,0
test,1044-0039.svg,7667,697,0,3,2048,4,0,0.0,0.0,140.0,140.0,1,0,0,7666,0,0,0
test,1044-0052.svg,604,284,0,9,2048,1,0,0.0,0.0,140.0,140.0,3,0,0,601,0,0,0
test,1044-0067.svg,316,93,0,4,2048,1,0,0.0,0.0,140.0,140.0,1,0,0,315,0,0,0
test,1044-0082.svg,592,266,0,8,2048,1,0,0.0,0.0,140.0,140.0,3,0,0,589,0,0,0
test,1044-0099.svg,1335,87,0,3,2048,1,0,0.0,0.0,140.0,140.0,21,0,0,1314,0,0,0
test,1044-0100.svg,773,88,0,3,2048,1,0,0.0,0.0,140.0,140.0,12,0,0,761,0,0,0
test,1044-0101.svg,708,132,0,2,2048,1,0,0.0,0.0,140.0,140.0,6,0,0,702,0,0,0
test,1044-0107.svg,289,11,0,1,2048,1,0,0.0,0.0,140.0,140.0,2,0,0,287,0,0,0
test,1044-0108.svg,332,120,0,4,2048,1,0,0.0,0.0,140.0,140.0,3,0,0,329,0,0,0
test,1045-0009.svg,278,30,0,2,2048,1,0,0.0,0.0,140.0,140.0,7,0,0,271,0,0,0
test,1045-0020.svg,365,143,0,4,2048,1,0,0.0,0.0,140.0,140.0,3,0,0,362,0,0,0
test,1046-0001.svg,298,128,0,1,2048,1,0,0.0,0.0,140.0,140.0,4,0,0,294,0,0,0
test,1046-0010.svg,385,236,0,1,2048,1,0,0.0,0.0,140.0,140.0,0,0,0,385,0,0,0
test,1047-0693.svg,163,52,0,2,2048,1,0,0.0,0.0,140.0,140.0,5,0,0,158,0,0,0
test,1047-0714.svg,179,40,0,1,2048,1,0,0.0,0.0,140.0,140.0,2,0,0,177,0,0,0
test,1049-0001.svg,310,136,0,1,2048,1,0,0.0,0.0,140.0,140.0,5,0,0,305,0,0,0
test,1049-0004.svg,371,158,0,1,2048,1,0,0.0,0.0,140.0,140.0,4,0,0,367,0,0,0
test,1052-0006.svg,705,568,0,7,2048,1,0,0.0,0.0,140.0,140.0,6,0,0,699,0,0,0
test,1052-0036.svg,544,281,0,8,2048,1,0,0.0,0.0,140.0,140.0,8,0,0,536,0,0,0
test,1052-0038.svg,449,284,0,6,2048,1,0,0.0,0.0,140.0,140.0,4,0,0,445,0,0,0
test,1053-0008.svg,617,272,0,9,2048,1,0,0.0,0.0,140.0,140.0,3,0,0,614,0,0,0
test,1053-0015.svg,1006,597,0,8,2048,1,0,0.0,0.0,140.0,140.0,27,4,0,975,0,0,0
test,1053-0016.svg,303,138,0,5,2048,1,0,0.0,0.0,140.0,140.0,5,0,0,298,0,0,0
test,1053-0019.svg,892,583,0,7,2048,1,0,0.0,0.0,140.0,140.0,19,5,0,868,0,0,0
test,1054-0005.svg,413,242,0,4,2048,1,0,0.0,0.0,140.0,140.0,1,0,0,412,0,0,0
test,1054-0009.svg,320,126,0,3,2048,1,0,0.0,0.0,140.0,140.0,1,0,0,319,0,0,0
test,1056-0031.svg,503,168,0,4,2048,1,0,0.0,0.0,140.0,140.0,8,0,0,495,0,0,0
test,1056-0043.svg,265,73,0,5,2048,1,0,0.0,0.0,140.0,140.0,8,0,0,257,0,0,0
test,1056-0080.svg,6142,3275,0,20,2048,3,0,0.0,0.0,140.0,140.0,89,12,0,6041,0,0,0
test,1057-0002.svg,183,24,0,2,2048,1,0,0.0,0.0,140.0,140.0,2,0,0,181,0,0,0
test,1057-0009.svg,194,59,0,4,2048,1,0,0.0,0.0,140.0,140.0,7,0,0,187,0,0,0
test,1058-0010.svg,362,166,0,1,2048,1,0,0.0,0.0,140.0,140.0,0,0,0,362,0,0,0
test,1060-0006.svg,230,47,0,3,2048,1,0,0.0,0.0,140.0,140.0,0,0,0,230,0,0,0
test,1060-0007.svg,278,51,0,4,2048,1,0,0.0,0.0,140.0,140.0,0,0,0,278,0,0,0
test,1060-0010.svg,362,250,0,6,2048,1,0,0.0,0.0,140.0,140.0,0,0,0,362,0,0,0
test,1060-0013.svg,758,545,0,8,2048,1,0,0.0,0.0,140.0,140.0,10,0,0,748,0,0,0
test,1061-0291.svg,401,147,0,1,2048,1,0,0.0,0.0,140.0,140.0,4,0,0,397,0,0,0
test,1061-0295.svg,471,142,0,1,2048,1,0,0.0,0.0,140.0,140.0,9,0,0,462,0,0,0
test,1061-0300.svg,418,99,0,1,2048,1,0,0.0,0.0,140.0,140.0,2,0,0,416,0,0,0
test,1061-0312.svg,414,157,0,1,2048,1,0,0.0,0.0,140.0,140.0,4,0,0,410,0,0,0
test,1062-0057.svg,1862,1060,0,17,2048,1,0,0.0,0.0,140.0,140.0,44,6,0,1812,0,0,0
test,1063-0017.svg,1314,1077,0,8,2048,1,0,0.0,0.0,140.0,140.0,14,0,0,1300,0,0,0
test,1063-0027.svg,677,309,0,9,2048,1,0,0.0,0.0,140.0,140.0,4,0,0,673,0,0,0
test,1063-0031.svg,854,629,0,7,2048,1,0,0.0,0.0,140.0,140.0,4,0,0,850,0,0,0
test,1063-0037.svg,811,185,0,5,2048,1,0,0.0,0.0,140.0,140.0,12,0,0,799,0,0,0
test,1064-0016.svg,168,10,0,1,2048,1,0,0.0,0.0,140.0,140.0,1,0,0,167,0,0,0
test,1064-0020.svg,139,23,0,1,2048,1,0,0.0,0.0,140.0,140.0,2,0,0,137,0,0,0
test,1064-0021.svg,300,95,0,4,2048,1,0,0.0,0.0,140.0,140.0,6,0,0,294,0,0,0
test,1065-0010.svg,308,136,0,5,2048,1,0,0.0,0.0,140.0,140.0,6,0,0,302,0,0,0
test,1065-0024.svg,460,193,0,7,2048,1,0,0.0,0.0,140.0,140.0,6,0,0,454,0,0,0
test,1066-0011.svg,516,357,0,5,2048,1,0,0.0,0.0,140.0,140.0,0,0,0,516,0,0,0
test,1066-0026.svg,172,13,0,2,2048,1,0,0.0,0.0,140.0,140.0,1,0,0,171,0,0,0
test,1066-0034.svg,2566,2209,0,8,2048,2,0,0.0,0.0,140.0,140.0,12,0,0,2554,0,0,0
test,1066-0040.svg,390,285,0,1,2048,1,0,0.0,0.0,140.0,140.0,0,0,0,390,0,0,0
test,1066-0055.svg,265,12,0,2,2048,1,0,0.0,0.0,140.0,140.0,1,0,0,264,0,0,0
test,1066-0061.svg,553,327,0,4,2048,1,0,0.0,0.0,140.0,140.0,3,0,0,550,0,0,0
test,1066-0067.svg,311,19,0,1,2048,1,0,0.0,0.0,140.0,140.0,2,0,0,309,0,0,0
test,1066-0071.svg,3004,2635,0,9,2048,2,0,0.0,0.0,140.0,140.0,8,0,0,2996,0,0,0
test,1066-0077.svg,314,134,0,2,2048,1,0,0.0,0.0,140.0,140.0,2,0,0,312,0,0,0
test,1066-0085.svg,337,195,0,3,2048,1,0,0.0,0.0,140.0,140.0,0,0,0,337,0,0,0
test,1067-0001.svg,192,71,0,1,2048,1,0,0.0,0.0,140.0,140.0,5,0,0,187,0,0,0
test,1067-0017.svg,322,150,0,1,2048,1,0,0.0,0.0,140.0,140.0,0,0,0,322,0,0,0
test,1069-0003.svg,1242,937,0,7,2048,1,0,0.0,0.0,140.0,140.0,28,5,0,1209,0,0,0
test,1069-0009.svg,1164,697,0,10,2048,1,0,0.0,0.0,140.0,140.0,39,4,0,1121,0,0,0
test,1069-0013.svg,790,355,0,6,2048,1,0,0.0,0.0,140.0,140.0,18,2,0,770,0,0,0
test,1069-0016.svg,303,138,0,5,2048,1,0,0.0,0.0,140.0,140.0,5,0,0,298,0,0,0
test,1070-0007.svg,3357,2113,0,18,2048,2,0,0.0,0.0,140.0,140.0,64,12,0,3281,0,0,0
test,1070-0013.svg,1091,716,0,12,2048,1,0,0.0,0.0,140.0,140.0,21,6,0,1064,0,0,0
test,1071-0008.svg,124,22,0,2,2048,1,0,0.0,0.0,140.0,140.0,4,0,0,120,0,0,0
test,1072-0017.svg,653,356,0,7,2048,1,0,0.0,0.0,140.0,140.0,19,0,0,634,0,0,0
test,1073-0003.svg,518,98,0,1,2048,1,0,0.0,0.0,140.0,140.0,7,0,0,511,0,0,0
test,1073-0012.svg,513,97,0,1,2048,1,0,0.0,0.0,140.0,140.0,8,0,0,505,0,0,0
test,1073-0018.svg,518,214,0,1,2048,1,0,0.0,0.0,140.0,140.0,6,0,0,512,0,0,0
test,1074-0005.svg,352,13,0,2,2048,1,0,0.0,0.0,140.0,140.0,4,0,0,348,0,0,0
test,1074-0013.svg,330,11,0,1,2048,1,0,0.0,0.0,140.0,140.0,2,0,0,328,0,0,0
test,1076-0004.svg,2329,631,0,8,2048,2,0,0.0,0.0,140.0,140.0,16,0,0,2313,0,0,0
test,1076-0006.svg,3305,1119,0,9,2048,2,0,0.0,0.0,140.0,140.0,17,0,0,3288,0,0,0
test,1077-0006.svg,253,36,0,1,2048,1,0,0.0,0.0,140.0,140.0,0,0,0,253,0,0,0
test,1077-0023.svg,216,48,0,1,2048,1,0,0.0,0.0,140.0,140.0,0,0,0,216,0,0,0
test,1077-0079.svg,205,126,0,1,2048,1,0,0.0,0.0,140.0,140.0,0,0,0,205,0,0,0
test,1077-0082.svg,232,58,0,1,2048,1,0,0.0,0.0,140.0,140.0,0,0,0,232,0,0,0
test,1077-0093.svg,798,47,0,1,2048,1,0,0.0,0.0,140.0,140.0,0,0,0,798,0,0,0
test,1077-0126.svg,218,111,0,1,2048,1,0,0.0,0.0,140.0,140.0,0,0,0,218,0,0,0
test,1077-0137.svg,221,101,0,1,2048,1,0,0.0,0.0,140.0,140.0,0,0,0,221,0,0,0
test,1078-0000.svg,251,64,0,3,2048,1,0,0.0,0.0,140.0,140.0,2,0,0,249,0,0,0
test,1078-0004.svg,683,282,0,7,2048,1,0,0.0,0.0,140.0,140.0,5,0,0,678,0,0,0
test,1079-0000.svg,674,571,0,6,2048,1,0,0.0,0.0,140.0,140.0,0,0,0,674,0,0,0
test,1081-0007.svg,827,572,0,8,2048,1,0,0.0,0.0,140.0,140.0,21,0,0,806,0,0,0
test,1081-0013.svg,518,355,0,7,2048,1,0,0.0,0.0,140.0,140.0,6,0,0,512,0,0,0
test,1081-0016.svg,483,304,0,7,2048,1,0,0.0,0.0,140.0,140.0,7,0,0,476,0,0,0
test,1081-0031.svg,846,629,0,7,2048,1,0,0.0,0.0,140.0,140.0,4,0,0,842,0,0,0
test,1081-0038.svg,456,279,0,6,2048,1,0,0.0,0.0,140.0,140.0,4,0,0,452,0,0,0
test,1083-0004.svg,532,166,0,1,2048,1,0,0.0,0.0,140.0,140.0,9,0,0,523,0,0,0
test,1083-0010.svg,515,167,0,1,2048,1,0,0.0,0.0,140.0,140.0,8,0,0,507,0,0,0
test,1083-0018.svg,428,77,0,1,2048,1,0,0.0,0.0,140.0,140.0,5,0,0,423,0,0,0
test,1084-0003.svg,356,164,0,1,2048,1,0,0.0,0.0,140.0,140.0,0,0,0,356,0,0,0
test,1084-0007.svg,346,131,0,1,2048,1,0,0.0,0.0,140.0,140.0,0,0,0,346,0,0,0
test,1085-0007.svg,2763,1553,0,19,2048,2,0,0.0,0.0,140.0,140.0,43,6,0,2714,0,0,0
test,1085-0022.svg,2190,1141,0,21,2048,2,0,0.0,0.0,140.0,140.0,34,0,0,2156,0,0,0
test,1086-0004.svg,2410,1654,0,21,2048,2,0,0.0,0.0,140.0,140.0,47,0,0,2363,0,0,0
test,1088-0010.svg,308,139,0,6,2048,1,0,0.0,0.0,140.0,140.0,6,0,0,302,0,0,0
test,1088-0013.svg,790,359,0,6,2048,1,0,0.0,0.0,140.0,140.0,18,2,0,770,0,0,0
test,1088-0015.svg,1006,621,0,8,2048,1,0,0.0,0.0,140.0,140.0,27,4,0,975,0,0,0
test,1089-0007.svg,1276,971,0,16,2048,1,0,0.0,0.0,140.0,140.0,17,0,0,1259,0,0,0
test,1090-0006.svg,677,550,0,7,2048,1,0,0.0,0.0,140.0,140.0,5,0,0,672,0,0,0
test,1090-0017.svg,355,246,0,2,2048,1,0,0.0,0.0,140.0,140.0,0,0,0,355,0,0,0
test,1090-0026.svg,677,601,0,5,2048,1,0,0.0,0.0,140.0,140.0,0,0,0,677,0,0,0
test,1090-0033.svg,271,55,0,2,2048,1,0,0.0,0.0,140.0,140.0,0,0,0,271,0,0,0
test,1091-0002.svg,364,177,0,5,2048,1,0,0.0,0.0,140.0,140.0,0,0,0,364,0,0,0
test,1091-0005.svg,324,8,0,2,2048,1,0,0.0,0.0,140.0,140.0,12,0,0,312,0,0,0
test,1091-0013.svg,4286,692,0,7,2048,3,0,0.0,0.0,140.0,140.0,14,29,0,4243,0,0,0
test,1091-0032.svg,216,86,0,5,2048,1,0,0.0,0.0,140.0,140.0,4,0,0,212,0,0,0
test,1091-0034.svg,396,73,0,5,2048,1,0,0.0,0.0,140.0,140.0,18,0,0,378,0,0,0
test,1091-0036.svg,2343,251,0,7,2048,2,0,0.0,0.0,140.0,140.0,10,5,0,2328,0,0,0
test,1091-0037.svg,602,252,0,7,2048,1,0,0.0,0.0,140.0,140.0,13,0,0,589,0,0,0
test,1091-0046.svg,6454,671,0,8,2048,4,0,0.0,0.0,140.0,140.0,58,12,0,6384,0,0,0
test,1091-0055.svg,3047,265,0,5,2048,2,0,0.0,0.0,140.0,140.0,25,0,0,3022,0,0,0
test,1091-0056.svg,4491,558,0,6,2048,3,0,0.0,0.0,140.0,140.0,42,10,0,4439,0,0,0
test,1091-0085.svg,139,9,0,2,2048,1,0,0.0,0.0,140.0,140.0,5,0,0,134,0,0,0
test,1092-0007.svg,489,187,0,1,2048,1,0,0.0,0.0,140.0,140.0,3,0,0,486,0,0,0
test,1092-0010.svg,532,64,0,1,2048,1,0,0.0,0.0,140.0,140.0,4,0,0,528,0,0,0
test,1093-0013.svg,605,364,0,5,2048,1,0,0.0,0.0,140.0,140.0,4,0,0,601,0,0,0
test,1093-0021.svg,244,97,0,3,2048,1,0,0.0,0.0,140.0,140.0,5,0,0,239,0,0,0
test,1094-0003.svg,491,43,0,1,2048,1,0,0.0,0.0,140.0,140.0,0,0,0,491,0,0,0
test,1094-0005.svg,249,69,0,1,2048,1,0,0.0,0.0,140.0,140.0,0,0,0,249,0,0,0
test,1094-0016.svg,468,407,0,1,2048,1,0,0.0,0.0,140.0,140.0,0,0,0,468,0,0,0
test,1094-0020.svg,322,98,0,1,2048,1,0,0.0,0.0,140.0,140.0,0,0,0,322,0,0,0
test,1094-0031.svg,198,159,0,1,2048,1,0,0.0,0.0,140.0,140.0,0,0,0,198,0,0,0
test,1094-0035.svg,244,72,0,1,2048,1,0,0.0,0.0,140.0,140.0,0,0,0,244,0,0,0
test,1094-0039.svg,189,51,0,1,2048,1,0,0.0,0.0,140.0,140.0,0,0,0,189,0,0,0
test,1094-0058.svg,176,113,0,1,2048,1,0,0.0,0.0,140.0,140.0,0,0,0,176,0,0,0
test,1094-0073.svg,114,80,0,1,2048,1,0,0.0,0.0,140.0,140.0,0,0,0,114,0,0,0
test,1094-0078.svg,838,56,0,1,2048,1,0,0.0,0.0,140.0,140.0,0,0,0,838,0,0,0
test,1094-0080.svg,149,22,0,1,2048,1,0,0.0,0.0,140.0,140.0,0,0,0,149,0,0,0
test,1094-0082.svg,232,58,0,1,2048,1,0,0.0,0.0,140.0,140.0,0,0,0,232,0,0,0
test,1094-0122.svg,179,76,0,1,2048,1,0,0.0,0.0,140.0,140.0,0,0,0,179,0,0,0
test,1094-0128.svg,207,12,0,1,2048,1,0,0.0,0.0,140.0,140.0,0,0,0,207,0,0,0
test,1094-0131.svg,198,113,0,1,2048,1,0,0.0,0.0,140.0,140.0,0,0,0,198,0,0,0
test,1094-0137.svg,221,63,0,1,2048,1,0,0.0,0.0,140.0,140.0,0,0,0,221,0,0,0
test,1094-0139.svg,270,120,0,1,2048,1,0,0.0,0.0,140.0,140.0,0,0,0,270,0,0,0
test,1094-0140.svg,316,50,0,1,2048,1,0,0.0,0.0,140.0,140.0,0,0,0,316,0,0,0
test,1094-0144.svg,250,14,0,1,2048,1,0,0.0,0.0,140.0,140.0,0,0,0,250,0,0,0
test,1094-0146.svg,173,66,0,1,2048,1,0,0.0,0.0,140.0,140.0,0,0,0,173,0,0,0
test,1096-0004.svg,199,57,0,1,2048,1,0,0.0,0.0,140.0,140.0,7,0,0,192,0,0,0
test,1097-0026.svg,69,17,0,1,2048,1,0,0.0,0.0,140.0,140.0,0,0,0,69,0,0,0
test,1098-0053.svg,942,328,0,7,2048,1,0,0.0,0.0,140.0,140.0,16,0,0,926,0,0,0
test,1098-0111.svg,132,40,0,1,2048,1,0,0.0,0.0,140.0,140.0,4,0,0,128,0,0,0
test,1099-0014.svg,569,156,0,4,2048,1,0,0.0,0.0,140.0,140.0,13,0,0,556,0,0,0
test,1100-0007.svg,217,30,0,1,2048,1,0,0.0,0.0,140.0,140.0,5,0,0,212,0,0,0
test,1100-0021.svg,254,36,0,2,2048,1,0,0.0,0.0,140.0,140.0,14,0,0,240,0,0,0
test,1101-0001.svg,1591,820,0,18,2048,1,0,0.0,0.0,140.0,140.0,37,6,0,1548,0,0,0
test,1101-0005.svg,2177,1423,0,21,2048,2,0,0.0,0.0,140.0,140.0,44,0,0,2133,0,0,0
test,1101-0013.svg,1827,1240,0,24,2048,1,0,0.0,0.0,140.0,140.0,30,6,0,1791,0,0,0
test,1101-0023.svg,6589,637,0,6,2048,4,0,0.0,0.0,140.0,140.0,69,0,0,6520,0,0,0
test,1102-0373.svg,598,251,0,1,2048,1,0,0.0,0.0,140.0,140.0,4,0,0,594,0,0,0
test,1102-0377.svg,525,93,0,1,2048,1,0,0.0,0.0,140.0,140.0,2,0,0,523,0,0,0
test,1103-0004.svg,253,11,0,1,2048,1,0,0.0,0.0,140.0,140.0,0,0,0,253,0,0,0
test,1104-0016.svg,310,136,0,5,2048,1,0,0.0,0.0,140.0,140.0,9,0,0,301,0,0,0
test,1105-0010.svg,1248,824,0,6,2048,1,0,0.0,0.0,140.0,140.0,21,5,0,1222,0,0,0
test,1105-0011.svg,766,406,0,8,2048,1,0,0.0,0.0,140.0,140.0,11,5,0,750,0,0,0
test,1105-0012.svg,488,166,0,6,2048,1,0,0.0,0.0,140.0,140.0,1,0,0,487,0,0,0
test,1105-0025.svg,1156,896,0,7,2048,1,0,0.0,0.0,140.0,140.0,20,5,0,1131,0,0,0
test,1106-0013.svg,8453,1814,0,21,2048,5,0,0.0,0.0,140.0,140.0,48,6,0,8399,0,0,0
test,1106-0019.svg,6263,1880,0,21,2048,4,0,0.0,0.0,140.0,140.0,54,0,0,6209,0,0,0
test,1107-0026.svg,1030,685,0,13,2048,1,0,0.0,0.0,140.0,140.0,15,6,0,1009,0,0,0
test,1107-0029.svg,2163,1293,0,19,2048,2,0,0.0,0.0,140.0,140.0,35,6,0,2122,0,0,0
test,1108-0003.svg,587,363,0,1,2048,1,0,0.0,0.0,140.0,140.0,7,0,0,580,0,0,0
test,1108-0006.svg,593,315,0,1,2048,1,0,0.0,0.0,140.0,140.0,7,0,0,586,0,0,0
test,1108-0012.svg,579,302,0,1,2048,1,0,0.0,0.0,140.0,140.0,8,0,0,571,0,0,0
test,1108-0015.svg,540,176,0,1,2048,1,0,0.0,0.0,140.0,140.0,6,0,0,534,0,0,0
test,1108-0018.svg,590,196,0,1,2048,1,0,0.0,0.0,140.0,140.0,6,0,0,584,0,0,0
test,1109-0051.svg,148,92,0,1,2048,1,0,0.0,0.0,140.0,140.0,0,0,0,148,0,0,0
test,1109-0081.svg,182,62,0,1,2048,1,0,0.0,0.0,140.0,140.0,0,0,0,182,0,0,0
test,1110-0004.svg,4000,1674,0,1,2048,2,0,0.0,0.0,140.0,140.0,0,0,0,4000,0,0,0
test,1110-0365.svg,219,58,0,1,2048,1,0,0.0,0.0,140.0,140.0,9,0,0,210,0,0,0
test,1110-0382.svg,211,64,0,1,2048,1,0,0.0,0.0,140.0,140.0,5,0,0,206,0,0,0
test,1113-0039.svg,128,42,0,1,2048,1,0,0.0,0.0,140.0,140.0,1,0,0,127,0,0,0
test,1114-0017.svg,271,119,0,1,2048,1,0,0.0,0.0,140.0,140.0,0,0,0,271,0,0,0
test,1114-0020.svg,361,170,0,1,2048,1,0,0.0,0.0,140.0,140.0,0,0,0,361,0,0,0
test,1114-0021.svg,458,252,0,6,2048,1,0,0.0,0.0,140.0,140.0,1,0,0,457,0,0,0
test,1114-0060.svg,460,241,0,4,2048,1,0,0.0,0.0,140.0,140.0,0,0,0,460,0,0,0
test,1114-0071.svg,3093,2543,0,8,2048,2,0,0.0,0.0,140.0,140.0,10,0,0,3083,0,0,0
test,1114-0085.svg,566,407,0,4,2048,1,0,0.0,0.0,140.0,140.0,1,0,0,565,0,0,0
test,1114-0087.svg,357,141,0,2,2048,1,0,0.0,0.0,140.0,140.0,2,0,0,355,0,0,0
test,1115-0014.svg,91,6,0,1,2048,1,0,0.0,0.0,140.0,140.0,0,0,0,91,0,0,0
test,1115-0015.svg,407,138,0,5,2048,1,0,0.0,0.0,140.0,140.0,7,0,0,400,0,0,0
test,1115-0021.svg,300,91,0,4,2048,1,0,0.0,0.0,140.0,140.0,6,0,0,294,0,0,0
test,1115-0032.svg,124,20,0,1,2048,1,0,0.0,0.0,140.0,140.0,2,0,0,122,0,0,0
test,1116-0001.svg,402,220,0,1,2048,1,0,0.0,0.0,140.0,140.0,5,0,0,397,0,0,0
test,1117-0068.svg,700,47,0,1,2048,1,0,0.0,0.0,140.0,140.0,0,0,0,700,0,0,0
test,1117-0073.svg,208,4,0,1,2048,1,0,0.0,0.0,140.0,140.0,1,0,0,207,0,0,0
test,1117-0081.svg,1046,779,0,8,2048,1,0,0.0,0.0,140.0,140.0,35,0,0,1011,0,0,0
test,1117-0082.svg,898,611,0,9,2048,1,0,0.0,0.0,140.0,140.0,32,0,0,866,0,0,0
test,1117-0089.svg,1673,696,0,7,2048,1,0,0.0,0.0,140.0,140.0,37,0,0,1636,0,0,0
test,1117-0091.svg,1008,339,0,3,2048,1,0,0.0,0.0,140.0,140.0,0,0,0,1008,0,0,0
test,1117-0100.svg,889,663,0,7,2048,1,0,0.0,0.0,140.0,140.0,16,0,0,873,0,0,0
test,1117-0101.svg,538,329,0,7,2048,1,0,0.0,0.0,140.0,140.0,1,0,0,537,0,0,0
test,1117-0106.svg,278,140,0,2,2048,1,0,0.0,0.0,140.0,140.0,2,0,0,276,0,0,0
test,1117-0128.svg,361,189,0,5,2048,1,0,0.0,0.0,140.0,140.0,5,0,0,356,0,0,0
test,1118-1976.svg,142,68,0,4,2048,1,0,0.0,0.0,140.0,140.0,0,0,0,142,0,0,0
test,1118-1977.svg,91,32,0,4,2048,1,0,0.0,0.0,140.0,140.0,1,0,0,90,0,0,0
test,1118-2296.svg,268,124,0,8,2048,1,0,0.0,0.0,140.0,140.0,0,0,0,268,0,0,0
test,1118-2303.svg,39,4,0,1,2048,1,0,0.0,0.0,140.0,140.0,1,0,0,38,0,0,0
test,1118-2407.svg,230,74,0,5,2048,1,0,0.0,0.0,140.0,140.0,0,0,0,230,0,0,0
test,1118-2619.svg,883,370,0,3,2048,1,0,0.0,0.0,140.0,140.0,33,0,0,850,0,0,0
test,1118-2622.svg,1129,620,0,8,2048,1,0,0.0,0.0,140.0,140.0,10,0,0,1119,0,0,0
test,1118-2727.svg,1707,315,0,7,2048,1,0,0.0,0.0,140.0,140.0,14,10,0,1683,0,0,0
test,1118-2728.svg,434,116,0,5,2048,1,0,0.0,0.0,140.0,140.0,6,0,0,428,0,0,0
test,1120-0003.svg,380,140,0,1,2048,1,0,0.0,0.0,140.0,140.0,0,0,0,380,0,0,0
test,1120-0009.svg,367,194,0,1,2048,1,0,0.0,0.0,140.0,140.0,0,0,0,367,0,0,0
test,1121-0006.svg,1153,203,0,7,2048,1,0,0.0,0.0,140.0,140.0,13,0,0,1140,0,0,0
test,1121-0029.svg,198,115,0,4,2048,1,0,0.0,0.0,140.0,140.0,2,0,0,196,0,0,0
test,1121-0034.svg,1793,372,0,4,2048,1,0,0.0,0.0,140.0,140.0,3,0,0,1790,0,0,0
test,1121-0048.svg,1862,233,0,4,2048,1,0,0.0,0.0,140.0,140.0,15,0,0,1847,0,0,0
test,1121-0050.svg,732,587,0,5,2048,1,0,0.0,0.0,140.0,140.0,0,0,0,732,0,0,0
test,1121-0062.svg,1741,402,0,8,2048,1,0,0.0,0.0,140.0,140.0,25,0,0,1716,0,0,0
test,1122-0010.svg,491,328,0,1,2048,1,0,0.0,0.0,140.0,140.0,0,0,0,491,0,0,0
test,1123-0011.svg,50,17,0,1,2048,1,0,0.0,0.0,140.0,140.0,0,0,0,50,0,0,0
test,1123-0035.svg,266,193,0,4,2048,1,0,0.0,0.0,140.0,140.0,2,0,0,264,0,0,0
test,1123-0038.svg,350,97,0,4,2048,1,0,0.0,0.0,140.0,140.0,0,0,0,350,0,0,0
test,1123-0051.svg,168,42,0,2,2048,1,0,0.0,0.0,140.0,140.0,0,0,0,168,0,0,0
test,1123-0057.svg,568,419,0,6,2048,1,0,0.0,0.0,140.0,140.0,25,2,0,541,0,0,0
test,1124-0007.svg,616,283,0,9,2048,1,0,0.0,0.0,140.0,140.0,7,0,0,609,0,0,0
test,1124-0011.svg,327,126,0,5,2048,1,0,0.0,0.0,140.0,140.0,4,0,0,323,0,0,0
test,1125-0004.svg,779,277,0,6,2048,1,0,0.0,0.0,140.0,140.0,17,0,0,762,0,0,0
test,1125-0005.svg,694,283,0,7,2048,1,0,0.0,0.0,140.0,140.0,15,0,0,679,0,0,0
test,1126-0010.svg,525,15,0,2,2048,1,0,0.0,0.0,140.0,140.0,1,0,0,524,0,0,0
test,1127-0000.svg,441,298,0,1,2048,1,0,0.0,0.0,140.0,140.0,6,0,0,435,0,0,0
test,1127-0004.svg,605,252,0,1,2048,1,0,0.0,0.0,140.0,140.0,7,0,0,598,0,0,0
test,1128-0038.svg,6072,575,0,6,2048,3,0,0.0,0.0,140.0,140.0,3,0,0,6069,0,0,0
test,1128-0051.svg,822,422,0,9,2048,1,0,0.0,0.0,140.0,140.0,3,0,0,819,0,0,0
test,1128-0064.svg,369,98,0,2,2048,1,0,0.0,0.0,140.0,140.0,0,0,0,369,0,0,0
test,1128-0091.svg,94,5,0,1,2048,1,0,0.0,0.0,140.0,140.0,1,0,0,93,0,0,0
test,1128-0099.svg,1335,108,0,5,2048,1,0,0.0,0.0,140.0,140.0,21,0,0,1314,0,0,0
test,1129-0008.svg,617,286,0,9,2048,1,0,0.0,0.0,140.0,140.0,3,0,0,614,0,0,0
test,1129-0015.svg,1006,621,0,8,2048,1,0,0.0,0.0,140.0,140.0,27,4,0,975,0,0,0
test,1131-0009.svg,584,330,0,7,2048,1,0,0.0,0.0,140.0,140.0,0,0,0,584,0,0,0
test,1131-0013.svg,1042,491,0,8,2048,1,0,0.0,0.0,140.0,140.0,10,0,0,1032,0,0,0
test,1132-0002.svg,319,203,0,5,2048,1,0,0.0,0.0,140.0,140.0,35,4,0,280,0,0,0
test,1132-0005.svg,87,49,0,3,2048,1,0,0.0,0.0,140.0,140.0,1,0,0,86,0,0,0
test,1132-0006.svg,962,722,0,11,2048,1,0,0.0,0.0,140.0,140.0,21,6,0,935,0,0,0
test,1132-0010.svg,126,72,0,4,2048,1,0,0.0,0.0,140.0,140.0,2,0,0,124,0,0,0
test,1132-0022.svg,309,186,0,4,2048,1,0,0.0,0.0,140.0,140.0,32,4,0,273,0,0,0
test,1132-0036.svg,793,481,0,9,2048,1,0,0.0,0.0,140.0,140.0,31,2,0,760,0,0,0
test,1133-0037.svg,9699,1309,0,3,2048,5,0,0.0,0.0,140.0,140.0,0,0,0,9699,0,0,0
test,1133-0040.svg,9971,576,0,4,2048,5,0,0.0,0.0,140.0,140.0,0,0,0,9971,0,0,0
test,1133-0071.svg,3087,486,0,7,2048,2,0,0.0,0.0,140.0,140.0,20,0,0,3067,0,0,0
test,1133-0074.svg,275,45,0,2,2048,1,0,0.0,0.0,140.0,140.0,1,0,0,274,0,0,0
test,1133-0075.svg,562,157,0,5,2048,1,0,0.0,0.0,140.0,140.0,1,0,0,561,0,0,0
test,1133-0078.svg,2686,1308,0,8,2048,2,0,0.0,0.0,140.0,140.0,13,0,0,2673,0,0,0
test,1133-0081.svg,492,178,0,4,2048,1,0,0.0,0.0,140.0,140.0,3,0,0,489,0,0,0
test,1133-0088.svg,581,241,0,4,2048,1,0,0.0,0.0,140.0,140.0,6,0,0,575,0,0,0
test,1133-0092.svg,1970,1516,0,6,2048,1,0,0.0,0.0,140.0,140.0,3,0,0,1967,0,0,0
test,1133-0093.svg,1361,742,0,6,2048,1,0,0.0,0.0,140.0,140.0,8,0,0,1353,0,0,0
test,1134-0026.svg,2499,1425,0,21,2048,2,0,0.0,0.0,140.0,140.0,32,4,0,2463,0,0,0
test,1134-0028.svg,856,718,0,16,2048,1,0,0.0,0.0,140.0,140.0,14,0,0,842,0,0,0
test,1135-0009.svg,995,454,0,5,2048,1,0,0.0,0.0,140.0,140.0,10,0,0,985,0,0,0
test,1135-0013.svg,926,406,0,6,2048,1,0,0.0,0.0,140.0,140.0,10,0,0,916,0,0,0
test,1135-0021.svg,663,216,0,3,2048,1,0,0.0,0.0,140.0,140.0,4,0,0,659,0,0,0
test,1136-0009.svg,424,56,0,1,2048,1,0,0.0,0.0,140.0,140.0,0,0,0,424,0,0,0
test,1138-0003.svg,1181,969,0,9,2048,1,0,0.0,0.0,140.0,140.0,28,5,0,1148,0,0,0
test,1138-0013.svg,636,361,0,6,2048,1,0,0.0,0.0,140.0,140.0,6,0,0,630,0,0,0
test,1138-0021.svg,209,72,0,3,2048,1,0,0.0,0.0,140.0,140.0,3,0,0,206,0,0,0
test,1139-0482.svg,53,34,0,2,2048,1,0,0.0,0.0,140.0,140.0,3,0,0,50,0,0,0
test,1139-0519.svg,109,72,0,4,2048,1,0,0.0,0.0,140.0,140.0,0,0,0,109,0,0,0
test,1139-0548.svg,45,31,0,2,2048,1,0,0.0,0.0,140.0,140.0,0,0,0,45,0,0,0
test,1139-0555.svg,83,38,0,1,2048,1,0,0.0,0.0,140.0,140.0,0,0,0,83,0,0,0
test,1139-0587.svg,436,394,0,2,2048,1,0,0.0,0.0,140.0,140.0,0,0,0,436,0,0,0
test,1139-0653.svg,830,810,0,5,2048,1,0,0.0,0.0,140.0,140.0,0,0,0,830,0,0,0
test,1139-0686.svg,714,649,0,5,2048,1,0,0.0,0.0,140.0,140.0,0,0,0,714,0,0,0
test,1139-0752.svg,106,50,0,3,2048,1,0,0.0,0.0,140.0,140.0,0,0,0,106,0,0,0
test,1139-0780.svg,57,17,0,1,2048,1,0,0.0,0.0,140.0,140.0,0,0,0,57,0,0,0
test,1139-0814.svg,112,82,0,3,2048,1,0,0.0,0.0,140.0,140.0,0,0,0,112,0,0,0
test,1139-0815.svg,73,43,0,2,2048,1,0,0.0,0.0,140.0,140.0,0,0,0,73,0,0,0
test,1139-0817.svg,247,135,0,4,2048,1,0,0.0,0.0,140.0,140.0,0,0,0,247,0,0,0
test,1139-0818.svg,212,103,0,5,2048,1,0,0.0,0.0,140.0,140.0,0,0,0,212,0,0,0
test,1139-0879.svg,402,323,0,6,2048,1,0,0.0,0.0,140.0,140.0,0,0,0,402,0,0,0
test,1139-0883.svg,131,63,0,3,2048,1,0,0.0,0.0,140.0,140.0,0,0,0,131,0,0,0
test,1139-0912.svg,601,520,0,7,2048,1,0,0.0,0.0,140.0,140.0,0,0,0,601,0,0,0
test,1139-0915.svg,1157,1150,0,2,2048,1,0,0.0,0.0,140.0,140.0,0,0,0,1157,0,0,0
test,1139-0950.svg,1016,978,0,2,2048,1,0,0.0,0.0,140.0,140.0,0,0,0,1016,0,0,0
test,1139-0981.svg,1630,1619,0,1,2048,1,0,0.0,0.0,140.0,140.0,0,0,0,1630,0,0,0
test,1139-0982.svg,1174,1107,0,3,2048,1,0,0.0,0.0,140.0,140.0,0,0,0,1174,0,0,0
test,1139-1013.svg,960,913,0,2,2048,1,0,0.0,0.0,140.0,140.0,0,0,0,960,0,0,0
test,1139-1017.svg,202,77,0,2,2048,1,0,0.0,0.0,140.0,140.0,0,0,0,202,0,0,0
test,1139-1043.svg,1153,1140,0,2,2048,1,0,0.0,0.0,140.0,140.0,0,0,0,1153,0,0,0
test,1139-1045.svg,1424,1421,0,1,2048,1,0,0.0,0.0,140.0,140.0,0,0,0,1424,0,0,0
test,1139-1048.svg,1299,1293,0,3,2048,1,0,0.0,0.0,140.0,140.0,0,0,0,1299,0,0,0
test,1139-1049.svg,665,639,0,3,2048,1,0,0.0,0.0,140.0,140.0,0,0,0,665,0,0,0
test,1139-1078.svg,2181,2178,0,1,2048,2,0,0.0,0.0,140.0,140.0,0,0,0,2181,0,0,0
test,1139-1081.svg,1269,1256,0,4,2048,1,0,0.0,0.0,140.0,140.0,0,0,0,1269,0,0,0
test,1139-1113.svg,1117,989,0,3,2048,1,0,0.0,0.0,140.0,140.0,0,0,0,1117,0,0,0
test,1140-0020.svg,19100,4987,0,3,2048,10,0,0.0,0.0,140.0,140.0,24,0,0,19076,0,0,0
test,1140-0041.svg,3553,489,0,10,2048,2,0,0.0,0.0,140.0,140.0,38,1,0,3514,0,0,0
test,1140-0042.svg,11415,302,0,6,2048,6,0,0.0,0.0,140.0,140.0,49,0,0,11366,0,0,0
test,1140-0049.svg,374,248,0,6,2048,1,0,0.0,0.0,140.0,140.0,8,0,0,366,0,0,0
test,1140-0050.svg,168,98,0,3,2048,1,0,0.0,0.0,140.0,140.0,3,0,0,165,0,0,0
test,1140-0068.svg,255,150,0,5,2048,1,0,0.0,0.0,140.0,140.0,3,0,0,252,0,0,0
test,1140-0070.svg,11133,224,0,1,2048,6,0,0.0,0.0,140.0,140.0,16,0,0,11117,0,0,0
test,1140-0086.svg,17028,171,0,4,2048,9,0,0.0,0.0,140.0,140.0,27,0,0,17001,0,0,0
test,1141-0004.svg,6465,1610,0,15,2048,4,0,0.0,0.0,140.0,140.0,51,0,0,6414,0,0,0
test,1141-0006.svg,5249,1289,0,18,2048,3,0,0.0,0.0,140.0,140.0,50,0,0,5199,0,0,0
test,1144-0010.svg,2697,1683,0,20,2048,2,0,0.0,0.0,140.0,140.0,47,0,0,2650,0,0,0
test,1146-0006.svg,1372,221,0,3,2048,1,0,0.0,0.0,140.0,140.0,0,0,0,1372,0,0,0
test,1146-0012.svg,819,516,0,5,2048,1,0,0.0,0.0,140.0,140.0,0,0,0,819,0,0,0
test,1146-0013.svg,1728,40,0,2,2048,1,0,0.0,0.0,140.0,140.0,3,0,0,1725,0,0,0
test,1146-0020.svg,1895,296,0,7,2048,1,0,0.0,0.0,140.0,140.0,2,0,0,1893,0,0,0
test,1146-0048.svg,1607,154,0,3,2048,1,0,0.0,0.0,140.0,140.0,1,0,0,1606,0,0,0
test,1146-0055.svg,1637,85,0,2,2048,1,0,0.0,0.0,140.0,140.0,2,0,0,1635,0,0,0
test,1147-0009.svg,875,428,0,5,2048,1,0,0.0,0.0,140.0,140.0,0,0,0,875,0,0,0
test,1147-0017.svg,399,155,0,4,2048,1,0,0.0,0.0,140.0,140.0,0,0,0,399,0,0,0
test,1148-0007.svg,2812,1766,0,19,2048,2,0,0.0,0.0,140.0,140.0,43,6,0,2763,0,0,0
test,1148-0012.svg,3183,2014,0,21,2048,2,0,0.0,0.0,140.0,140.0,47,0,0,3136,0,0,0
test,1148-0022.svg,3140,1776,0,21,2048,2,0,0.0,0.0,140.0,140.0,46,0,0,3094,0,0,0
test,1148-0028.svg,436,143,0,6,2048,1,0,0.0,0.0,140.0,140.0,11,3,0,422,0,0,0
test,1150-0017.svg,539,234,0,5,2048,1,0,0.0,0.0,140.0,140.0,1,0,0,538,0,0,0
test,1150-0018.svg,1134,536,0,10,2048,1,0,0.0,0.0,140.0,140.0,51,0,0,1083,0,0,0
test,1150-0021.svg,466,192,0,5,2048,1,0,0.0,0.0,140.0,140.0,1,0,0,465,0,0,0
test,1150-0035.svg,243,33,0,2,2048,1,0,0.0,0.0,140.0,140.0,4,0,0,239,0,0,0
test,1150-0053.svg,143,36,0,2,2048,1,0,0.0,0.0,140.0,140.0,3,0,0,140,0,0,0
test,1150-0058.svg,666,194,0,6,2048,1,0,0.0,0.0,140.0,140.0,20,0,0,646,0,0,0
test,1150-0061.svg,264,114,0,7,2048,1,0,0.0,0.0,140.0,140.0,2,0,0,262,0,0,0
test,1150-0066.svg,1180,575,0,10,2048,1,0,0.0,0.0,140.0,140.0,50,0,0,1130,0,0,0
test,1150-0069.svg,449,188,0,5,2048,1,0,0.0,0.0,140.0,140.0,1,0,0,448,0,0,0
test,1151-0010.svg,505,162,0,1,2048,1,0,0.0,0.0,140.0,140.0,0,0,0,505,0,0,0
test,1151-0016.svg,507,174,0,1,2048,1,0,0.0,0.0,140.0,140.0,0,0,0,507,0,0,0
test,1152-0029.svg,2704,2105,0,17,2048,2,0,0.0,0.0,140.0,140.0,40,0,0,2664,0,0,0
test,1152-0036.svg,2982,221,0,5,2048,2,0,0.0,0.0,140.0,140.0,5,0,0,2977,0,0,0
test,1153-0022.svg,1203,21,0,1,2048,1,0,0.0,0.0,140.0,140.0,63,0,0,1140,0,0,0
test,1153-0026.svg,596,90,0,2,2048,1,0,0.0,0.0,140.0,140.0,7,0,0,589,0,0,0
test,1153-0028.svg,262,2,0,1,2048,1,0,0.0,0.0,140.0,140.0,2,0,0,260,0,0,0
test,1154-0007.svg,616,310,0,9,2048,1,0,0.0,0.0,140.0,140.0,7,0,0,609,0,0,0
test,1155-0002.svg,45,28,0,2,2048,1,0,0.0,0.0,140.0,140.0,2,0,0,43,0,0,0
test,1155-0008.svg,30,3,0,1,2048,1,0,0.0,0.0,140.0,140.0,2,0,0,28,0,0,0
test,1156-0005.svg,210,149,0,4,2048,1,0,0.0,0.0,140.0,140.0,7,0,0,203,0,0,0
test,1156-0014.svg,448,387,0,5,2048,1,0,0.0,0.0,140.0,140.0,0,0,0,448,0,0,0
test,1156-0017.svg,462,342,0,5,2048,1,0,0.0,0.0,140.0,140.0,1,0,0,461,0,0,0
test,1158-0004.svg,6465,1683,0,16,2048,4,0,0.0,0.0,140.0,140.0,51,0,0,6414,0,0,0
test,1159-0006.svg,1019,713,0,11,2048,1,0,0.0,0.0,140.0,140.0,28,6,0,985,0,0,0
test,1159-0009.svg,768,255,0,6,2048,1,0,0.0,0.0,140.0,140.0,6,0,0,762,0,0,0
test,1159-0012.svg,608,464,0,7,2048,1,0,0.0,0.0,140.0,140.0,4,0,0,604,0,0,0
test,1159-0026.svg,986,430,0,4,2048,1,0,0.0,0.0,140.0,140.0,24,0,0,962,0,0,0
test,1159-0027.svg,451,155,0,5,2048,1,0,0.0,0.0,140.0,140.0,0,0,0,451,0,0,0
test,1159-0036.svg,688,541,0,6,2048,1,0,0.0,0.0,140.0,140.0,0,0,0,688,0,0,0
test,1159-0043.svg,726,389,0,7,2048,1,0,0.0,0.0,140.0,140.0,24,2,0,700,0,0,0
test,1160-0042.svg,1014,528,0,12,2048,1,0,0.0,0.0,140.0,140.0,16,0,0,998,0,0,0
test,1160-0043.svg,265,73,0,5,2048,1,0,0.0,0.0,140.0,140.0,8,0,0,257,0,0,0
test,1162-0004.svg,340,197,0,1,2048,1,0,0.0,0.0,140.0,140.0,0,0,0,340,0,0,0
test,1163-2347.svg,2446,2284,0,5,2048,2,0,0.0,0.0,140.0,140.0,134,0,0,2312,0,0,0
test,1163-2348.svg,5836,5702,0,7,2048,3,0,0.0,0.0,140.0,140.0,360,0,0,5476,0,0,0
test,1163-2426.svg,135,52,0,3,2048,1,0,0.0,0.0,140.0,140.0,0,0,0,135,0,0,0
test,1163-2427.svg,2456,2381,0,3,2048,2,0,0.0,0.0,140.0,140.0,152,0,0,2304,0,0,0
test,1163-2429.svg,4165,4005,0,4,2048,3,0,0.0,0.0,140.0,140.0,264,0,0,3901,0,0,0
test,1163-2430.svg,3476,3367,0,7,2048,2,0,0.0,0.0,140.0,140.0,243,0,0,3233,0,0,0
test,1163-2594.svg,350,246,0,5,2048,1,0,0.0,0.0,140.0,140.0,0,0,0,350,0,0,0
test,1163-2673.svg,356,216,0,4,2048,1,0,0.0,0.0,140.0,140.0,0,0,0,356,0,0,0
test,1163-2676.svg,226,179,0,7,2048,1,0,0.0,0.0,140.0,140.0,0,0,0,226,0,0,0
test,1163-2753.svg,161,96,0,5,2048,1,0,0.0,0.0,140.0,140.0,2,0,0,159,0,0,0
test,1163-2839.svg,221,24,0,2,2048,1,0,0.0,0.0,140.0,140.0,0,0,0,221,0,0,0
test,1163-2844.svg,119,64,0,1,2048,1,0,0.0,0.0,140.0,140.0,2,0,0,117,0,0,0
test,1163-3082.svg,590,173,0,3,2048,1,0,0.0,0.0,140.0,140.0,1,0,0,589,0,0,0
test,1163-3167.svg,542,202,0,6,2048,1,0,0.0,0.0,140.0,140.0,20,2,0,520,0,0,0
test,1163-3250.svg,381,184,0,5,2048,1,0,0.0,0.0,140.0,140.0,0,0,0,381,0,0,0
test,1163-3327.svg,455,264,0,3,2048,1,0,0.0,0.0,140.0,140.0,0,0,0,455,0,0,0
test,1163-3412.svg,173,24,0,2,2048,1,0,0.0,0.0,140.0,140.0,0,0,0,173,0,0,0
test,1163-3818.svg,394,234,0,5,2048,1,0,0.0,0.0,140.0,140.0,0,0,0,394,0,0,0
test,1163-3819.svg,924,663,0,7,2048,1,0,0.0,0.0,140.0,140.0,59,6,0,859,0,0,0
test,1165-0004.svg,262,55,0,1,2048,1,0,0.0,0.0,140.0,140.0,0,0,0,262,0,0,0
test,1165-0014.svg,98,18,0,1,2048,1,0,0.0,0.0,140.0,140.0,2,0,0,96,0,0,0
test,1166-0006.svg,464,289,0,4,2048,1,0,0.0,0.0,140.0,140.0,1,0,0,463,0,0,0
test,1167-0007.svg,2867,2592,0,16,2048,2,0,0.0,0.0,140.0,140.0,35,2,0,2830,0,0,0
test,1167-0009.svg,2029,1480,0,14,2048,1,0,0.0,0.0,140.0,140.0,23,2,0,2004,0,0,0
test,1168-0004.svg,158,58,0,4,2048,1,0,0.0,0.0,140.0,140.0,2,0,0,156,0,0,0
test,1168-0010.svg,326,116,0,4,2048,1,0,0.0,0.0,140.0,140.0,2,0,0,324,0,0,0
test,1168-0015.svg,1307,1023,0,8,2048,1,0,0.0,0.0,140.0,140.0,28,5,0,1274,0,0,0
test,1169-0011.svg,212,6,0,2,2048,1,0,0.0,0.0,140.0,140.0,10,0,0,202,0,0,0
test,1171-0005.svg,266,74,0,4,2048,1,0,0.0,0.0,140.0,140.0,7,0,0,259,0,0,0
test,1171-0007.svg,616,311,0,9,2048,1,0,0.0,0.0,140.0,140.0,7,0,0,609,0,0,0
test,1171-0020.svg,337,166,0,4,2048,1,0,0.0,0.0,140.0,140.0,3,0,0,334,0,0,0
test,1171-0025.svg,1237,643,0,6,2048,1,0,0.0,0.0,140.0,140.0,29,5,0,1203,0,0,0
test,1172-0013.svg,1682,317,0,5,2048,1,0,0.0,0.0,140.0,140.0,11,0,0,1671,0,0,0
test,1172-0020.svg,1595,405,0,5,2048,1,0,0.0,0.0,140.0,140.0,2,0,0,1593,0,0,0
test,1172-0033.svg,448,113,0,3,2048,1,0,0.0,0.0,140.0,140.0,1,0,0,447,0,0,0
test,1172-0034.svg,1771,417,0,3,2048,1,0,0.0,0.0,140.0,140.0,3,0,0,1768,0,0,0
test,1172-0041.svg,1557,664,0,8,2048,1,0,0.0,0.0,140.0,140.0,7,0,0,1550,0,0,0
test,1172-0048.svg,1903,559,0,8,2048,1,0,0.0,0.0,140.0,140.0,24,0,0,1879,0,0,0
test,1173-0004.svg,253,51,0,2,2048,1,0,0.0,0.0,140.0,140.0,0,0,0,253,0,0,0
test,1173-0006.svg,287,103,0,4,2048,1,0,0.0,0.0,140.0,140.0,2,0,0,285,0,0,0
test,1174-0027.svg,464,141,0,7,2048,1,0,0.0,0.0,140.0,140.0,5,0,0,459,0,0,0
test,1174-0048.svg,410,220,0,6,2048,1,0,0.0,0.0,140.0,140.0,2,0,0,408,0,0,0
test,1174-0080.svg,601,388,0,8,2048,1,0,0.0,0.0,140.0,140.0,3,0,0,598,0,0,0
test,1174-0085.svg,3023,725,0,9,2048,2,0,0.0,0.0,140.0,140.0,19,12,0,2992,0,0,0
test,1174-0092.svg,2136,547,0,12,2048,2,0,0.0,0.0,140.0,140.0,13,14,0,2109,0,0,0
test,1174-0103.svg,178,32,0,2,2048,1,0,0.0,0.0,140.0,140.0,0,0,0,178,0,0,0
test,1174-0113.svg,1483,942,0,5,2048,1,0,0.0,0.0,140.0,140.0,0,0,0,1483,0,0,0
test,1174-0133.svg,265,150,0,1,2048,1,0,0.0,0.0,140.0,140.0,1,0,0,264,0,0,0
test,1174-0163.svg,212,30,0,1,2048,1,0,0.0,0.0,140.0,140.0,3,0,0,209,0,0,0
test,1174-0165.svg,213,27,0,2,2048,1,0,0.0,0.0,140.0,140.0,0,0,0,213,0,0,0
test,1174-0182.svg,306,27,0,3,2048,1,0,0.0,0.0,140.0,140.0,1,0,0,305,0,0,0
test,1175-0006.svg,1159,327,0,6,2048,1,0,0.0,0.0,140.0,140.0,21,0,0,1138,0,0,0
test,1176-0008.svg,590,344,0,6,2048,1,0,0.0,0.0,140.0,140.0,6,0,0,584,0,0,0
test,1176-0031.svg,887,679,0,7,2048,1,0,0.0,0.0,140.0,140.0,4,0,0,883,0,0,0
test,1176-0036.svg,544,325,0,9,2048,1,0,0.0,0.0,140.0,140.0,8,0,0,536,0,0,0
test,1177-0027.svg,1609,51,0,1,2048,1,0,0.0,0.0,140.0,140.0,0,0,0,1609,0,0,0
test,1177-0030.svg,153,48,0,1,2048,1,0,0.0,0.0,140.0,140.0,0,0,0,153,0,0,0
test,1177-0051.svg,613,21,0,1,2048,1,0,0.0,0.0,140.0,140.0,0,0,0,613,0,0,0
test,1177-0079.svg,978,13,0,1,2048,1,0,0.0,0.0,140.0,140.0,0,0,0,978,0,0,0
test,1177-0094.svg,926,12,0,1,2048,1,0,0.0,0.0,140.0,140.0,0,0,0,926,0,0,0
test,1177-0112.svg,19,2,0,1,2048,1,0,0.0,0.0,140.0,140.0,0,0,0,19,0,0,0
test,1178-0013.svg,8453,1918,0,21,2048,5,0,0.0,0.0,140.0,140.0,48,6,0,8399,0,0,0
test,1178-0015.svg,5606,835,0,15,2048,3,0,0.0,0.0,140.0,140.0,18,0,0,5588,0,0,0
test,1179-0009.svg,308,105,0,3,2048,1,0,0.0,0.0,140.0,140.0,1,0,0,307,0,0,0
test,1180-0015.svg,869,700,0,9,2048,1,0,0.0,0.0,140.0,140.0,10,1,0,858,0,0,0
test,1180-0027.svg,1895,356,0,4,2048,1,0,0.0,0.0,140.0,140.0,2,0,0,1893,0,0,0
test,1180-0029.svg,172,91,0,5,2048,1,0,0.0,0.0,140.0,140.0,0,0,0,172,0,0,0
test,1180-0041.svg,1931,792,0,9,2048,1,0,0.0,0.0,140.0,140.0,12,0,0,1919,0,0,0
test,1181-0008.svg,617,290,0,8,2048,1,0,0.0,0.0,140.0,140.0,3,0,0,614,0,0,0
test,1181-0009.svg,1164,790,0,10,2048,1,0,0.0,0.0,140.0,140.0,39,4,0,1121,0,0,0
test,1181-0014.svg,751,329,0,9,2048,1,0,0.0,0.0,140.0,140.0,8,0,0,743,0,0,0
test,1181-0016.svg,303,138,0,5,2048,1,0,0.0,0.0,140.0,140.0,5,0,0,298,0,0,0
test,1181-0018.svg,1183,757,0,7,2048,1,0,0.0,0.0,140.0,140.0,21,0,0,1162,0,0,0
test,1182-0002.svg,183,24,0,2,2048,1,0,0.0,0.0,140.0,140.0,2,0,0,181,0,0,0
test,1182-0012.svg,410,220,0,7,2048,1,0,0.0,0.0,140.0,140.0,5,0,0,405,0,0,0
test,1183-0002.svg,192,63,0,4,2048,1,0,0.0,0.0,140.0,140.0,4,0,0,188,0,0,0
test,1183-0017.svg,595,211,0,7,2048,1,0,0.0,0.0,140.0,140.0,11,0,0,584,0,0,0
test,1185-0003.svg,282,108,0,6,2048,1,0,0.0,0.0,140.0,140.0,5,0,0,277,0,0,0
test,1185-0007.svg,562,212,0,7,2048,1,0,0.0,0.0,140.0,140.0,7,0,0,555,0,0,0
test,1185-0016.svg,771,272,0,7,2048,1,0,0.0,0.0,140.0,140.0,17,0,0,754,0,0,0
test,1186-0004.svg,2831,1677,0,21,2048,2,0,0.0,0.0,140.0,140.0,46,0,0,2785,0,0,0
test,1188-0280.svg,408,128,0,1,2048,1,0,0.0,0.0,140.0,140.0,7,0,0,401,0,0,0
test,1188-0286.svg,409,99,0,1,2048,1,0,0.0,0.0,140.0,140.0,6,0,0,403,0,0,0
test,1189-0004.svg,559,315,0,1,2048,1,0,0.0,0.0,140.0,140.0,9,0,0,550,0,0,0
test,1189-0006.svg,561,102,0,1,2048,1,0,0.0,0.0,140.0,140.0,8,0,0,553,0,0,0
test,1189-0008.svg,468,166,0,2,2048,1,0,0.0,0.0,140.0,140.0,6,0,0,462,0,0,0
test,1189-0012.svg,476,165,0,1,2048,1,0,0.0,0.0,140.0,140.0,6,0,0,470,0,0,0
test,1190-0017.svg,812,400,0,7,2048,1,0,0.0,0.0,140.0,140.0,9,0,0,803,0,0,0
test,1190-0024.svg,559,237,0,7,2048,1,0,0.0,0.0,140.0,140.0,12,0,0,547,0,0,0
test,1190-0025.svg,733,349,0,5,2048,1,0,0.0,0.0,140.0,140.0,12,0,0,721,0,0,0
test,1190-0031.svg,1303,19,0,2,2048,1,0,0.0,0.0,140.0,140.0,2,0,0,1301,0,0,0
test,1190-0045.svg,1196,112,0,4,2048,1,0,0.0,0.0,140.0,140.0,6,0,0,1190,0,0,0
test,1190-0054.svg,431,112,0,3,2048,1,0,0.0,0.0,140.0,140.0,5,0,0,426,0,0,0
test,1191-0006.svg,595,382,0,1,2048,1,0,0.0,0.0,140.0,140.0,8,0,0,587,0,0,0
test,1192-0002.svg,5227,1557,0,19,2048,3,0,0.0,0.0,140.0,140.0,47,0,0,5180,0,0,0
test,1192-0006.svg,5249,1264,0,19,2048,3,0,0.0,0.0,140.0,140.0,50,0,0,5199,0,0,0
test,1193-0006.svg,346,184,0,1,2048,1,0,0.0,0.0,140.0,140.0,0,0,0,346,0,0,0
test,1194-0008.svg,1833,683,0,13,2048,1,0,0.0,0.0,140.0,140.0,22,0,0,1811,0,0,0
test,1194-0012.svg,1733,811,0,13,2048,1,0,0.0,0.0,140.0,140.0,18,0,0,1715,0,0,0
test,1197-0024.svg,2830,1888,0,21,2048,2,0,0.0,0.0,140.0,140.0,45,0,0,2785,0,0,0
test,1197-0045.svg,1350,477,0,11,2048,1,0,0.0,0.0,140.0,140.0,33,0,0,1317,0,0,0
test,1198-0037.svg,428,179,0,6,2048,1,0,0.0,0.0,140.0,140.0,15,2,0,411,0,0,0
test,1200-0008.svg,1237,791,0,8,2048,1,0,0.0,0.0,140.0,140.0,32,4,0,1201,0,0,0
test,1200-0011.svg,766,410,0,9,2048,1,0,0.0,0.0,140.0,140.0,11,5,0,750,0,0,0
test,1200-0016.svg,577,419,0,7,2048,1,0,0.0,0.0,140.0,140.0,8,1,0,568,0,0,0
test,1200-0020.svg,365,144,0,4,2048,1,0,0.0,0.0,140.0,140.0,3,0,0,362,0,0,0
test,1201-0005.svg,305,63,0,1,2048,1,0,0.0,0.0,140.0,140.0,0,0,0,305,0,0,0
test,1202-0003.svg,1201,969,0,9,2048,1,0,0.0,0.0,140.0,140.0,28,5,0,1168,0,0,0
test,1202-0006.svg,329,180,0,5,2048,1,0,0.0,0.0,140.0,140.0,0,0,0,329,0,0,0
test,1202-0013.svg,605,410,0,7,2048,1,0,0.0,0.0,140.0,140.0,4,0,0,601,0,0,0
test,1202-0020.svg,337,170,0,5,2048,1,0,0.0,0.0,140.0,140.0,3,0,0,334,0,0,0
test,1203-0006.svg,253,105,0,5,2048,1,0,0.0,0.0,140.0,140.0,4,0,0,249,0,0,0
test,1203-0021.svg,238,119,0,4,2048,1,0,0.0,0.0,140.0,140.0,6,0,0,232,0,0,0
test,1204-0000.svg,327,187,0,1,2048,1,0,0.0,0.0,140.0,140.0,0,0,0,327,0,0,0
test,1205-0010.svg,282,60,0,1,2048,1,0,0.0,0.0,140.0,140.0,6,0,0,276,0,0,0
test,1206-0031.svg,840,670,0,7,2048,1,0,0.0,0.0,140.0,140.0,4,0,0,836,0,0,0
test,1206-0038.svg,213,109,0,3,2048,1,0,0.0,0.0,140.0,140.0,0,0,0,213,0,0,0
test,1207-0008.svg,1110,826,0,8,2048,1,0,0.0,0.0,140.0,140.0,31,4,0,1075,0,0,0
test,1207-0011.svg,327,136,0,6,2048,1,0,0.0,0.0,140.0,140.0,4,0,0,323,0,0,0
test,1207-0012.svg,410,228,0,7,2048,1,0,0.0,0.0,140.0,140.0,5,0,0,405,0,0,0
test,1207-0026.svg,466,146,0,5,2048,1,0,0.0,0.0,140.0,140.0,14,5,0,447,0,0,0
test,1208-0003.svg,1181,901,0,8,2048,1,0,0.0,0.0,140.0,140.0,28,5,0,1148,0,0,0
test,1208-0009.svg,278,42,0,3,2048,1,0,0.0,0.0,140.0,140.0,7,0,0,271,0,0,0
test,1208-0015.svg,1245,917,0,8,2048,1,0,0.0,0.0,140.0,140.0,17,1,0,1227,0,0,0
test,1208-0025.svg,1156,660,0,6,2048,1,0,0.0,0.0,140.0,140.0,20,5,0,1131,0,0,0
test,1208-0026.svg,622,407,0,6,2048,1,0,0.0,0.0,140.0,140.0,12,5,0,605,0,0,0
test,1209-0003.svg,1201,873,0,7,2048,1,0,0.0,0.0,140.0,140.0,28,5,0,1168,0,0,0
test,1209-0004.svg,158,40,0,2,2048,1,0,0.0,0.0,140.0,140.0,2,0,0,156,0,0,0
test,1209-0012.svg,410,220,0,8,2048,1,0,0.0,0.0,140.0,140.0,5,0,0,405,0,0,0
test,1210-0079.svg,484,30,0,2,2048,1,0,0.0,0.0,140.0,140.0,0,0,0,484,0,0,0
test,1210-0093.svg,631,38,0,1,2048,1,0,0.0,0.0,140.0,140.0,2,0,0,629,0,0,0
test,1210-0104.svg,1071,682,0,6,2048,1,0,0.0,0.0,140.0,140.0,8,0,0,1063,0,0,0
test,1210-0118.svg,484,176,0,5,2048,1,0,0.0,0.0,140.0,140.0,8,0,0,476,0,0,0
test,1210-0119.svg,1017,591,0,8,2048,1,0,0.0,0.0,140.0,140.0,9,0,0,1008,0,0,0
test,1210-0120.svg,1586,1332,0,8,2048,1,0,0.0,0.0,140.0,140.0,10,0,0,1576,0,0,0
test,1210-0130.svg,44,2,0,1,2048,1,0,0.0,0.0,140.0,140.0,2,0,0,42,0,0,0
test,1210-0144.svg,561,389,0,6,2048,1,0,0.0,0.0,140.0,140.0,0,0,0,561,0,0,0
test,1210-0145.svg,183,78,0,1,2048,1,0,0.0,0.0,140.0,140.0,0,0,0,183,0,0,0
test,1210-0161.svg,1183,184,0,3,2048,1,0,0.0,0.0,140.0,140.0,0,0,0,1183,0,0,0
test,1210-0162.svg,302,55,0,3,2048,1,0,0.0,0.0,140.0,140.0,0,0,0,302,0,0,0
test,1210-0171.svg,133,51,0,2,2048,1,0,0.0,0.0,140.0,140.0,3,0,0,130,0,0,0
test,1210-0176.svg,382,155,0,5,2048,1,0,0.0,0.0,140.0,140.0,2,0,0,380,0,0,0
test,1210-0178.svg,122,31,0,2,2048,1,0,0.0,0.0,140.0,140.0,0,0,0,122,0,0,0
test,1210-0179.svg,52,13,0,2,2048,1,0,0.0,0.0,140.0,140.0,2,0,0,50,0,0,0
test,1212-0001.svg,278,153,0,1,2048,1,0,0.0,0.0,140.0,140.0,4,0,0,274,0,0,0
test,1213-0013.svg,2744,1527,0,20,2048,2,0,0.0,0.0,140.0,140.0,42,6,0,2696,0,0,0
test,1213-0024.svg,2830,1993,0,22,2048,2,0,0.0,0.0,140.0,140.0,45,0,0,2785,0,0,0
test,1213-0046.svg,2793,1690,0,21,2048,2,0,0.0,0.0,140.0,140.0,44,0,0,2749,0,0,0
test,1213-0057.svg,1862,1114,0,17,2048,1,0,0.0,0.0,140.0,140.0,44,6,0,1812,0,0,0
test,1215-0007.svg,2763,1612,0,20,2048,2,0,0.0,0.0,140.0,140.0,43,6,0,2714,0,0,0
test,1215-0033.svg,7519,28,0,1,2048,4,0,0.0,0.0,140.0,140.0,3,0,0,7516,0,0,0
test,1217-0012.svg,3183,1790,0,21,2048,2,0,0.0,0.0,140.0,140.0,47,0,0,3136,0,0,0
test,1217-0017.svg,3386,2118,0,21,2048,2,0,0.0,0.0,140.0,140.0,49,12,0,3325,0,0,0
test,1217-0027.svg,1855,1150,0,17,2048,1,0,0.0,0.0,140.0,140.0,43,6,0,1806,0,0,0
test,1218-0005.svg,789,417,0,6,2048,1,0,0.0,0.0,140.0,140.0,3,0,0,786,0,0,0
test,1218-0009.svg,928,472,0,6,2048,1,0,0.0,0.0,140.0,140.0,9,0,0,919,0,0,0
test,1218-0019.svg,2693,133,0,3,2048,2,0,0.0,0.0,140.0,140.0,7,0,0,2686,0,0,0
test,1218-0021.svg,642,212,0,4,2048,1,0,0.0,0.0,140.0,140.0,3,0,0,639,0,0,0
test,1219-0004.svg,415,59,0,1,2048,1,0,0.0,0.0,140.0,140.0,7,0,0,408,0,0,0
test,1220-0007.svg,1517,1065,0,15,2048,1,0,0.0,0.0,140.0,140.0,10,0,0,1507,0,0,0
test,1220-0014.svg,691,514,0,11,2048,1,0,0.0,0.0,140.0,140.0,4,0,0,687,0,0,0
test,1221-0016.svg,7563,1610,0,3,2048,4,0,0.0,0.0,140.0,140.0,0,0,0,7563,0,0,0
test,1221-0030.svg,634,260,0,7,2048,1,0,0.0,0.0,140.0,140.0,3,0,0,631,0,0,0
test,1221-0042.svg,151,5,0,1,2048,1,0,0.0,0.0,140.0,140.0,0,0,0,151,0,0,0
test,1221-0054.svg,626,207,0,7,2048,1,0,0.0,0.0,140.0,140.0,3,0,0,623,0,0,0
test,1221-0073.svg,822,212,0,4,2048,1,0,0.0,0.0,140.0,140.0,7,0,0,815,0,0,0
test,1221-0079.svg,693,91,0,4,2048,1,0,0.0,0.0,140.0,140.0,9,0,0,684,0,0,0
test,1221-0080.svg,678,79,0,3,2048,1,0,0.0,0.0,140.0,140.0,6,0,0,672,0,0,0
test,1222-0012.svg,473,149,0,1,2048,1,0,0.0,0.0,140.0,140.0,6,0,0,467,0,0,0
test,1222-0014.svg,513,163,0,1,2048,1,0,0.0,0.0,140.0,140.0,6,0,0,507,0,0,0
test,1223-0013.svg,330,13,0,2,2048,1,0,0.0,0.0,140.0,140.0,2,0,0,328,0,0,0
test,1224-0006.svg,958,265,0,7,2048,1,0,0.0,0.0,140.0,140.0,21,0,0,937,0,0,0
test,1224-0012.svg,3183,1909,0,22,2048,2,0,0.0,0.0,140.0,140.0,47,0,0,3136,0,0,0
test,1224-0034.svg,4736,812,0,10,2048,3,0,0.0,0.0,140.0,140.0,42,0,0,4694,0,0,0
test,1225-0039.svg,7667,675,0,3,2048,4,0,0.0,0.0,140.0,140.0,1,0,0,7666,0,0,0
test,1225-0053.svg,418,125,0,4,2048,1,0,0.0,0.0,140.0,140.0,5,0,0,413,0,0,0
test,1225-0054.svg,2952,80,0,3,2048,2,0,0.0,0.0,140.0,140.0,2,0,0,2950,0,0,0
test,1225-0078.svg,2686,1434,0,11,2048,2,0,0.0,0.0,140.0,140.0,13,0,0,2673,0,0,0
test,1225-0082.svg,592,265,0,9,2048,1,0,0.0,0.0,140.0,140.0,3,0,0,589,0,0,0
test,1225-0085.svg,2440,2383,0,5,2048,2,0,0.0,0.0,140.0,140.0,1,0,0,2439,0,0,0
test,1225-0088.svg,581,176,0,6,2048,1,0,0.0,0.0,140.0,140.0,6,0,0,575,0,0,0
test,1225-0100.svg,773,88,0,3,2048,1,0,0.0,0.0,140.0,140.0,12,0,0,761,0,0,0
test,1226-0003.svg,2242,1634,0,17,2048,2,0,0.0,0.0,140.0,140.0,52,0,0,2190,0,0,0
test,1227-0004.svg,179,18,0,1,2048,1,0,0.0,0.0,140.0,140.0,6,0,0,173,0,0,0
test,1227-0014.svg,159,52,0,1,2048,1,0,0.0,0.0,140.0,140.0,5,0,0,154,0,0,0
test,1228-0114.svg,234,98,0,3,2048,1,0,0.0,0.0,140.0,140.0,0,0,0,234,0,0,0
test,1228-0117.svg,969,303,0,6,2048,1,0,0.0,0.0,140.0,140.0,6,0,0,963,0,0,0
test,1228-0237.svg,382,172,0,4,2048,1,0,0.0,0.0,140.0,140.0,0,0,0,382,0,0,0
test,1228-0274.svg,154,43,0,3,2048,1,0,0.0,0.0,140.0,140.0,2,0,0,152,0,0,0
test,1228-0422.svg,243,131,0,4,2048,1,0,0.0,0.0,140.0,140.0,1,0,0,242,0,0,0
test,1228-0430.svg,190,119,0,5,2048,1,0,0.0,0.0,140.0,140.0,1,0,0,189,0,0,0
test,1228-0458.svg,153,43,0,2,2048,1,0,0.0,0.0,140.0,140.0,0,0,0,153,0,0,0
test,1228-0459.svg,878,650,0,9,2048,1,0,0.0,0.0,140.0,140.0,9,0,0,869,0,0,0
test,1228-0460.svg,2759,1811,0,8,2048,2,0,0.0,0.0,140.0,140.0,47,0,0,2712,0,0,0
test,1228-0578.svg,420,178,0,3,2048,1,0,0.0,0.0,140.0,140.0,0,0,0,420,0,0,0
test,1228-0641.svg,370,150,0,3,2048,1,0,0.0,0.0,140.0,140.0,0,0,0,370,0,0,0
test,1228-0671.svg,753,312,0,6,2048,1,0,0.0,0.0,140.0,140.0,1,0,0,752,0,0,0
test,1228-0672.svg,903,644,0,5,2048,1,0,0.0,0.0,140.0,140.0,1,0,0,902,0,0,0
test,1229-1538.svg,84,21,0,3,2048,1,0,0.0,0.0,140.0,140.0,0,0,0,84,0,0,0
test,1229-1598.svg,243,25,0,3,2048,1,0,0.0,0.0,140.0,140.0,0,0,0,243,0,0,0
test,1229-1602.svg,188,30,0,2,2048,1,0,0.0,0.0,140.0,140.0,1,0,0,187,0,0,0
test,1229-1719.svg,221,70,0,3,2048,1,0,0.0,0.0,140.0,140.0,0,0,0,221,0,0,0
test,1229-1958.svg,288,45,0,3,2048,1,0,0.0,0.0,140.0,140.0,0,0,0,288,0,0,0
test,1229-2084.svg,98,4,0,1,2048,1,0,0.0,0.0,140.0,140.0,0,0,0,98,0,0,0
test,1229-2137.svg,369,198,0,3,2048,1,0,0.0,0.0,140.0,140.0,0,0,0,369,0,0,0
test,1229-2256.svg,314,175,0,4,2048,1,0,0.0,0.0,140.0,140.0,0,0,0,314,0,0,0
test,1229-2259.svg,155,34,0,2,2048,1,0,0.0,0.0,140.0,140.0,0,0,0,155,0,0,0
test,1229-2441.svg,236,31,0,2,2048,1,0,0.0,0.0,140.0,140.0,0,0,0,236,0,0,0
test,1229-2618.svg,204,146,0,4,2048,1,0,0.0,0.0,140.0,140.0,0,0,0,204,0,0,0
test,1229-2675.svg,147,59,0,4,2048,1,0,0.0,0.0,140.0,140.0,1,0,0,146,0,0,0
test,1229-2677.svg,107,46,0,2,2048,1,0,0.0,0.0,140.0,140.0,0,0,0,107,0,0,0
test,1229-2680.svg,91,35,0,3,2048,1,0,0.0,0.0,140.0,140.0,1,0,0,90,0,0,0
test,1230-0000.svg,461,298,0,1,2048,1,0,0.0,0.0,140.0,140.0,6,0,0,455,0,0,0
test,1230-0006.svg,595,382,0,1,2048,1,0,0.0,0.0,140.0,140.0,8,0,0,587,0,0,0
test,1231-0000.svg,485,326,0,1,2048,1,0,0.0,0.0,140.0,140.0,0,0,0,485,0,0,0
test,1233-0005.svg,492,328,0,1,2048,1,0,0.0,0.0,140.0,140.0,0,0,0,492,0,0,0
test,1233-0008.svg,206,44,0,1,2048,1,0,0.0,0.0,140.0,140.0,8,0,0,198,0,0,0
test,1233-0017.svg,416,134,0,1,2048,1,0,0.0,0.0,140.0,140.0,0,0,0,416,0,0,0
test,1235-0001.svg,469,315,0,8,2048,1,0,0.0,0.0,140.0,140.0,24,1,0,444,0,0,0
test,1235-0013.svg,400,283,0,4,2048,1,0,0.0,0.0,140.0,140.0,60,12,0,328,0,0,0
test,1235-0026.svg,655,592,0,4,2048,1,0,0.0,0.0,140.0,140.0,0,0,0,655,0,0,0
test,1235-0036.svg,793,514,0,10,2048,1,0,0.0,0.0,140.0,140.0,31,2,0,760,0,0,0
test,1235-0038.svg,265,102,0,4,2048,1,0,0.0,0.0,140.0,140.0,0,0,0,265,0,0,0
test,1236-0006.svg,171,17,0,2,2048,1,0,0.0,0.0,140.0,140.0,10,0,0,161,0,0,0
test,1236-0012.svg,386,15,0,2,2048,1,0,0.0,0.0,140.0,140.0,5,0,0,381,0,0,0
test,1236-0021.svg,254,40,0,3,2048,1,0,0.0,0.0,140.0,140.0,14,0,0,240,0,0,0
test,1236-0022.svg,386,9,0,1,2048,1,0,0.0,0.0,140.0,140.0,7,0,0,379,0,0,0
test,1238-0010.svg,472,215,0,6,2048,1,0,0.0,0.0,140.0,140.0,3,0,0,469,0,0,0
test,1239-1225.svg,24,7,0,1,2048,1,0,0.0,0.0,140.0,140.0,0,0,0,24,0,0,0
test,1240-0010.svg,522,355,0,1,2048,1,0,0.0,0.0,140.0,140.0,0,0,0,522,0,0,0
test,1241-0009.svg,1164,793,0,10,2048,1,0,0.0,0.0,140.0,140.0,39,4,0,1121,0,0,0
test,1241-0012.svg,415,110,0,4,2048,1,0,0.0,0.0,140.0,140.0,5,0,0,410,0,0,0
test,1242-0003.svg,1016,684,0,11,2048,1,0,0.0,0.0,140.0,140.0,6,0,0,1010,0,0,0
test,1242-0006.svg,486,294,0,4,2048,1,0,0.0,0.0,140.0,140.0,1,0,0,485,0,0,0
test,1244-2052.svg,70,2,0,1,2048,1,0,0.0,0.0,140.0,140.0,0,0,0,70,0,0,0
test,1244-2054.svg,50,16,0,2,2048,1,0,0.0,0.0,140.0,140.0,2,0,0,48,0,0,0
test,1244-2164.svg,315,85,0,5,2048,1,0,0.0,0.0,140.0,140.0,0,0,0,315,0,0,0
test,1244-2268.svg,66,3,0,1,2048,1,0,0.0,0.0,140.0,140.0,0,0,0,66,0,0,0
test,1244-2274.svg,337,287,0,6,2048,1,0,0.0,0.0,140.0,140.0,0,0,0,337,0,0,0
test,1244-2324.svg,102,21,0,2,2048,1,0,0.0,0.0,140.0,140.0,0,0,0,102,0,0,0
test,1245-0010.svg,505,215,0,1,2048,1,0,0.0,0.0,140.0,140.0,0,0,0,505,0,0,0
test,1245-0014.svg,510,219,0,1,2048,1,0,0.0,0.0,140.0,140.0,0,0,0,510,0,0,0
test,1246-0093.svg,718,44,0,3,2048,1,0,0.0,0.0,140.0,140.0,0,0,0,718,0,0,0
test,1246-0139.svg,984,147,0,2,2048,1,0,0.0,0.0,140.0,140.0,1,0,0,983,0,0,0
test,1246-0148.svg,612,10,0,1,2048,1,0,0.0,0.0,140.0,140.0,4,0,0,608,0,0,0
test,1249-0007.svg,114,12,0,2,2048,1,0,0.0,0.0,140.0,140.0,4,0,0,110,0,0,0
test,1249-0011.svg,180,20,0,2,2048,1,0,0.0,0.0,140.0,140.0,4,0,0,176,0,0,0
test,1250-0012.svg,386,83,0,3,2048,1,0,0.0,0.0,140.0,140.0,5,0,0,381,0,0,0
test,1251-0016.svg,483,304,0,7,2048,1,0,0.0,0.0,140.0,140.0,7,0,0,476,0,0,0
test,1251-0027.svg,464,316,0,8,2048,1,0,0.0,0.0,140.0,140.0,7,0,0,457,0,0,0
test,1251-0031.svg,865,675,0,7,2048,1,0,0.0,0.0,140.0,140.0,4,0,0,861,0,0,0
test,1252-0037.svg,436,193,0,7,2048,1,0,0.0,0.0,140.0,140.0,15,2,0,419,0,0,0
test,1253-0008.svg,617,281,0,9,2048,1,0,0.0,0.0,140.0,140.0,3,0,0,614,0,0,0
test,1253-0015.svg,1006,606,0,9,2048,1,0,0.0,0.0,140.0,140.0,27,4,0,975,0,0,0
test,1253-0016.svg,303,125,0,4,2048,1,0,0.0,0.0,140.0,140.0,5,0,0,298,0,0,0
test,1253-0024.svg,460,177,0,6,2048,1,0,0.0,0.0,140.0,140.0,6,0,0,454,0,0,0
test,1253-0030.svg,1089,720,0,6,2048,1,0,0.0,0.0,140.0,140.0,22,0,0,1067,0,0,0
test,1254-0010.svg,522,355,0,1,2048,1,0,0.0,0.0,140.0,140.0,0,0,0,522,0,0,0
test,1255-0003.svg,1242,961,0,10,2048,1,0,0.0,0.0,140.0,140.0,28,5,0,1209,0,0,0
test,1255-0006.svg,420,190,0,8,2048,1,0,0.0,0.0,140.0,140.0,17,0,0,403,0,0,0
test,1255-0007.svg,509,237,0,6,2048,1,0,0.0,0.0,140.0,140.0,5,2,0,502,0,0,0
test,1255-0008.svg,617,270,0,9,2048,1,0,0.0,0.0,140.0,140.0,3,0,0,614,0,0,0
test,1255-0016.svg,303,138,0,5,2048,1,0,0.0,0.0,140.0,140.0,5,0,0,298,0,0,0
test,1256-0928.svg,313,157,0,4,2048,1,0,0.0,0.0,140.0,140.0,1,0,0,312,0,0,0
test,1256-1298.svg,24,6,0,1,2048,1,0,0.0,0.0,140.0,140.0,0,0,0,24,0,0,0
test,1256-2037.svg,92,2,0,1,2048,1,0,0.0,0.0,140.0,140.0,0,0,0,92,0,0,0
test,1258-0003.svg,1008,674,0,12,2048,1,0,0.0,0.0,140.0,140.0,6,0,0,1002,0,0,0
test,1259-0008.svg,1101,770,0,9,2048,1,0,0.0,0.0,140.0,140.0,37,6,0,1058,0,0,0
test,1259-0011.svg,676,171,0,6,2048,1,0,0.0,0.0,140.0,140.0,6,0,0,670,0,0,0
test,1259-0033.svg,496,41,0,4,2048,1,0,0.0,0.0,140.0,140.0,0,0,0,496,0,0,0
test,1259-0055.svg,1642,60,0,1,2048,1,0,0.0,0.0,140.0,140.0,2,0,0,1640,0,0,0
test,1260-0059.svg,417,118,0,2,2048,1,0,0.0,0.0,140.0,140.0,3,0,0,414,0,0,0
test,1260-0071.svg,570,189,0,4,2048,1,0,0.0,0.0,140.0,140.0,3,0,0,567,0,0,0
test,1260-0080.svg,1524,1169,0,8,2048,1,0,0.0,0.0,140.0,140.0,57,0,0,1467,0,0,0
test,1260-0081.svg,548,399,0,7,2048,1,0,0.0,0.0,140.0,140.0,0,0,0,548,0,0,0
test,1261-0006.svg,253,134,0,1,2048,1,0,0.0,0.0,140.0,140.0,0,0,0,253,0,0,0
test,1261-0012.svg,153,56,0,1,2048,1,0,0.0,0.0,140.0,140.0,0,0,0,153,0,0,0
test,1261-0017.svg,356,34,0,1,2048,1,0,0.0,0.0,140.0,140.0,0,0,0,356,0,0,0
test,1261-0039.svg,189,121,0,1,2048,1,0,0.0,0.0,140.0,140.0,0,0,0,189,0,0,0
test,1261-0047.svg,165,84,0,1,2048,1,0,0.0,0.0,140.0,140.0,0,0,0,165,0,0,0
test,1261-0051.svg,126,7,0,1,2048,1,0,0.0,0.0,140.0,140.0,0,0,0,126,0,0,0
test,1261-0068.svg,195,114,0,1,2048,1,0,0.0,0.0,140.0,140.0,0,0,0,195,0,0,0
test,1261-0079.svg,205,126,0,1,2048,1,0,0.0,0.0,140.0,140.0,0,0,0,205,0,0,0
test,1261-0083.svg,164,112,0,1,2048,1,0,0.0,0.0,140.0,140.0,0,0,0,164,0,0,0
test,1261-0094.svg,173,102,0,1,2048,1,0,0.0,0.0,140.0,140.0,0,0,0,173,0,0,0
test,1261-0126.svg,218,111,0,1,2048,1,0,0.0,0.0,140.0,140.0,0,0,0,218,0,0,0
test,1261-0128.svg,207,50,0,1,2048,1,0,0.0,0.0,140.0,140.0,0,0,0,207,0,0,0
test,1261-0140.svg,316,50,0,1,2048,1,0,0.0,0.0,140.0,140.0,0,0,0,316,0,0,0
test,1261-0146.svg,173,117,0,1,2048,1,0,0.0,0.0,140.0,140.0,0,0,0,173,0,0,0
test,1262-0049.svg,161,105,0,4,2048,1,0,0.0,0.0,140.0,140.0,1,0,0,160,0,0,0
test,1262-0225.svg,423,287,0,5,2048,1,0,0.0,0.0,140.0,140.0,1,0,0,422,0,0,0
test,1262-0306.svg,308,160,0,5,2048,1,0,0.0,0.0,140.0,140.0,1,0,0,307,0,0,0
test,1262-0347.svg,2717,1448,0,8,2048,2,0,0.0,0.0,140.0,140.0,70,0,0,2647,0,0,0
test,1262-0605.svg,568,180,0,3,2048,1,0,0.0,0.0,140.0,140.0,0,0,0,568,0,0,0
test,1262-0691.svg,2659,1708,0,9,2048,2,0,0.0,0.0,140.0,140.0,49,1,0,2609,0,0,0
test,1262-0734.svg,2250,858,0,9,2048,2,0,0.0,0.0,140.0,140.0,24,1,0,2225,0,0,0
test,1262-0777.svg,1070,314,0,5,2048,1,0,0.0,0.0,140.0,140.0,1,0,0,1069,0,0,0
test,1263-0050.svg,637,377,0,6,2048,1,0,0.0,0.0,140.0,140.0,4,0,0,633,0,0,0
test,1263-0052.svg,151,77,0,3,2048,1,0,0.0,0.0,140.0,140.0,0,0,0,151,0,0,0
test,1264-0002.svg,151,43,0,1,2048,1,0,0.0,0.0,140.0,140.0,7,0,0,144,0,0,0
test,1265-0003.svg,1201,928,0,9,2048,1,0,0.0,0.0,140.0,140.0,28,5,0,1168,0,0,0
test,1265-0007.svg,616,317,0,9,2048,1,0,0.0,0.0,140.0,140.0,7,0,0,609,0,0,0
test,1265-0015.svg,1307,1003,0,9,2048,1,0,0.0,0.0,140.0,140.0,28,5,0,1274,0,0,0
test,1267-0003.svg,401,70,0,1,2048,1,0,0.0,0.0,140.0,140.0,6,0,0,395,0,0,0
test,1269-0288.svg,405,88,0,1,2048,1,0,0.0,0.0,140.0,140.0,5,0,0,400,0,0,0
test,1269-0294.svg,423,97,0,1,2048,1,0,0.0,0.0,140.0,140.0,5,0,0,418,0,0,0
test,1269-0300.svg,418,166,0,1,2048,1,0,0.0,0.0,140.0,140.0,2,0,0,416,0,0,0
test,1269-0306.svg,393,82,0,1,2048,1,0,0.0,0.0,140.0,140.0,2,0,0,391,0,0,0
test,1269-0310.svg,348,72,0,1,2048,1,0,0.0,0.0,140.0,140.0,7,0,0,341,0,0,0
test,1270-0011.svg,89,18,0,1,2048,1,0,0.0,0.0,140.0,140.0,8,0,0,81,0,0,0
test,1271-2140.svg,250,155,0,6,2048,1,0,0.0,0.0,140.0,140.0,0,0,0,250,0,0,0
test,1271-2235.svg,389,255,0,6,2048,1,0,0.0,0.0,140.0,140.0,0,0,0,389,0,0,0
test,1271-2240.svg,237,135,0,6,2048,1,0,0.0,0.0,140.0,140.0,1,0,0,236,0,0,0
test,1272-0004.svg,683,284,0,8,2048,1,0,0.0,0.0,140.0,140.0,5,0,0,678,0,0,0
test,1273-0009.svg,768,255,0,6,2048,1,0,0.0,0.0,140.0,140.0,6,0,0,762,0,0,0
test,1273-0013.svg,584,318,0,8,2048,1,0,0.0,0.0,140.0,140.0,7,0,0,577,0,0,0
test,1273-0019.svg,241,61,0,4,2048,1,0,0.0,0.0,140.0,140.0,3,0,0,238,0,0,0
test,1273-0024.svg,107,41,0,3,2048,1,0,0.0,0.0,140.0,140.0,0,0,0,107,0,0,0
test,1273-0026.svg,986,430,0,4,2048,1,0,0.0,0.0,140.0,140.0,24,0,0,962,0,0,0
test,1273-0030.svg,406,270,0,4,2048,1,0,0.0,0.0,140.0,140.0,0,0,0,406,0,0,0
test,1273-0044.svg,811,329,0,5,2048,1,0,0.0,0.0,140.0,140.0,18,0,0,793,0,0,0
test,1274-0038.svg,769,266,0,5,2048,1,0,0.0,0.0,140.0,140.0,4,0,0,765,0,0,0
test,1274-0073.svg,847,507,0,8,2048,1,0,0.0,0.0,140.0,140.0,2,0,0,845,0,0,0
test,1274-0093.svg,3247,480,0,6,2048,2,0,0.0,0.0,140.0,140.0,12,0,0,3235,0,0,0
test,1274-0111.svg,1640,551,0,5,2048,1,0,0.0,0.0,140.0,140.0,3,0,0,1637,0,0,0
test,1275-0003.svg,1000,691,0,10,2048,1,0,0.0,0.0,140.0,140.0,6,0,0,994,0,0,0
test,1276-0012.svg,644,34,0,1,2048,1,0,0.0,0.0,140.0,140.0,0,0,0,644,0,0,0
test,1276-0034.svg,1707,266,0,4,2048,1,0,0.0,0.0,140.0,140.0,2,0,0,1705,0,0,0
test,1276-0041.svg,1334,39,0,2,2048,1,0,0.0,0.0,140.0,140.0,3,2,0,1329,0,0,0
test,1276-0043.svg,844,590,0,5,2048,1,0,0.0,0.0,140.0,140.0,0,0,0,844,0,0,0
test,1276-0048.svg,1382,55,0,2,2048,1,0,0.0,0.0,140.0,140.0,1,0,0,1381,0,0,0
test,1276-0050.svg,724,431,0,6,2048,1,0,0.0,0.0,140.0,140.0,4,0,0,720,0,0,0
test,1276-0055.svg,1399,109,0,3,2048,1,0,0.0,0.0,140.0,140.0,2,2,0,1395,0,0,0
test,1278-0008.svg,439,204,0,5,2048,1,0,0.0,0.0,140.0,140.0,0,0,0,439,0,0,0
test,1278-0017.svg,492,262,0,6,2048,1,0,0.0,0.0,140.0,140.0,2,0,0,490,0,0,0
test,1279-0004.svg,407,128,0,1,2048,1,0,0.0,0.0,140.0,140.0,6,0,0,401,0,0,0
test,1280-0003.svg,148,45,0,4,2048,1,0,0.0,0.0,140.0,140.0,4,0,0,144,0,0,0
test,1280-0026.svg,655,586,0,4,2048,1,0,0.0,0.0,140.0,140.0,0,0,0,655,0,0,0
test,1281-0001.svg,154,18,0,2,2048,1,0,0.0,0.0,140.0,140.0,0,0,0,154,0,0,0
test,1281-0005.svg,352,13,0,2,2048,1,0,0.0,0.0,140.0,140.0,4,0,0,348,0,0,0
test,1281-0009.svg,230,4,0,1,2048,1,0,0.0,0.0,140.0,140.0,3,0,0,227,0,0,0
test,1281-0013.svg,330,11,0,1,2048,1,0,0.0,0.0,140.0,140.0,2,0,0,328,0,0,0
test,1283-0003.svg,1137,768,0,11,2048,1,0,0.0,0.0,140.0,140.0,24,0,0,1113,0,0,0
test,1284-0006.svg,115,58,0,4,2048,1,0,0.0,0.0,140.0,140.0,0,0,0,115,0,0,0
test,1284-0009.svg,315,209,0,3,2048,1,0,0.0,0.0,140.0,140.0,0,0,0,315,0,0,0
test,1284-0013.svg,744,540,0,9,2048,1,0,0.0,0.0,140.0,140.0,10,0,0,734,0,0,0
test,1284-0014.svg,502,353,0,7,2048,1,0,0.0,0.0,140.0,140.0,0,0,0,502,0,0,0
test,1284-0018.svg,228,136,0,5,2048,1,0,0.0,0.0,140.0,140.0,0,0,0,228,0,0,0
test,1284-0019.svg,264,66,0,4,2048,1,0,0.0,0.0,140.0,140.0,0,0,0,264,0,0,0
test,1285-0006.svg,490,91,0,1,2048,1,0,0.0,0.0,140.0,140.0,0,0,0,490,0,0,0
test,1285-0008.svg,482,90,0,1,2048,1,0,0.0,0.0,140.0,140.0,0,0,0,482,0,0,0
test,1287-0017.svg,662,496,0,8,2048,1,0,0.0,0.0,140.0,140.0,0,0,0,662,0,0,0
test,1288-0004.svg,2831,1675,0,21,2048,2,0,0.0,0.0,140.0,140.0,46,0,0,2785,0,0,0
test,1288-0010.svg,2795,1682,0,21,2048,2,0,0.0,0.0,140.0,140.0,46,0,0,2749,0,0,0
test,1289-0007.svg,2985,1983,0,17,2048,2,0,0.0,0.0,140.0,140.0,54,6,0,2925,0,0,0
test,1290-0013.svg,507,146,0,4,2048,1,0,0.0,0.0,140.0,140.0,12,0,0,495,0,0,0
test,1290-0024.svg,1104,220,0,5,2048,1,0,0.0,0.0,140.0,140.0,16,0,0,1088,0,0,0
test,1291-0016.svg,1225,317,0,6,2048,1,0,0.0,0.0,140.0,140.0,24,0,0,1201,0,0,0
test,1291-0021.svg,1366,328,0,5,2048,1,0,0.0,0.0,140.0,140.0,28,0,0,1338,0,0,0
test,1291-0022.svg,3140,1681,0,20,2048,2,0,0.0,0.0,140.0,140.0,46,0,0,3094,0,0,0
test,1292-0003.svg,1181,955,0,9,2048,1,0,0.0,0.0,140.0,140.0,28,5,0,1148,0,0,0
test,1292-0008.svg,1237,830,0,8,2048,1,0,0.0,0.0,140.0,140.0,32,4,0,1201,0,0,0
test,1292-0010.svg,1248,899,0,8,2048,1,0,0.0,0.0,140.0,140.0,21,5,0,1222,0,0,0
test,1292-0015.svg,1245,940,0,9,2048,1,0,0.0,0.0,140.0,140.0,17,1,0,1227,0,0,0
test,1292-0020.svg,365,143,0,4,2048,1,0,0.0,0.0,140.0,140.0,3,0,0,362,0,0,0
test,1293-0046.svg,772,213,0,5,2048,1,0,0.0,0.0,140.0,140.0,3,0,0,769,0,0,0
test,1293-0067.svg,824,592,0,1,2048,1,0,0.0,0.0,140.0,140.0,0,0,0,824,0,0,0
test,1293-0081.svg,1891,648,0,8,2048,1,0,0.0,0.0,140.0,140.0,25,0,0,1866,0,0,0
test,1293-0082.svg,1083,790,0,9,2048,1,0,0.0,0.0,140.0,140.0,53,0,0,1030,0,0,0
test,1293-0100.svg,991,375,0,6,2048,1,0,0.0,0.0,140.0,140.0,16,0,0,975,0,0,0
test,1293-0139.svg,982,430,0,5,2048,1,0,0.0,0.0,140.0,140.0,1,0,0,981,0,0,0
test,1294-0008.svg,191,48,0,3,2048,1,0,0.0,0.0,140.0,140.0,0,0,0,191,0,0,0
test,1294-0026.svg,655,592,0,4,2048,1,0,0.0,0.0,140.0,140.0,0,0,0,655,0,0,0
test,1294-0038.svg,160,62,0,3,2048,1,0,0.0,0.0,140.0,140.0,0,0,0,160,0,0,0
test,1295-0002.svg,301,163,0,1,2048,1,0,0.0,0.0,140.0,140.0,4,0,0,297,0,0,0
test,1296-0002.svg,299,162,0,6,2048,1,0,0.0,0.0,140.0,140.0,8,0,0,291,0,0,0
test,1296-0012.svg,1038,655,0,9,2048,1,0,0.0,0.0,140.0,140.0,12,0,0,1026,0,0,0
test,1296-0031.svg,865,654,0,7,2048,1,0,0.0,0.0,140.0,140.0,4,0,0,861,0,0,0
test,1296-0036.svg,541,325,0,9,2048,1,0,0.0,0.0,140.0,140.0,8,0,0,533,0,0,0
test,1299-1132.svg,641,40,0,1,2048,1,0,0.0,0.0,140.0,140.0,3,0,0,638,0,0,0
test,1299-1316.svg,368,169,0,4,2048,1,0,0.0,0.0,140.0,140.0,4,0,0,364,0,0,0
test,1299-1321.svg,365,169,0,6,2048,1,0,0.0,0.0,140.0,140.0,5,0,0,360,0,0,0
test,1299-1510.svg,1259,783,0,9,2048,1,0,0.0,0.0,140.0,140.0,37,0,0,1222,0,0,0
test,1299-1512.svg,496,182,0,6,2048,1,0,0.0,0.0,140.0,140.0,7,0,0,489,0,0,0
test,1299-1700.svg,403,174,0,5,2048,1,0,0.0,0.0,140.0,140.0,1,0,0,402,0,0,0
test,1299-1886.svg,462,267,0,5,2048,1,0,0.0,0.0,140.0,140.0,18,0,0,444,0,0,0
test,1299-2461.svg,563,192,0,3,2048,1,0,0.0,0.0,140.0,140.0,5,0,0,558,0,0,0
test,1299-2651.svg,357,123,0,3,2048,1,0,0.0,0.0,140.0,140.0,4,0,0,353,0,0,0
test,1299-2652.svg,360,81,0,4,2048,1,0,0.0,0.0,140.0,140.0,2,0,0,358,0,0,0
test,1301-0007.svg,309,34,0,2,2048,1,0,0.0,0.0,140.0,140.0,0,0,0,309,0,0,0
test,1301-0008.svg,372,140,0,3,2048,1,0,0.0,0.0,140.0,140.0,0,0,0,372,0,0,0
test,1301-0009.svg,875,430,0,6,2048,1,0,0.0,0.0,140.0,140.0,0,0,0,875,0,0,0
test,1301-0012.svg,462,254,0,4,2048,1,0,0.0,0.0,140.0,140.0,0,0,0,462,0,0,0
test,1302-0006.svg,994,744,0,10,2048,1,0,0.0,0.0,140.0,140.0,21,6,0,967,0,0,0
test,1302-0013.svg,416,283,0,4,2048,1,0,0.0,0.0,140.0,140.0,60,12,0,344,0,0,0
test,1302-0022.svg,331,182,0,3,2048,1,0,0.0,0.0,140.0,140.0,32,4,0,295,0,0,0
test,1302-0028.svg,397,286,0,4,2048,1,0,0.0,0.0,140.0,140.0,60,12,0,325,0,0,0
test,1302-0031.svg,879,700,0,7,2048,1,0,0.0,0.0,140.0,140.0,4,0,0,875,0,0,0
test,1302-0036.svg,801,503,0,10,2048,1,0,0.0,0.0,140.0,140.0,31,2,0,768,0,0,0
test,1303-0015.svg,107,81,0,2,2048,1,0,0.0,0.0,140.0,140.0,2,0,0,105,0,0,0
test,1303-0045.svg,170,2,0,1,2048,1,0,0.0,0.0,140.0,140.0,0,0,0,170,0,0,0
test,1304-0005.svg,551,244,0,1,2048,1,0,0.0,0.0,140.0,140.0,0,0,0,551,0,0,0
test,1304-0009.svg,545,186,0,1,2048,1,0,0.0,0.0,140.0,140.0,0,0,0,545,0,0,0
test,1304-0017.svg,454,244,0,1,2048,1,0,0.0,0.0,140.0,140.0,0,0,0,454,0,0,0
test,1305-0004.svg,379,233,0,1,2048,1,0,0.0,0.0,140.0,140.0,8,0,0,371,0,0,0
test,1305-0008.svg,425,195,0,1,2048,1,0,0.0,0.0,140.0,140.0,8,0,0,417,0,0,0
test,1306-0065.svg,133,15,0,1,2048,1,0,0.0,0.0,140.0,140.0,0,0,0,133,0,0,0
test,1306-0109.svg,878,8,0,1,2048,1,0,0.0,0.0,140.0,140.0,0,0,0,878,0,0,0
test,1306-0124.svg,100,12,0,1,2048,1,0,0.0,0.0,140.0,140.0,0,0,0,100,0,0,0
test,1306-0128.svg,918,42,0,1,2048,1,0,0.0,0.0,140.0,140.0,0,0,0,918,0,0,0
test,1306-0131.svg,344,86,0,1,2048,1,0,0.0,0.0,140.0,140.0,0,0,0,344,0,0,0
test,1306-0147.svg,1208,49,0,2,2048,1,0,0.0,0.0,140.0,140.0,0,0,0,1208,0,0,0
test,1306-0151.svg,377,101,0,1,2048,1,0,0.0,0.0,140.0,140.0,0,0,0,377,0,0,0
test,1306-0152.svg,96,46,0,1,2048,1,0,0.0,0.0,140.0,140.0,0,0,0,96,0,0,0
test,1306-0155.svg,901,50,0,1,2048,1,0,0.0,0.0,140.0,140.0,0,0,0,901,0,0,0
test,1306-0172.svg,113,49,0,1,2048,1,0,0.0,0.0,140.0,140.0,0,0,0,113,0,0,0
test,1307-0022.svg,139,42,0,2,2048,1,0,0.0,0.0,140.0,140.0,0,0,0,139,0,0,0
test,1307-0031.svg,802,661,0,7,2048,1,0,0.0,0.0,140.0,140.0,4,0,0,798,0,0,0
test,1308-0003.svg,372,182,0,1,2048,1,0,0.0,0.0,140.0,140.0,0,0,0,372,0,0,0
test,1308-0006.svg,349,178,0,1,2048,1,0,0.0,0.0,140.0,140.0,0,0,0,349,0,0,0
test,1309-0022.svg,100,6,0,1,2048,1,0,0.0,0.0,140.0,140.0,3,0,0,97,0,0,0
test,1309-0031.svg,75,7,0,1,2048,1,0,0.0,0.0,140.0,140.0,2,0,0,73,0,0,0
test,1310-0005.svg,310,43,0,1,2048,1,0,0.0,0.0,140.0,140.0,0,12,0,298,0,0,0
test,1312-0040.svg,9971,585,0,2,2048,5,0,0.0,0.0,140.0,140.0,0,0,0,9971,0,0,0
test,1312-0092.svg,1970,1660,0,5,2048,1,0,0.0,0.0,140.0,140.0,3,0,0,1967,0,0,0
test,1312-0093.svg,1361,766,0,6,2048,1,0,0.0,0.0,140.0,140.0,8,0,0,1353,0,0,0
test,1312-0095.svg,674,112,0,5,2048,1,0,0.0,0.0,140.0,140.0,4,0,0,670,0,0,0
test,1312-0106.svg,529,12,0,2,2048,1,0,0.0,0.0,140.0,140.0,5,0,0,524,0,0,0
test,1313-0008.svg,712,310,0,8,2048,1,0,0.0,0.0,140.0,140.0,12,3,0,697,0,0,0
test,1313-0012.svg,1314,524,0,10,2048,1,0,0.0,0.0,140.0,140.0,15,0,0,1299,0,0,0
test,1314-0002.svg,299,182,0,7,2048,1,0,0.0,0.0,140.0,140.0,8,0,0,291,0,0,0
test,1314-0022.svg,1027,583,0,7,2048,1,0,0.0,0.0,140.0,140.0,20,0,0,1007,0,0,0
test,1314-0036.svg,541,277,0,8,2048,1,0,0.0,0.0,140.0,140.0,8,0,0,533,0,0,0
test,1314-0037.svg,529,322,0,6,2048,1,0,0.0,0.0,140.0,140.0,8,0,0,521,0,0,0
test,1315-0004.svg,555,245,0,7,2048,1,0,0.0,0.0,140.0,140.0,6,0,0,549,0,0,0
test,1315-0007.svg,208,41,0,2,2048,1,0,0.0,0.0,140.0,140.0,4,0,0,204,0,0,0
test,1316-0009.svg,74,52,0,2,2048,1,0,0.0,0.0,140.0,140.0,2,0,0,72,0,0,0
test,1316-0012.svg,687,60,0,4,2048,1,0,0.0,0.0,140.0,140.0,0,0,0,687,0,0,0
test,1316-0049.svg,389,194,0,6,2048,1,0,0.0,0.0,140.0,140.0,3,0,0,386,0,0,0
test,1316-0057.svg,245,110,0,5,2048,1,0,0.0,0.0,140.0,140.0,3,0,0,242,0,0,0
test,1316-0063.svg,209,101,0,3,2048,1,0,0.0,0.0,140.0,140.0,1,0,0,208,0,0,0
test,1316-0066.svg,156,110,0,2,2048,1,0,0.0,0.0,140.0,140.0,0,0,0,156,0,0,0
test,1317-0002.svg,109,6,0,1,2048,1,0,0.0,0.0,140.0,140.0,10,0,0,99,0,0,0
test,1317-0007.svg,217,30,0,1,2048,1,0,0.0,0.0,140.0,140.0,5,0,0,212,0,0,0
test,1317-0012.svg,386,74,0,3,2048,1,0,0.0,0.0,140.0,140.0,5,0,0,381,0,0,0
test,1318-0003.svg,230,66,0,1,2048,1,0,0.0,0.0,140.0,140.0,3,0,0,227,0,0,0
test,1318-0023.svg,101,12,0,1,2048,1,0,0.0,0.0,140.0,140.0,8,0,0,93,0,0,0
test,1319-0021.svg,3950,3145,0,22,2048,2,0,0.0,0.0,140.0,140.0,65,12,0,3873,0,0,0
test,1319-0029.svg,2163,1231,0,18,2048,2,0,0.0,0.0,140.0,140.0,35,6,0,2122,0,0,0
test,1320-0003.svg,1137,750,0,10,2048,1,0,0.0,0.0,140.0,140.0,24,0,0,1113,0,0,0
test,1320-0006.svg,473,293,0,5,2048,1,0,0.0,0.0,140.0,140.0,7,0,0,466,0,0,0
test,1321-0021.svg,466,192,0,5,2048,1,0,0.0,0.0,140.0,140.0,1,0,0,465,0,0,0
test,1321-0025.svg,321,105,0,6,2048,1,0,0.0,0.0,140.0,140.0,3,0,0,318,0,0,0
test,1321-0033.svg,233,41,0,3,2048,1,0,0.0,0.0,140.0,140.0,3,0,0,230,0,0,0
test,1321-0057.svg,357,160,0,7,2048,1,0,0.0,0.0,140.0,140.0,3,0,0,354,0,0,0
test,1321-0067.svg,411,99,0,4,2048,1,0,0.0,0.0,140.0,140.0,2,0,0,409,0,0,0
test,1322-0004.svg,2410,1659,0,22,2048,2,0,0.0,0.0,140.0,140.0,47,0,0,2363,0,0,0
test,1323-0004.svg,2721,1672,0,21,2048,2,0,0.0,0.0,140.0,140.0,47,0,0,2674,0,0,0
test,1323-0007.svg,3109,2049,0,16,2048,2,0,0.0,0.0,140.0,140.0,66,12,0,3031,0,0,0
test,1324-0012.svg,386,67,0,3,2048,1,0,0.0,0.0,140.0,140.0,5,0,0,381,0,0,0
test,1324-0016.svg,175,20,0,1,2048,1,0,0.0,0.0,140.0,140.0,8,0,0,167,0,0,0
test,1325-0007.svg,338,146,0,1,2048,1,0,0.0,0.0,140.0,140.0,3,0,0,335,0,0,0
test,1326-0029.svg,6047,1665,0,13,2048,3,0,0.0,0.0,140.0,140.0,77,0,0,5970,0,0,0
test,1327-0043.svg,3409,113,0,3,2048,2,0,0.0,0.0,140.0,140.0,3,0,0,3406,0,0,0
test,1327-0054.svg,1767,445,0,9,2048,1,0,0.0,0.0,140.0,140.0,26,0,0,1741,0,0,0
test,1327-0067.svg,2013,130,0,5,2048,1,0,0.0,0.0,140.0,140.0,7,0,0,2006,0,0,0
test,1327-0104.svg,580,442,0,5,2048,1,0,0.0,0.0,140.0,140.0,5,0,0,575,0,0,0
test,1328-0010.svg,1248,895,0,8,2048,1,0,0.0,0.0,140.0,140.0,21,5,0,1222,0,0,0
test,1328-0015.svg,1245,975,0,9,2048,1,0,0.0,0.0,140.0,140.0,17,1,0,1227,0,0,0
test,1332-0015.svg,751,332,0,7,2048,1,0,0.0,0.0,140.0,140.0,6,0,0,745,0,0,0
test,1332-0021.svg,223,199,0,6,2048,1,0,0.0,0.0,140.0,140.0,0,0,0,223,0,0,0
test,1332-0023.svg,196,100,0,2,2048,1,0,0.0,0.0,140.0,140.0,0,0,0,196,0,0,0
test,1332-0033.svg,132,87,0,2,2048,1,0,0.0,0.0,140.0,140.0,1,0,0,131,0,0,0
test,1332-0057.svg,386,291,0,7,2048,1,0,0.0,0.0,140.0,140.0,4,0,0,382,0,0,0
test,1332-0059.svg,88,54,0,2,2048,1,0,0.0,0.0,140.0,140.0,0,0,0,88,0,0,0
